asset_id,category,family,piece,scope,priority,status,art_missing,current_art,implemented_in,requirement_id,notes
req-anti-aircraft-aa-state,board-ui,Anti-aircraft/lander area,AA-state,base-game,high,missing,yes,,,anti-aircraft,Dedicated board-information treatment is missing.
req-anti-aircraft-available,board-ui,Anti-aircraft/lander area,available,base-game,high,missing,yes,,,anti-aircraft,Dedicated board-information treatment is missing.
req-anti-aircraft-escaped,board-ui,Anti-aircraft/lander area,escaped,base-game,high,missing,yes,,,anti-aircraft,Dedicated board-information treatment is missing.
req-anti-aircraft-lander-arrival,board-ui,Anti-aircraft/lander area,lander-arrival,base-game,high,missing,yes,,,anti-aircraft,Dedicated board-information treatment is missing.
req-anti-aircraft-launch,board-ui,Anti-aircraft/lander area,launch,base-game,high,missing,yes,,,anti-aircraft,Dedicated board-information treatment is missing.
req-anti-aircraft-unavailable,board-ui,Anti-aircraft/lander area,unavailable,base-game,high,missing,yes,,,anti-aircraft,Dedicated board-information treatment is missing.
req-computer-room-available,board-ui,Computer terminal room indicator,available,base-game,high,complete,no,../../js/render.js,../../js/render.js;../../js/ui.js,computer-room,Functional board/HUD treatment; bespoke illustration may still be needed.
req-computer-room-broken,board-ui,Computer terminal room indicator,broken,base-game,high,complete,no,../../js/render.js,../../js/render.js;../../js/ui.js,computer-room,Functional board/HUD treatment; bespoke illustration may still be needed.
req-computer-room-offline,board-ui,Computer terminal room indicator,offline,base-game,high,missing,yes,,,computer-room,Dedicated board-information treatment is missing.
req-computer-room-used,board-ui,Computer terminal room indicator,used,base-game,high,missing,yes,,,computer-room,Dedicated board-information treatment is missing.
req-intruder-board-queen-health,board-ui,Intruder and Queen board,Queen-health,base-game,high,missing,yes,,,intruder-board,Dedicated board-information treatment is missing.
req-intruder-board-bag-development,board-ui,Intruder and Queen board,bag-development,base-game,high,missing,yes,,,intruder-board,Dedicated board-information treatment is missing.
req-intruder-board-health,board-ui,Intruder and Queen board,health,base-game,high,missing,yes,,,intruder-board,Dedicated board-information treatment is missing.
req-intruder-board-pool,board-ui,Intruder and Queen board,pool,base-game,high,missing,yes,,,intruder-board,Dedicated board-information treatment is missing.
req-intruder-board-weaknesses,board-ui,Intruder and Queen board,weaknesses,base-game,high,missing,yes,,,intruder-board,Dedicated board-information treatment is missing.
req-objective-track-choice-position,board-ui,Objective choice/progress track,choice-position,base-game,high,partial,partial,../../js/render.js,../../js/render.js;../../js/ui.js,objective-track,Functional board/HUD treatment; bespoke illustration may still be needed.
req-objective-track-locked,board-ui,Objective choice/progress track,locked,base-game,high,partial,partial,../../js/render.js,../../js/render.js;../../js/ui.js,objective-track,Functional board/HUD treatment; bespoke illustration may still be needed.
req-objective-track-progress,board-ui,Objective choice/progress track,progress,base-game,high,partial,partial,../../js/render.js,../../js/render.js;../../js/ui.js,objective-track,Functional board/HUD treatment; bespoke illustration may still be needed.
req-objective-track-resolved,board-ui,Objective choice/progress track,resolved,base-game,high,partial,partial,../../js/render.js,../../js/render.js;../../js/ui.js,objective-track,Functional board/HUD treatment; bespoke illustration may still be needed.
req-reactor-autodestruction-active,board-ui,Reactor/autodestruction area,autodestruction-active,base-game,high,partial,partial,../../js/render.js,../../js/render.js;../../js/ui.js,reactor,Functional board/HUD treatment; bespoke illustration may still be needed.
req-reactor-countdown,board-ui,Reactor/autodestruction area,countdown,base-game,high,partial,partial,../../js/render.js,../../js/render.js;../../js/ui.js,reactor,Functional board/HUD treatment; bespoke illustration may still be needed.
req-reactor-normal,board-ui,Reactor/autodestruction area,normal,base-game,high,partial,partial,../../js/render.js,../../js/render.js;../../js/ui.js,reactor,Functional board/HUD treatment; bespoke illustration may still be needed.
req-reactor-overheating,board-ui,Reactor/autodestruction area,overheating,base-game,high,partial,partial,../../js/render.js,../../js/render.js;../../js/ui.js,reactor,Functional board/HUD treatment; bespoke illustration may still be needed.
req-room-destruction-cannot-break,board-ui,Room damage information,cannot-break,base-game,high,complete,no,../../js/render.js,../../js/render.js;../../js/ui.js,room-destruction,Functional board/HUD treatment; bespoke illustration may still be needed.
req-room-destruction-destroyed,board-ui,Room damage information,destroyed,base-game,high,missing,yes,,,room-destruction,Dedicated board-information treatment is missing.
req-room-destruction-malfunction,board-ui,Room damage information,malfunction,base-game,high,complete,no,../../js/render.js,../../js/render.js;../../js/ui.js,room-destruction,Functional board/HUD treatment; bespoke illustration may still be needed.
req-room-destruction-normal,board-ui,Room damage information,normal,base-game,high,complete,no,../../js/render.js,../../js/render.js;../../js/ui.js,room-destruction,Functional board/HUD treatment; bespoke illustration may still be needed.
req-item-search-area-depleted,board-ui,Room search/item areas,depleted,base-game,high,complete,no,../../js/render.js,../../js/render.js;../../js/ui.js,item-search-area,Functional board/HUD treatment; bespoke illustration may still be needed.
req-item-search-area-green,board-ui,Room search/item areas,green,base-game,high,complete,no,../../js/render.js,../../js/render.js;../../js/ui.js,item-search-area,Functional board/HUD treatment; bespoke illustration may still be needed.
req-item-search-area-red,board-ui,Room search/item areas,red,base-game,high,complete,no,../../js/render.js,../../js/render.js;../../js/ui.js,item-search-area,Functional board/HUD treatment; bespoke illustration may still be needed.
req-item-search-area-yellow,board-ui,Room search/item areas,yellow,base-game,high,complete,no,../../js/render.js,../../js/render.js;../../js/ui.js,item-search-area,Functional board/HUD treatment; bespoke illustration may still be needed.
req-time-track-end-state,board-ui,Round/time track,end-state,base-game,critical,complete,no,../../js/render.js,../../js/render.js;../../js/ui.js,time-track,Functional board/HUD treatment; bespoke illustration may still be needed.
req-time-track-event-phase,board-ui,Round/time track,event-phase,base-game,critical,complete,no,../../js/render.js,../../js/render.js;../../js/ui.js,time-track,Functional board/HUD treatment; bespoke illustration may still be needed.
req-time-track-lander-window,board-ui,Round/time track,lander-window,base-game,critical,missing,yes,,,time-track,Dedicated board-information treatment is missing.
req-time-track-round-marker,board-ui,Round/time track,round-marker,base-game,critical,complete,no,../../js/render.js,../../js/render.js;../../js/ui.js,time-track,Functional board/HUD treatment; bespoke illustration may still be needed.
req-life-support-active,board-ui,Section life support and oxygen,active,base-game,critical,partial,partial,../../js/render.js,../../js/render.js;../../js/ui.js,life-support,Functional board/HUD treatment; bespoke illustration may still be needed.
req-life-support-inactive,board-ui,Section life support and oxygen,inactive,base-game,critical,partial,partial,../../js/render.js,../../js/render.js;../../js/ui.js,life-support,Functional board/HUD treatment; bespoke illustration may still be needed.
req-life-support-oxygen-track,board-ui,Section life support and oxygen,oxygen-track,base-game,critical,partial,partial,../../js/render.js,../../js/render.js;../../js/ui.js,life-support,Functional board/HUD treatment; bespoke illustration may still be needed.
req-life-support-suffocation,board-ui,Section life support and oxygen,suffocation,base-game,critical,partial,partial,../../js/render.js,../../js/render.js;../../js/ui.js,life-support,Functional board/HUD treatment; bespoke illustration may still be needed.
req-board-sectors-a,board-ui,Sector/Section overlays,A,base-game,high,complete,no,../../js/render.js,../../js/render.js;../../js/ui.js,board-sectors,Functional board/HUD treatment; bespoke illustration may still be needed.
req-board-sectors-b,board-ui,Sector/Section overlays,B,base-game,high,complete,no,../../js/render.js,../../js/render.js;../../js/ui.js,board-sectors,Functional board/HUD treatment; bespoke illustration may still be needed.
req-board-sectors-c,board-ui,Sector/Section overlays,C,base-game,high,complete,no,../../js/render.js,../../js/render.js;../../js/ui.js,board-sectors,Functional board/HUD treatment; bespoke illustration may still be needed.
req-board-sectors-inactive,board-ui,Sector/Section overlays,inactive,base-game,high,complete,no,../../js/render.js,../../js/render.js;../../js/ui.js,board-sectors,Functional board/HUD treatment; bespoke illustration may still be needed.
req-board-sectors-oxygen-warning,board-ui,Sector/Section overlays,oxygen-warning,base-game,high,missing,yes,,,board-sectors,Dedicated board-information treatment is missing.
req-room-security-cannot-secure,board-ui,Secure and cannot-secure areas,cannot-secure,base-game,high,complete,no,../../js/render.js,../../js/render.js;../../js/ui.js,room-security,Functional board/HUD treatment; bespoke illustration may still be needed.
req-room-security-secure,board-ui,Secure and cannot-secure areas,secure,base-game,high,complete,no,../../js/render.js,../../js/render.js;../../js/ui.js,room-security,Functional board/HUD treatment; bespoke illustration may still be needed.
req-room-security-security-count,board-ui,Secure and cannot-secure areas,security-count,base-game,high,complete,no,../../js/render.js,../../js/render.js;../../js/ui.js,room-security,Functional board/HUD treatment; bespoke illustration may still be needed.
card-action-combatEngineer-10,card,Character action cards,Combat Engineer #10: special,base-game,critical,template-only,yes,../../assets/generated/cards/action.svg;../../assets/generated/ui-symbols.svg#i-gear,../../js/ui.js,card-action,Functional frame and icon exist; unique card illustration is missing.
card-action-combatEngineer-01,card,Character action cards,Combat Engineer #1: move,base-game,critical,template-only,yes,../../assets/generated/cards/action.svg;../../assets/generated/ui-symbols.svg#i-move,../../js/ui.js,card-action,Functional frame and icon exist; unique card illustration is missing.
card-action-combatEngineer-02,card,Character action cards,Combat Engineer #2: move,base-game,critical,template-only,yes,../../assets/generated/cards/action.svg;../../assets/generated/ui-symbols.svg#i-move,../../js/ui.js,card-action,Functional frame and icon exist; unique card illustration is missing.
card-action-combatEngineer-03,card,Character action cards,Combat Engineer #3: move,base-game,critical,template-only,yes,../../assets/generated/cards/action.svg;../../assets/generated/ui-symbols.svg#i-move,../../js/ui.js,card-action,Functional frame and icon exist; unique card illustration is missing.
card-action-combatEngineer-04,card,Character action cards,Combat Engineer #4: shoot,base-game,critical,template-only,yes,../../assets/generated/cards/action.svg;../../assets/generated/ui-symbols.svg#i-shoot,../../js/ui.js,card-action,Functional frame and icon exist; unique card illustration is missing.
card-action-combatEngineer-05,card,Character action cards,Combat Engineer #5: search,base-game,critical,template-only,yes,../../assets/generated/cards/action.svg;../../assets/generated/ui-symbols.svg#i-search,../../js/ui.js,card-action,Functional frame and icon exist; unique card illustration is missing.
card-action-combatEngineer-06,card,Character action cards,Combat Engineer #6: move,base-game,critical,template-only,yes,../../assets/generated/cards/action.svg;../../assets/generated/ui-symbols.svg#i-move,../../js/ui.js,card-action,Functional frame and icon exist; unique card illustration is missing.
card-action-combatEngineer-07,card,Character action cards,Combat Engineer #7: cautiousMove,base-game,critical,template-only,yes,../../assets/generated/cards/action.svg;../../assets/generated/ui-symbols.svg#i-cautious,../../js/ui.js,card-action,Functional frame and icon exist; unique card illustration is missing.
card-action-combatEngineer-08,card,Character action cards,Combat Engineer #8: shoot,base-game,critical,template-only,yes,../../assets/generated/cards/action.svg;../../assets/generated/ui-symbols.svg#i-shoot,../../js/ui.js,card-action,Functional frame and icon exist; unique card illustration is missing.
card-action-combatEngineer-09,card,Character action cards,Combat Engineer #9: useRoom,base-game,critical,template-only,yes,../../assets/generated/cards/action.svg;../../assets/generated/ui-symbols.svg#i-room,../../js/ui.js,card-action,Functional frame and icon exist; unique card illustration is missing.
card-action-contractor-10,card,Character action cards,Contractor #10: special,base-game,critical,template-only,yes,../../assets/generated/cards/action.svg;../../assets/generated/ui-symbols.svg#i-gear,../../js/ui.js,card-action,Functional frame and icon exist; unique card illustration is missing.
card-action-contractor-01,card,Character action cards,Contractor #1: move,base-game,critical,template-only,yes,../../assets/generated/cards/action.svg;../../assets/generated/ui-symbols.svg#i-move,../../js/ui.js,card-action,Functional frame and icon exist; unique card illustration is missing.
card-action-contractor-02,card,Character action cards,Contractor #2: move,base-game,critical,template-only,yes,../../assets/generated/cards/action.svg;../../assets/generated/ui-symbols.svg#i-move,../../js/ui.js,card-action,Functional frame and icon exist; unique card illustration is missing.
card-action-contractor-03,card,Character action cards,Contractor #3: move,base-game,critical,template-only,yes,../../assets/generated/cards/action.svg;../../assets/generated/ui-symbols.svg#i-move,../../js/ui.js,card-action,Functional frame and icon exist; unique card illustration is missing.
card-action-contractor-04,card,Character action cards,Contractor #4: shoot,base-game,critical,template-only,yes,../../assets/generated/cards/action.svg;../../assets/generated/ui-symbols.svg#i-shoot,../../js/ui.js,card-action,Functional frame and icon exist; unique card illustration is missing.
card-action-contractor-05,card,Character action cards,Contractor #5: search,base-game,critical,template-only,yes,../../assets/generated/cards/action.svg;../../assets/generated/ui-symbols.svg#i-search,../../js/ui.js,card-action,Functional frame and icon exist; unique card illustration is missing.
card-action-contractor-06,card,Character action cards,Contractor #6: move,base-game,critical,template-only,yes,../../assets/generated/cards/action.svg;../../assets/generated/ui-symbols.svg#i-move,../../js/ui.js,card-action,Functional frame and icon exist; unique card illustration is missing.
card-action-contractor-07,card,Character action cards,Contractor #7: cautiousMove,base-game,critical,template-only,yes,../../assets/generated/cards/action.svg;../../assets/generated/ui-symbols.svg#i-cautious,../../js/ui.js,card-action,Functional frame and icon exist; unique card illustration is missing.
card-action-contractor-08,card,Character action cards,Contractor #8: shoot,base-game,critical,template-only,yes,../../assets/generated/cards/action.svg;../../assets/generated/ui-symbols.svg#i-shoot,../../js/ui.js,card-action,Functional frame and icon exist; unique card illustration is missing.
card-action-contractor-09,card,Character action cards,Contractor #9: useRoom,base-game,critical,template-only,yes,../../assets/generated/cards/action.svg;../../assets/generated/ui-symbols.svg#i-room,../../js/ui.js,card-action,Functional frame and icon exist; unique card illustration is missing.
card-action-heavyGunOperator-10,card,Character action cards,Heavy Gun Operator #10: special,base-game,critical,template-only,yes,../../assets/generated/cards/action.svg;../../assets/generated/ui-symbols.svg#i-gear,../../js/ui.js,card-action,Functional frame and icon exist; unique card illustration is missing.
card-action-heavyGunOperator-01,card,Character action cards,Heavy Gun Operator #1: move,base-game,critical,template-only,yes,../../assets/generated/cards/action.svg;../../assets/generated/ui-symbols.svg#i-move,../../js/ui.js,card-action,Functional frame and icon exist; unique card illustration is missing.
card-action-heavyGunOperator-02,card,Character action cards,Heavy Gun Operator #2: move,base-game,critical,template-only,yes,../../assets/generated/cards/action.svg;../../assets/generated/ui-symbols.svg#i-move,../../js/ui.js,card-action,Functional frame and icon exist; unique card illustration is missing.
card-action-heavyGunOperator-03,card,Character action cards,Heavy Gun Operator #3: move,base-game,critical,template-only,yes,../../assets/generated/cards/action.svg;../../assets/generated/ui-symbols.svg#i-move,../../js/ui.js,card-action,Functional frame and icon exist; unique card illustration is missing.
card-action-heavyGunOperator-04,card,Character action cards,Heavy Gun Operator #4: shoot,base-game,critical,template-only,yes,../../assets/generated/cards/action.svg;../../assets/generated/ui-symbols.svg#i-shoot,../../js/ui.js,card-action,Functional frame and icon exist; unique card illustration is missing.
card-action-heavyGunOperator-05,card,Character action cards,Heavy Gun Operator #5: search,base-game,critical,template-only,yes,../../assets/generated/cards/action.svg;../../assets/generated/ui-symbols.svg#i-search,../../js/ui.js,card-action,Functional frame and icon exist; unique card illustration is missing.
card-action-heavyGunOperator-06,card,Character action cards,Heavy Gun Operator #6: move,base-game,critical,template-only,yes,../../assets/generated/cards/action.svg;../../assets/generated/ui-symbols.svg#i-move,../../js/ui.js,card-action,Functional frame and icon exist; unique card illustration is missing.
card-action-heavyGunOperator-07,card,Character action cards,Heavy Gun Operator #7: cautiousMove,base-game,critical,template-only,yes,../../assets/generated/cards/action.svg;../../assets/generated/ui-symbols.svg#i-cautious,../../js/ui.js,card-action,Functional frame and icon exist; unique card illustration is missing.
card-action-heavyGunOperator-08,card,Character action cards,Heavy Gun Operator #8: shoot,base-game,critical,template-only,yes,../../assets/generated/cards/action.svg;../../assets/generated/ui-symbols.svg#i-shoot,../../js/ui.js,card-action,Functional frame and icon exist; unique card illustration is missing.
card-action-heavyGunOperator-09,card,Character action cards,Heavy Gun Operator #9: useRoom,base-game,critical,template-only,yes,../../assets/generated/cards/action.svg;../../assets/generated/ui-symbols.svg#i-room,../../js/ui.js,card-action,Functional frame and icon exist; unique card illustration is missing.
card-action-medicalSupport-10,card,Character action cards,Medical Support #10: special,base-game,critical,template-only,yes,../../assets/generated/cards/action.svg;../../assets/generated/ui-symbols.svg#i-gear,../../js/ui.js,card-action,Functional frame and icon exist; unique card illustration is missing.
card-action-medicalSupport-01,card,Character action cards,Medical Support #1: move,base-game,critical,template-only,yes,../../assets/generated/cards/action.svg;../../assets/generated/ui-symbols.svg#i-move,../../js/ui.js,card-action,Functional frame and icon exist; unique card illustration is missing.
card-action-medicalSupport-02,card,Character action cards,Medical Support #2: move,base-game,critical,template-only,yes,../../assets/generated/cards/action.svg;../../assets/generated/ui-symbols.svg#i-move,../../js/ui.js,card-action,Functional frame and icon exist; unique card illustration is missing.
card-action-medicalSupport-03,card,Character action cards,Medical Support #3: move,base-game,critical,template-only,yes,../../assets/generated/cards/action.svg;../../assets/generated/ui-symbols.svg#i-move,../../js/ui.js,card-action,Functional frame and icon exist; unique card illustration is missing.
card-action-medicalSupport-04,card,Character action cards,Medical Support #4: shoot,base-game,critical,template-only,yes,../../assets/generated/cards/action.svg;../../assets/generated/ui-symbols.svg#i-shoot,../../js/ui.js,card-action,Functional frame and icon exist; unique card illustration is missing.
card-action-medicalSupport-05,card,Character action cards,Medical Support #5: search,base-game,critical,template-only,yes,../../assets/generated/cards/action.svg;../../assets/generated/ui-symbols.svg#i-search,../../js/ui.js,card-action,Functional frame and icon exist; unique card illustration is missing.
card-action-medicalSupport-06,card,Character action cards,Medical Support #6: move,base-game,critical,template-only,yes,../../assets/generated/cards/action.svg;../../assets/generated/ui-symbols.svg#i-move,../../js/ui.js,card-action,Functional frame and icon exist; unique card illustration is missing.
card-action-medicalSupport-07,card,Character action cards,Medical Support #7: cautiousMove,base-game,critical,template-only,yes,../../assets/generated/cards/action.svg;../../assets/generated/ui-symbols.svg#i-cautious,../../js/ui.js,card-action,Functional frame and icon exist; unique card illustration is missing.
card-action-medicalSupport-08,card,Character action cards,Medical Support #8: shoot,base-game,critical,template-only,yes,../../assets/generated/cards/action.svg;../../assets/generated/ui-symbols.svg#i-shoot,../../js/ui.js,card-action,Functional frame and icon exist; unique card illustration is missing.
card-action-medicalSupport-09,card,Character action cards,Medical Support #9: useRoom,base-game,critical,template-only,yes,../../assets/generated/cards/action.svg;../../assets/generated/ui-symbols.svg#i-room,../../js/ui.js,card-action,Functional frame and icon exist; unique card illustration is missing.
card-action-officer-10,card,Character action cards,Officer #10: special,base-game,critical,template-only,yes,../../assets/generated/cards/action.svg;../../assets/generated/ui-symbols.svg#i-gear,../../js/ui.js,card-action,Functional frame and icon exist; unique card illustration is missing.
card-action-officer-01,card,Character action cards,Officer #1: move,base-game,critical,template-only,yes,../../assets/generated/cards/action.svg;../../assets/generated/ui-symbols.svg#i-move,../../js/ui.js,card-action,Functional frame and icon exist; unique card illustration is missing.
card-action-officer-02,card,Character action cards,Officer #2: move,base-game,critical,template-only,yes,../../assets/generated/cards/action.svg;../../assets/generated/ui-symbols.svg#i-move,../../js/ui.js,card-action,Functional frame and icon exist; unique card illustration is missing.
card-action-officer-03,card,Character action cards,Officer #3: move,base-game,critical,template-only,yes,../../assets/generated/cards/action.svg;../../assets/generated/ui-symbols.svg#i-move,../../js/ui.js,card-action,Functional frame and icon exist; unique card illustration is missing.
card-action-officer-04,card,Character action cards,Officer #4: shoot,base-game,critical,template-only,yes,../../assets/generated/cards/action.svg;../../assets/generated/ui-symbols.svg#i-shoot,../../js/ui.js,card-action,Functional frame and icon exist; unique card illustration is missing.
card-action-officer-05,card,Character action cards,Officer #5: search,base-game,critical,template-only,yes,../../assets/generated/cards/action.svg;../../assets/generated/ui-symbols.svg#i-search,../../js/ui.js,card-action,Functional frame and icon exist; unique card illustration is missing.
card-action-officer-06,card,Character action cards,Officer #6: move,base-game,critical,template-only,yes,../../assets/generated/cards/action.svg;../../assets/generated/ui-symbols.svg#i-move,../../js/ui.js,card-action,Functional frame and icon exist; unique card illustration is missing.
card-action-officer-07,card,Character action cards,Officer #7: cautiousMove,base-game,critical,template-only,yes,../../assets/generated/cards/action.svg;../../assets/generated/ui-symbols.svg#i-cautious,../../js/ui.js,card-action,Functional frame and icon exist; unique card illustration is missing.
card-action-officer-08,card,Character action cards,Officer #8: shoot,base-game,critical,template-only,yes,../../assets/generated/cards/action.svg;../../assets/generated/ui-symbols.svg#i-shoot,../../js/ui.js,card-action,Functional frame and icon exist; unique card illustration is missing.
card-action-officer-09,card,Character action cards,Officer #9: useRoom,base-game,critical,template-only,yes,../../assets/generated/cards/action.svg;../../assets/generated/ui-symbols.svg#i-room,../../js/ui.js,card-action,Functional frame and icon exist; unique card illustration is missing.
card-action-recon-10,card,Character action cards,Recon #10: special,base-game,critical,template-only,yes,../../assets/generated/cards/action.svg;../../assets/generated/ui-symbols.svg#i-gear,../../js/ui.js,card-action,Functional frame and icon exist; unique card illustration is missing.
card-action-recon-01,card,Character action cards,Recon #1: move,base-game,critical,template-only,yes,../../assets/generated/cards/action.svg;../../assets/generated/ui-symbols.svg#i-move,../../js/ui.js,card-action,Functional frame and icon exist; unique card illustration is missing.
card-action-recon-02,card,Character action cards,Recon #2: move,base-game,critical,template-only,yes,../../assets/generated/cards/action.svg;../../assets/generated/ui-symbols.svg#i-move,../../js/ui.js,card-action,Functional frame and icon exist; unique card illustration is missing.
card-action-recon-03,card,Character action cards,Recon #3: move,base-game,critical,template-only,yes,../../assets/generated/cards/action.svg;../../assets/generated/ui-symbols.svg#i-move,../../js/ui.js,card-action,Functional frame and icon exist; unique card illustration is missing.
card-action-recon-04,card,Character action cards,Recon #4: shoot,base-game,critical,template-only,yes,../../assets/generated/cards/action.svg;../../assets/generated/ui-symbols.svg#i-shoot,../../js/ui.js,card-action,Functional frame and icon exist; unique card illustration is missing.
card-action-recon-05,card,Character action cards,Recon #5: search,base-game,critical,template-only,yes,../../assets/generated/cards/action.svg;../../assets/generated/ui-symbols.svg#i-search,../../js/ui.js,card-action,Functional frame and icon exist; unique card illustration is missing.
card-action-recon-06,card,Character action cards,Recon #6: move,base-game,critical,template-only,yes,../../assets/generated/cards/action.svg;../../assets/generated/ui-symbols.svg#i-move,../../js/ui.js,card-action,Functional frame and icon exist; unique card illustration is missing.
card-action-recon-07,card,Character action cards,Recon #7: cautiousMove,base-game,critical,template-only,yes,../../assets/generated/cards/action.svg;../../assets/generated/ui-symbols.svg#i-cautious,../../js/ui.js,card-action,Functional frame and icon exist; unique card illustration is missing.
card-action-recon-08,card,Character action cards,Recon #8: shoot,base-game,critical,template-only,yes,../../assets/generated/cards/action.svg;../../assets/generated/ui-symbols.svg#i-shoot,../../js/ui.js,card-action,Functional frame and icon exist; unique card illustration is missing.
card-action-recon-09,card,Character action cards,Recon #9: useRoom,base-game,critical,template-only,yes,../../assets/generated/cards/action.svg;../../assets/generated/ui-symbols.svg#i-room,../../js/ui.js,card-action,Functional frame and icon exist; unique card illustration is missing.
req-card-action-basic-action,card,Character action cards,basic-action,base-game,critical,template-only,yes,../../assets/generated/cards/action.svg,../../js/ui.js,card-action,Functional shared treatment; unique class/card art is missing.
req-card-action-card-back,card,Character action cards,card-back,base-game,critical,complete,no,../../assets/generated/cards/action.svg,../../js/ui.js,card-action,Original generic action treatment.
req-card-action-cost,card,Character action cards,cost,base-game,critical,template-only,yes,../../assets/generated/cards/action.svg,../../js/ui.js,card-action,Functional shared treatment; unique class/card art is missing.
req-card-action-six-class-frames,card,Character action cards,six-class-frames,base-game,critical,template-only,yes,../../assets/generated/cards/action.svg,../../js/ui.js,card-action,Functional shared treatment; unique class/card art is missing.
req-card-action-special-action,card,Character action cards,special-action,base-game,critical,template-only,yes,../../assets/generated/cards/action.svg,../../js/ui.js,card-action,Functional shared treatment; unique class/card art is missing.
req-card-contamination-card-back,card,Contamination cards,card-back,base-game,high,partial,partial,../../assets/generated/cards/contamination.svg,../../js/ui.js,card-contamination,Functional treatment exists; scan/code face variants are not authored.
req-card-contamination-clean,card,Contamination cards,clean,base-game,high,partial,partial,../../assets/generated/cards/contamination.svg,../../js/ui.js,card-contamination,Functional treatment exists; scan/code face variants are not authored.
req-card-contamination-hidden,card,Contamination cards,hidden,base-game,high,partial,partial,../../assets/generated/cards/contamination.svg,../../js/ui.js,card-contamination,Functional treatment exists; scan/code face variants are not authored.
req-card-contamination-infected-code,card,Contamination cards,infected-code,base-game,high,partial,partial,../../assets/generated/cards/contamination.svg,../../js/ui.js,card-contamination,Functional treatment exists; scan/code face variants are not authored.
req-card-contamination-scanned,card,Contamination cards,scanned,base-game,high,partial,partial,../../assets/generated/cards/contamination.svg,../../js/ui.js,card-contamination,Functional treatment exists; scan/code face variants are not authored.
card-event-ev7,card,Event cards,Alarm,base-game,critical,missing,yes,,,card-event,Unique card illustration is missing.
card-event-ev15,card,Event cards,Blocked Passage,base-game,critical,missing,yes,,,card-event,Unique card illustration is missing.
card-event-ev6,card,Event cards,Breeding,base-game,critical,missing,yes,,,card-event,Unique card illustration is missing.
card-event-ev16,card,Event cards,Contamination Leak,base-game,critical,missing,yes,,,card-event,Unique card illustration is missing.
card-event-ev17,card,Event cards,Emergency Lighting,base-game,critical,missing,yes,,,card-event,Unique card illustration is missing.
card-event-ev4,card,Event cards,Fire Outbreak,base-game,critical,missing,yes,,,card-event,Unique card illustration is missing.
card-event-ev13,card,Event cards,Heat Wave,base-game,critical,missing,yes,,,card-event,Unique card illustration is missing.
card-event-ev8,card,Event cards,Hull Breach,base-game,critical,missing,yes,,,card-event,Unique card illustration is missing.
card-event-ev12,card,Event cards,Infestation,base-game,critical,missing,yes,,,card-event,Unique card illustration is missing.
card-event-ev14,card,Event cards,Intruder Surge,base-game,critical,missing,yes,,,card-event,Unique card illustration is missing.
card-event-ev11,card,Event cards,Malfunction,base-game,critical,missing,yes,,,card-event,Unique card illustration is missing.
card-event-ev10,card,Event cards,Nest Awakening,base-game,critical,missing,yes,,,card-event,Unique card illustration is missing.
card-event-ev19,card,Event cards,Nest Defense,base-game,critical,missing,yes,,,card-event,Unique card illustration is missing.
card-event-ev9,card,Event cards,Power Surge,base-game,critical,missing,yes,,,card-event,Unique card illustration is missing.
card-event-ev20,card,Event cards,Queen Awakening,base-game,critical,missing,yes,,,card-event,Unique card illustration is missing.
card-event-ev1,card,Event cards,Reactor Overheating,base-game,critical,missing,yes,,,card-event,Unique card illustration is missing.
card-event-ev2,card,Event cards,Scent of Prey,base-game,critical,missing,yes,,,card-event,Unique card illustration is missing.
card-event-ev3,card,Event cards,Short Circuit,base-game,critical,missing,yes,,,card-event,Unique card illustration is missing.
card-event-ev5,card,Event cards,System Failure,base-game,critical,missing,yes,,,card-event,Unique card illustration is missing.
card-event-ev18,card,Event cards,Tremor,base-game,critical,missing,yes,,,card-event,Unique card illustration is missing.
req-card-event-card-back,card,Event cards,card-back,base-game,critical,missing,yes,,,card-event,No game-facing card artwork exists for this family.
req-card-event-card-front,card,Event cards,card-front,base-game,critical,missing,yes,,,card-event,No game-facing card artwork exists for this family.
req-card-event-movement-routing,card,Event cards,movement-routing,base-game,critical,missing,yes,,,card-event,No game-facing card artwork exists for this family.
req-card-event-room-effects,card,Event cards,room-effects,base-game,critical,missing,yes,,,card-event,No game-facing card artwork exists for this family.
card-exploration-ex1,card,Exploration cards,Exploration ex1,base-game,critical,missing,yes,,,card-exploration,Unique card illustration is missing.
card-exploration-ex10,card,Exploration cards,Exploration ex10,base-game,critical,missing,yes,,,card-exploration,Unique card illustration is missing.
card-exploration-ex11,card,Exploration cards,Exploration ex11,base-game,critical,missing,yes,,,card-exploration,Unique card illustration is missing.
card-exploration-ex12,card,Exploration cards,Exploration ex12,base-game,critical,missing,yes,,,card-exploration,Unique card illustration is missing.
card-exploration-ex2,card,Exploration cards,Exploration ex2,base-game,critical,missing,yes,,,card-exploration,Unique card illustration is missing.
card-exploration-ex3,card,Exploration cards,Exploration ex3,base-game,critical,missing,yes,,,card-exploration,Unique card illustration is missing.
card-exploration-ex4,card,Exploration cards,Exploration ex4,base-game,critical,missing,yes,,,card-exploration,Unique card illustration is missing.
card-exploration-ex5,card,Exploration cards,Exploration ex5,base-game,critical,missing,yes,,,card-exploration,Unique card illustration is missing.
card-exploration-ex6,card,Exploration cards,Exploration ex6,base-game,critical,missing,yes,,,card-exploration,Unique card illustration is missing.
card-exploration-ex7,card,Exploration cards,Exploration ex7,base-game,critical,missing,yes,,,card-exploration,Unique card illustration is missing.
card-exploration-ex8,card,Exploration cards,Exploration ex8,base-game,critical,missing,yes,,,card-exploration,Unique card illustration is missing.
card-exploration-ex9,card,Exploration cards,Exploration ex9,base-game,critical,missing,yes,,,card-exploration,Unique card illustration is missing.
req-card-exploration-card-back,card,Exploration cards,card-back,base-game,critical,missing,yes,,,card-exploration,No game-facing card artwork exists for this family.
req-card-exploration-corridor-layout,card,Exploration cards,corridor-layout,base-game,critical,missing,yes,,,card-exploration,No game-facing card artwork exists for this family.
req-card-exploration-entrance-effect,card,Exploration cards,entrance-effect,base-game,critical,missing,yes,,,card-exploration,No game-facing card artwork exists for this family.
req-card-exploration-room-type,card,Exploration cards,room-type,base-game,critical,missing,yes,,,card-exploration,No game-facing card artwork exists for this family.
card-item-green_gen_4,card,Green item cards,Adrenaline Shot,base-game,critical,template-only,yes,../../assets/generated/cards/green-item.svg,../../js/ui.js,card-item-green,Category frame exists; unique item illustration is missing.
card-item-green_gen_11,card,Green item cards,Air Filter,base-game,critical,template-only,yes,../../assets/generated/cards/green-item.svg,../../js/ui.js,card-item-green,Category frame exists; unique item illustration is missing.
card-item-green_gen_19,card,Green item cards,Antibiotics,base-game,critical,template-only,yes,../../assets/generated/cards/green-item.svg,../../js/ui.js,card-item-green,Category frame exists; unique item illustration is missing.
card-item-green_gen_13,card,Green item cards,Antidote,base-game,critical,template-only,yes,../../assets/generated/cards/green-item.svg,../../js/ui.js,card-item-green,Category frame exists; unique item illustration is missing.
card-item-green_gen_1,card,Green item cards,Antiseptic,base-game,critical,template-only,yes,../../assets/generated/cards/green-item.svg,../../js/ui.js,card-item-green,Category frame exists; unique item illustration is missing.
card-item-green_gen_0,card,Green item cards,Bandages,base-game,critical,template-only,yes,../../assets/generated/cards/green-item.svg,../../js/ui.js,card-item-green,Category frame exists; unique item illustration is missing.
card-item-green_gen_18,card,Green item cards,Burn Cream,base-game,critical,template-only,yes,../../assets/generated/cards/green-item.svg,../../js/ui.js,card-item-green,Category frame exists; unique item illustration is missing.
card-item-green_gen_25,card,Green item cards,Compass,base-game,critical,template-only,yes,../../assets/generated/cards/green-item.svg,../../js/ui.js,card-item-green,Category frame exists; unique item illustration is missing.
card-item-green_gen_12,card,Green item cards,Decontamination Wipes,base-game,critical,template-only,yes,../../assets/generated/cards/green-item.svg,../../js/ui.js,card-item-green,Category frame exists; unique item illustration is missing.
card-item-green_gen_16,card,Green item cards,Disinfectant Spray,base-game,critical,template-only,yes,../../assets/generated/cards/green-item.svg,../../js/ui.js,card-item-green,Category frame exists; unique item illustration is missing.
card-item-green_gen_22,card,Green item cards,Emergency Beacon,base-game,critical,template-only,yes,../../assets/generated/cards/green-item.svg,../../js/ui.js,card-item-green,Category frame exists; unique item illustration is missing.
card-item-green_gen_26,card,Green item cards,Emergency Map,base-game,critical,template-only,yes,../../assets/generated/cards/green-item.svg,../../js/ui.js,card-item-green,Category frame exists; unique item illustration is missing.
card-item-green_gen_9,card,Green item cards,Emergency Rations,base-game,critical,template-only,yes,../../assets/generated/cards/green-item.svg,../../js/ui.js,card-item-green,Category frame exists; unique item illustration is missing.
card-item-green_gen_3,card,Green item cards,Energy Drink,base-game,critical,template-only,yes,../../assets/generated/cards/green-item.svg,../../js/ui.js,card-item-green,Category frame exists; unique item illustration is missing.
card-item-green_gen_8,card,Green item cards,First Aid Kit,base-game,critical,template-only,yes,../../assets/generated/cards/green-item.svg,../../js/ui.js,card-item-green,Category frame exists; unique item illustration is missing.
card-item-green_gen_21,card,Green item cards,Flare Gun,base-game,critical,template-only,yes,../../assets/generated/cards/green-item.svg,../../js/ui.js,card-item-green,Category frame exists; unique item illustration is missing.
card-item-green_gen_5,card,Green item cards,Herbal Remedy,base-game,critical,template-only,yes,../../assets/generated/cards/green-item.svg,../../js/ui.js,card-item-green,Category frame exists; unique item illustration is missing.
card-item-medpackStarter,card,Green item cards,Medpack,base-game,critical,template-only,yes,../../assets/generated/cards/green-item.svg,../../js/ui.js,card-item-green,Category frame exists; unique item illustration is missing.
card-item-green_gen_7,card,Green item cards,Morphine,base-game,critical,template-only,yes,../../assets/generated/cards/green-item.svg,../../js/ui.js,card-item-green,Category frame exists; unique item illustration is missing.
card-item-oxygenTank,card,Green item cards,Oxygen Tank,base-game,critical,template-only,yes,../../assets/generated/cards/green-item.svg,../../js/ui.js,card-item-green,Category frame exists; unique item illustration is missing.
card-item-green_gen_2,card,Green item cards,Painkillers,base-game,critical,template-only,yes,../../assets/generated/cards/green-item.svg,../../js/ui.js,card-item-green,Category frame exists; unique item illustration is missing.
card-item-scanner,card,Green item cards,Scanner,base-game,critical,template-only,yes,../../assets/generated/cards/green-item.svg,../../js/ui.js,card-item-green,Category frame exists; unique item illustration is missing.
card-item-green_gen_23,card,Green item cards,Signal Mirror,base-game,critical,template-only,yes,../../assets/generated/cards/green-item.svg,../../js/ui.js,card-item-green,Category frame exists; unique item illustration is missing.
card-item-green_gen_6,card,Green item cards,Splint,base-game,critical,template-only,yes,../../assets/generated/cards/green-item.svg,../../js/ui.js,card-item-green,Category frame exists; unique item illustration is missing.
card-item-green_gen_14,card,Green item cards,Stim Pack,base-game,critical,template-only,yes,../../assets/generated/cards/green-item.svg,../../js/ui.js,card-item-green,Category frame exists; unique item illustration is missing.
card-item-green_gen_20,card,Green item cards,Survival Kit,base-game,critical,template-only,yes,../../assets/generated/cards/green-item.svg,../../js/ui.js,card-item-green,Category frame exists; unique item illustration is missing.
card-item-green_gen_24,card,Green item cards,Thermal Blanket,base-game,critical,template-only,yes,../../assets/generated/cards/green-item.svg,../../js/ui.js,card-item-green,Category frame exists; unique item illustration is missing.
card-item-green_gen_17,card,Green item cards,Tourniquet,base-game,critical,template-only,yes,../../assets/generated/cards/green-item.svg,../../js/ui.js,card-item-green,Category frame exists; unique item illustration is missing.
card-item-green_gen_15,card,Green item cards,Vitamins,base-game,critical,template-only,yes,../../assets/generated/cards/green-item.svg,../../js/ui.js,card-item-green,Category frame exists; unique item illustration is missing.
card-item-green_gen_10,card,Green item cards,Water Filter,base-game,critical,template-only,yes,../../assets/generated/cards/green-item.svg,../../js/ui.js,card-item-green,Category frame exists; unique item illustration is missing.
req-card-item-green-card-back,card,Green item cards,card-back,base-game,critical,template-only,yes,../../assets/generated/cards/green-item.svg,../../js/ui.js,card-item-green,Functional category frame; unique item illustration is missing.
req-card-item-green-card-front,card,Green item cards,card-front,base-game,critical,template-only,yes,../../assets/generated/cards/green-item.svg,../../js/ui.js,card-item-green,Functional category frame; unique item illustration is missing.
req-card-item-green-medical,card,Green item cards,medical,base-game,critical,template-only,yes,../../assets/generated/cards/green-item.svg,../../js/ui.js,card-item-green,Functional category frame; unique item illustration is missing.
req-card-item-green-one-use,card,Green item cards,one-use,base-game,critical,template-only,yes,../../assets/generated/cards/green-item.svg,../../js/ui.js,card-item-green,Functional category frame; unique item illustration is missing.
req-card-item-green-tactical-belt,card,Green item cards,tactical-belt,base-game,critical,template-only,yes,../../assets/generated/cards/green-item.svg,../../js/ui.js,card-item-green,Functional category frame; unique item illustration is missing.
card-intruder-attack-ia10,card,Intruder attack cards,Acid Spit,base-game,critical,missing,yes,,,card-intruder-attack,Unique card illustration is missing.
card-intruder-attack-ia2,card,Intruder attack cards,Bite,base-game,critical,missing,yes,,,card-intruder-attack,Unique card illustration is missing.
card-intruder-attack-ia12,card,Intruder attack cards,Charge,base-game,critical,missing,yes,,,card-intruder-attack,Unique card illustration is missing.
card-intruder-attack-ia14,card,Intruder attack cards,Claw,base-game,critical,missing,yes,,,card-intruder-attack,Unique card illustration is missing.
card-intruder-attack-ia5,card,Intruder attack cards,Crush,base-game,critical,missing,yes,,,card-intruder-attack,Unique card illustration is missing.
card-intruder-attack-ia1,card,Intruder attack cards,Deadly Claws,base-game,critical,missing,yes,,,card-intruder-attack,Unique card illustration is missing.
card-intruder-attack-ia11,card,Intruder attack cards,Gnaw,base-game,critical,missing,yes,,,card-intruder-attack,Unique card illustration is missing.
card-intruder-attack-ia6,card,Intruder attack cards,Grasp,base-game,critical,missing,yes,,,card-intruder-attack,Unique card illustration is missing.
card-intruder-attack-ia16,card,Intruder attack cards,Headbutt,base-game,critical,missing,yes,,,card-intruder-attack,Unique card illustration is missing.
card-intruder-attack-ia3,card,Intruder attack cards,Infecting,base-game,critical,missing,yes,,,card-intruder-attack,Unique card illustration is missing.
card-intruder-attack-ia18,card,Intruder attack cards,Maul,base-game,critical,missing,yes,,,card-intruder-attack,Unique card illustration is missing.
card-intruder-attack-ia8,card,Intruder attack cards,Pounce,base-game,critical,missing,yes,,,card-intruder-attack,Unique card illustration is missing.
card-intruder-attack-ia15,card,Intruder attack cards,Punch,base-game,critical,missing,yes,,,card-intruder-attack,Unique card illustration is missing.
card-intruder-attack-ia4,card,Intruder attack cards,Rend,base-game,critical,missing,yes,,,card-intruder-attack,Unique card illustration is missing.
card-intruder-attack-ia7,card,Intruder attack cards,Slash,base-game,critical,missing,yes,,,card-intruder-attack,Unique card illustration is missing.
card-intruder-attack-ia13,card,Intruder attack cards,Spit,base-game,critical,missing,yes,,,card-intruder-attack,Unique card illustration is missing.
card-intruder-attack-ia9,card,Intruder attack cards,Tail Whip,base-game,critical,missing,yes,,,card-intruder-attack,Unique card illustration is missing.
card-intruder-attack-ia17,card,Intruder attack cards,Tear,base-game,critical,missing,yes,,,card-intruder-attack,Unique card illustration is missing.
card-intruder-attack-ia19,card,Intruder attack cards,Thrash,base-game,critical,missing,yes,,,card-intruder-attack,Unique card illustration is missing.
card-intruder-attack-ia20,card,Intruder attack cards,Venom,base-game,critical,missing,yes,,,card-intruder-attack,Unique card illustration is missing.
req-card-intruder-attack-adult,card,Intruder attack cards,adult,base-game,critical,missing,yes,,,card-intruder-attack,No game-facing card artwork exists for this family.
req-card-intruder-attack-card-back,card,Intruder attack cards,card-back,base-game,critical,missing,yes,,,card-intruder-attack,No game-facing card artwork exists for this family.
req-card-intruder-attack-drone,card,Intruder attack cards,drone,base-game,critical,missing,yes,,,card-intruder-attack,No game-facing card artwork exists for this family.
req-card-intruder-attack-primeblood,card,Intruder attack cards,primeblood,base-game,critical,missing,yes,,,card-intruder-attack,No game-facing card artwork exists for this family.
req-card-intruder-attack-queen,card,Intruder attack cards,queen,base-game,critical,missing,yes,,,card-intruder-attack,No game-facing card artwork exists for this family.
req-card-weakness-face-down,card,Intruder weakness cards,face-down,base-game,medium,missing,yes,,,card-weakness,No game-facing card artwork exists for this family.
req-card-weakness-revealed,card,Intruder weakness cards,revealed,base-game,medium,missing,yes,,,card-weakness,No game-facing card artwork exists for this family.
req-card-weakness-three-weakness-types,card,Intruder weakness cards,three-weakness-types,base-game,medium,missing,yes,,,card-weakness,No game-facing card artwork exists for this family.
card-objective-mission-mo1,card,Mission objective cards,Official Order,base-game,high,template-only,yes,../../assets/generated/cards/objective.svg,../../js/ui.js,card-objective-mission,Unique card illustration is missing.
card-objective-mission-mo2,card,Mission objective cards,Official Order,base-game,high,template-only,yes,../../assets/generated/cards/objective.svg,../../js/ui.js,card-objective-mission,Unique card illustration is missing.
card-objective-mission-mo3,card,Mission objective cards,Official Order,base-game,high,template-only,yes,../../assets/generated/cards/objective.svg,../../js/ui.js,card-objective-mission,Unique card illustration is missing.
card-objective-mission-mo4,card,Mission objective cards,Official Order,base-game,high,template-only,yes,../../assets/generated/cards/objective.svg,../../js/ui.js,card-objective-mission,Unique card illustration is missing.
card-objective-mission-mo5,card,Mission objective cards,Ulterior Motive,base-game,high,template-only,yes,../../assets/generated/cards/objective.svg,../../js/ui.js,card-objective-mission,Unique card illustration is missing.
card-objective-mission-mo6,card,Mission objective cards,Ulterior Motive,base-game,high,template-only,yes,../../assets/generated/cards/objective.svg,../../js/ui.js,card-objective-mission,Unique card illustration is missing.
card-objective-mission-mo7,card,Mission objective cards,Ulterior Motive,base-game,high,template-only,yes,../../assets/generated/cards/objective.svg,../../js/ui.js,card-objective-mission,Unique card illustration is missing.
req-card-objective-mission-card-back,card,Mission objective/task cards,card-back,base-game,high,template-only,yes,../../assets/generated/cards/objective.svg,../../js/ui.js,card-objective-mission,Functional objective treatment; unique card illustration is missing.
req-card-objective-mission-objective,card,Mission objective/task cards,objective,base-game,high,template-only,yes,../../assets/generated/cards/objective.svg,../../js/ui.js,card-objective-mission,Functional objective treatment; unique card illustration is missing.
req-card-objective-mission-player-count,card,Mission objective/task cards,player-count,base-game,high,template-only,yes,../../assets/generated/cards/objective.svg,../../js/ui.js,card-objective-mission,Functional objective treatment; unique card illustration is missing.
req-card-objective-mission-resolved,card,Mission objective/task cards,resolved,base-game,high,template-only,yes,../../assets/generated/cards/objective.svg,../../js/ui.js,card-objective-mission,Functional objective treatment; unique card illustration is missing.
req-card-objective-mission-task,card,Mission objective/task cards,task,base-game,high,template-only,yes,../../assets/generated/cards/objective.svg,../../js/ui.js,card-objective-mission,Functional objective treatment; unique card illustration is missing.
card-objective-mission-mt7,card,Mission task cards,Eradication,base-game,high,template-only,yes,../../assets/generated/cards/objective.svg,../../js/ui.js,card-objective-mission,Unique card illustration is missing.
card-objective-mission-mt3,card,Mission task cards,Escort Mission,base-game,high,template-only,yes,../../assets/generated/cards/objective.svg,../../js/ui.js,card-objective-mission,Unique card illustration is missing.
card-objective-mission-mt5,card,Mission task cards,Essential Data,base-game,high,template-only,yes,../../assets/generated/cards/objective.svg,../../js/ui.js,card-objective-mission,Unique card illustration is missing.
card-objective-mission-mt6,card,Mission task cards,Facility Restart,base-game,high,template-only,yes,../../assets/generated/cards/objective.svg,../../js/ui.js,card-objective-mission,Unique card illustration is missing.
card-objective-mission-mt4,card,Mission task cards,Perimeter Clearing,base-game,high,template-only,yes,../../assets/generated/cards/objective.svg,../../js/ui.js,card-objective-mission,Unique card illustration is missing.
card-objective-mission-mt1,card,Mission task cards,Primary Samples,base-game,high,template-only,yes,../../assets/generated/cards/objective.svg,../../js/ui.js,card-objective-mission,Unique card illustration is missing.
card-objective-mission-mt2,card,Mission task cards,Reconnaissance,base-game,high,template-only,yes,../../assets/generated/cards/objective.svg,../../js/ui.js,card-objective-mission,Unique card illustration is missing.
card-objective-mission-mt8,card,Mission task cards,The Supply Route,base-game,high,template-only,yes,../../assets/generated/cards/objective.svg,../../js/ui.js,card-objective-mission,Unique card illustration is missing.
req-card-help-cleanup,card,Player help/phase cards,cleanup,base-game,high,missing,yes,,,card-help,No game-facing card artwork exists for this family.
req-card-help-event-phase,card,Player help/phase cards,event-phase,base-game,high,missing,yes,,,card-help,No game-facing card artwork exists for this family.
req-card-help-intruder-phase,card,Player help/phase cards,intruder-phase,base-game,high,missing,yes,,,card-help,No game-facing card artwork exists for this family.
req-card-help-player-number,card,Player help/phase cards,player-number,base-game,high,missing,yes,,,card-help,No game-facing card artwork exists for this family.
req-card-help-player-phase,card,Player help/phase cards,player-phase,base-game,high,missing,yes,,,card-help,No game-facing card artwork exists for this family.
card-objective-private-po4,card,Private objective cards,Clean-Up,base-game,high,template-only,yes,../../assets/generated/cards/objective.svg,../../js/ui.js,card-objective-private,Unique card illustration is missing.
card-objective-private-po10,card,Private objective cards,Data Thief,base-game,high,template-only,yes,../../assets/generated/cards/objective.svg,../../js/ui.js,card-objective-private,Unique card illustration is missing.
card-objective-private-po13,card,Private objective cards,Explorer,base-game,high,template-only,yes,../../assets/generated/cards/objective.svg,../../js/ui.js,card-objective-private,Unique card illustration is missing.
card-objective-private-po5,card,Private objective cards,Faceoff,base-game,high,template-only,yes,../../assets/generated/cards/objective.svg,../../js/ui.js,card-objective-private,Unique card illustration is missing.
card-objective-private-po11,card,Private objective cards,Firebug,base-game,high,template-only,yes,../../assets/generated/cards/objective.svg,../../js/ui.js,card-objective-private,Unique card illustration is missing.
card-objective-private-po15,card,Private objective cards,Last Stand,base-game,high,template-only,yes,../../assets/generated/cards/objective.svg,../../js/ui.js,card-objective-private,Unique card illustration is missing.
card-objective-private-po7,card,Private objective cards,Lone Wolf,base-game,high,template-only,yes,../../assets/generated/cards/objective.svg,../../js/ui.js,card-objective-private,Unique card illustration is missing.
card-objective-private-po12,card,Private objective cards,Pacifist,base-game,high,template-only,yes,../../assets/generated/cards/objective.svg,../../js/ui.js,card-objective-private,Unique card illustration is missing.
card-objective-private-po6,card,Private objective cards,Sabotage,base-game,high,template-only,yes,../../assets/generated/cards/objective.svg,../../js/ui.js,card-objective-private,Unique card illustration is missing.
card-objective-private-po1,card,Private objective cards,Self-Serving,base-game,high,template-only,yes,../../assets/generated/cards/objective.svg,../../js/ui.js,card-objective-private,Unique card illustration is missing.
card-objective-private-po8,card,Private objective cards,Survivor,base-game,high,template-only,yes,../../assets/generated/cards/objective.svg,../../js/ui.js,card-objective-private,Unique card illustration is missing.
card-objective-private-po2,card,Private objective cards,The Great Hunt,base-game,high,template-only,yes,../../assets/generated/cards/objective.svg,../../js/ui.js,card-objective-private,Unique card illustration is missing.
card-objective-private-po14,card,Private objective cards,Tomb Raider,base-game,high,template-only,yes,../../assets/generated/cards/objective.svg,../../js/ui.js,card-objective-private,Unique card illustration is missing.
card-objective-private-po3,card,Private objective cards,"Veni, Vidi, Vici",base-game,high,template-only,yes,../../assets/generated/cards/objective.svg,../../js/ui.js,card-objective-private,Unique card illustration is missing.
req-card-objective-private-card-back,card,Private objective cards,card-back,base-game,high,template-only,yes,../../assets/generated/cards/objective.svg,../../js/ui.js,card-objective-private,Functional objective treatment; unique card illustration is missing.
req-card-objective-private-chosen,card,Private objective cards,chosen,base-game,high,template-only,yes,../../assets/generated/cards/objective.svg,../../js/ui.js,card-objective-private,Functional objective treatment; unique card illustration is missing.
req-card-objective-private-hidden,card,Private objective cards,hidden,base-game,high,template-only,yes,../../assets/generated/cards/objective.svg,../../js/ui.js,card-objective-private,Functional objective treatment; unique card illustration is missing.
req-card-objective-private-objective,card,Private objective cards,objective,base-game,high,template-only,yes,../../assets/generated/cards/objective.svg,../../js/ui.js,card-objective-private,Functional objective treatment; unique card illustration is missing.
req-card-objective-private-player-count,card,Private objective cards,player-count,base-game,high,template-only,yes,../../assets/generated/cards/objective.svg,../../js/ui.js,card-objective-private,Functional objective treatment; unique card illustration is missing.
req-card-objective-private-rejected,card,Private objective cards,rejected,base-game,high,template-only,yes,../../assets/generated/cards/objective.svg,../../js/ui.js,card-objective-private,Functional objective treatment; unique card illustration is missing.
card-objective-private-po9,card,Private objective cards,标本 Collector,base-game,high,template-only,yes,../../assets/generated/cards/objective.svg,../../js/ui.js,card-objective-private,Unique card illustration is missing.
card-item-red_gen_17,card,Red item cards, Riot Gun,base-game,critical,template-only,yes,../../assets/generated/cards/red-item.svg,../../js/ui.js,card-item-red,Category frame exists; unique item illustration is missing.
card-item-red_gen_12,card,Red item cards,Armor Piercing Rounds,base-game,critical,template-only,yes,../../assets/generated/cards/red-item.svg,../../js/ui.js,card-item-red,Category frame exists; unique item illustration is missing.
card-item-rifle,card,Red item cards,Assault Rifle,base-game,critical,template-only,yes,../../assets/generated/cards/red-item.svg,../../js/ui.js,card-item-red,Category frame exists; unique item illustration is missing.
card-item-automaticShotgun,card,Red item cards,Automatic Shotgun,base-game,critical,template-only,yes,../../assets/generated/cards/red-item.svg,../../js/ui.js,card-item-red,Category frame exists; unique item illustration is missing.
card-item-red_gen_18,card,Red item cards,Battle Rifle,base-game,critical,template-only,yes,../../assets/generated/cards/red-item.svg,../../js/ui.js,card-item-red,Category frame exists; unique item illustration is missing.
card-item-red_gen_0,card,Red item cards,Combat Knife,base-game,critical,template-only,yes,../../assets/generated/cards/red-item.svg,../../js/ui.js,card-item-red,Category frame exists; unique item illustration is missing.
card-item-red_gen_13,card,Red item cards,Combat Machete,base-game,critical,template-only,yes,../../assets/generated/cards/red-item.svg,../../js/ui.js,card-item-red,Category frame exists; unique item illustration is missing.
card-item-red_gen_4,card,Red item cards,Combat Shotgun,base-game,critical,template-only,yes,../../assets/generated/cards/red-item.svg,../../js/ui.js,card-item-red,Category frame exists; unique item illustration is missing.
card-item-red_gen_6,card,Red item cards,Crossbow,base-game,critical,template-only,yes,../../assets/generated/cards/red-item.svg,../../js/ui.js,card-item-red,Category frame exists; unique item illustration is missing.
card-item-flamethrower,card,Red item cards,Flamethrower,base-game,critical,template-only,yes,../../assets/generated/cards/red-item.svg,../../js/ui.js,card-item-red,Category frame exists; unique item illustration is missing.
card-item-red_gen_8,card,Red item cards,Flashbang,base-game,critical,template-only,yes,../../assets/generated/cards/red-item.svg,../../js/ui.js,card-item-red,Category frame exists; unique item illustration is missing.
card-item-red_gen_10,card,Red item cards,Frag Grenade,base-game,critical,template-only,yes,../../assets/generated/cards/red-item.svg,../../js/ui.js,card-item-red,Category frame exists; unique item illustration is missing.
card-item-grenadeLauncher,card,Red item cards,Grenade Launcher,base-game,critical,template-only,yes,../../assets/generated/cards/red-item.svg,../../js/ui.js,card-item-red,Category frame exists; unique item illustration is missing.
card-item-red_gen_5,card,Red item cards,Heavy Machine Gun,base-game,critical,template-only,yes,../../assets/generated/cards/red-item.svg,../../js/ui.js,card-item-red,Category frame exists; unique item illustration is missing.
card-item-red_gen_11,card,Red item cards,Incendiary Rounds,base-game,critical,template-only,yes,../../assets/generated/cards/red-item.svg,../../js/ui.js,card-item-red,Category frame exists; unique item illustration is missing.
card-item-red_gen_19,card,Red item cards,Laser Pistol,base-game,critical,template-only,yes,../../assets/generated/cards/red-item.svg,../../js/ui.js,card-item-red,Category frame exists; unique item illustration is missing.
card-item-militaryTaser,card,Red item cards,Military Taser,base-game,critical,template-only,yes,../../assets/generated/cards/red-item.svg,../../js/ui.js,card-item-red,Category frame exists; unique item illustration is missing.
card-item-red_gen_16,card,Red item cards,Net Launcher,base-game,critical,template-only,yes,../../assets/generated/cards/red-item.svg,../../js/ui.js,card-item-red,Category frame exists; unique item illustration is missing.
card-item-pistol,card,Red item cards,Pistol,base-game,critical,template-only,yes,../../assets/generated/cards/red-item.svg,../../js/ui.js,card-item-red,Category frame exists; unique item illustration is missing.
card-item-red_gen_3,card,Red item cards,Plasma Pistol,base-game,critical,template-only,yes,../../assets/generated/cards/red-item.svg,../../js/ui.js,card-item-red,Category frame exists; unique item illustration is missing.
card-item-red_gen_2,card,Red item cards,Pulse Rifle,base-game,critical,template-only,yes,../../assets/generated/cards/red-item.svg,../../js/ui.js,card-item-red,Category frame exists; unique item illustration is missing.
card-item-smg,card,Red item cards,SMG,base-game,critical,template-only,yes,../../assets/generated/cards/red-item.svg,../../js/ui.js,card-item-red,Category frame exists; unique item illustration is missing.
card-item-red_gen_9,card,Red item cards,Smoke Grenade,base-game,critical,template-only,yes,../../assets/generated/cards/red-item.svg,../../js/ui.js,card-item-red,Category frame exists; unique item illustration is missing.
card-item-sniperRifle,card,Red item cards,Sniper Rifle,base-game,critical,template-only,yes,../../assets/generated/cards/red-item.svg,../../js/ui.js,card-item-red,Category frame exists; unique item illustration is missing.
card-item-sonicGun,card,Red item cards,Sonic Gun,base-game,critical,template-only,yes,../../assets/generated/cards/red-item.svg,../../js/ui.js,card-item-red,Category frame exists; unique item illustration is missing.
card-item-red_gen_15,card,Red item cards,Speargun,base-game,critical,template-only,yes,../../assets/generated/cards/red-item.svg,../../js/ui.js,card-item-red,Category frame exists; unique item illustration is missing.
card-item-red_gen_1,card,Red item cards,Stun Baton,base-game,critical,template-only,yes,../../assets/generated/cards/red-item.svg,../../js/ui.js,card-item-red,Category frame exists; unique item illustration is missing.
card-item-red_gen_14,card,Red item cards,Tactical Batons,base-game,critical,template-only,yes,../../assets/generated/cards/red-item.svg,../../js/ui.js,card-item-red,Category frame exists; unique item illustration is missing.
card-item-tacticalHatchet,card,Red item cards,Tactical Hatchet,base-game,critical,template-only,yes,../../assets/generated/cards/red-item.svg,../../js/ui.js,card-item-red,Category frame exists; unique item illustration is missing.
card-item-red_gen_7,card,Red item cards,Taser,base-game,critical,template-only,yes,../../assets/generated/cards/red-item.svg,../../js/ui.js,card-item-red,Category frame exists; unique item illustration is missing.
req-card-item-red-ammo,card,Red item cards,ammo,base-game,critical,template-only,yes,../../assets/generated/cards/red-item.svg,../../js/ui.js,card-item-red,Functional category frame; unique item illustration is missing.
req-card-item-red-card-back,card,Red item cards,card-back,base-game,critical,template-only,yes,../../assets/generated/cards/red-item.svg,../../js/ui.js,card-item-red,Functional category frame; unique item illustration is missing.
req-card-item-red-card-front,card,Red item cards,card-front,base-game,critical,template-only,yes,../../assets/generated/cards/red-item.svg,../../js/ui.js,card-item-red,Functional category frame; unique item illustration is missing.
req-card-item-red-heavy,card,Red item cards,heavy,base-game,critical,template-only,yes,../../assets/generated/cards/red-item.svg,../../js/ui.js,card-item-red,Functional category frame; unique item illustration is missing.
req-card-item-red-one-use,card,Red item cards,one-use,base-game,critical,template-only,yes,../../assets/generated/cards/red-item.svg,../../js/ui.js,card-item-red,Functional category frame; unique item illustration is missing.
req-card-item-red-weapon,card,Red item cards,weapon,base-game,critical,template-only,yes,../../assets/generated/cards/red-item.svg,../../js/ui.js,card-item-red,Functional category frame; unique item illustration is missing.
card-wound-sw1,card,Serious wound cards,Blindness,base-game,high,missing,yes,,,card-wound,Unique card illustration is missing.
card-wound-sw24,card,Serious wound cards,Broken Jaw,base-game,high,missing,yes,,,card-wound,Unique card illustration is missing.
card-wound-sw2,card,Serious wound cards,Broken Ribs,base-game,high,missing,yes,,,card-wound,Unique card illustration is missing.
card-wound-sw8,card,Serious wound cards,Collapsed Lung,base-game,high,missing,yes,,,card-wound,Unique card illustration is missing.
card-wound-sw3,card,Serious wound cards,Concussion,base-game,high,missing,yes,,,card-wound,Unique card illustration is missing.
card-wound-sw7,card,Serious wound cards,Cracked Skull,base-game,high,missing,yes,,,card-wound,Unique card illustration is missing.
card-wound-sw18,card,Serious wound cards,Crushed Fingers,base-game,high,missing,yes,,,card-wound,Unique card illustration is missing.
card-wound-sw25,card,Serious wound cards,Crushed Windpipe,base-game,high,missing,yes,,,card-wound,Unique card illustration is missing.
card-wound-sw13,card,Serious wound cards,Deep Wound,base-game,high,missing,yes,,,card-wound,Unique card illustration is missing.
card-wound-sw17,card,Serious wound cards,Dislocated Shoulder,base-game,high,missing,yes,,,card-wound,Unique card illustration is missing.
card-wound-sw11,card,Serious wound cards,EYES,base-game,high,missing,yes,,,card-wound,Unique card illustration is missing.
card-wound-sw14,card,Serious wound cards,Fractured Arm,base-game,high,missing,yes,,,card-wound,Unique card illustration is missing.
card-wound-sw27,card,Serious wound cards,General Trauma,base-game,high,missing,yes,,,card-wound,Unique card illustration is missing.
card-wound-sw4,card,Serious wound cards,Internal Bleeding,base-game,high,missing,yes,,,card-wound,Unique card illustration is missing.
card-wound-sw10,card,Serious wound cards,Loss of Vision,base-game,high,missing,yes,,,card-wound,Unique card illustration is missing.
card-wound-sw9,card,Serious wound cards,Nerve Damage,base-game,high,missing,yes,,,card-wound,Unique card illustration is missing.
card-wound-sw21,card,Serious wound cards,Perforated Eardrum,base-game,high,missing,yes,,,card-wound,Unique card illustration is missing.
card-wound-sw23,card,Serious wound cards,Punctured Lung,base-game,high,missing,yes,,,card-wound,Unique card illustration is missing.
card-wound-sw19,card,Serious wound cards,Ruptured Spleen,base-game,high,missing,yes,,,card-wound,Unique card illustration is missing.
card-wound-sw16,card,Serious wound cards,Severe Burns,base-game,high,missing,yes,,,card-wound,Unique card illustration is missing.
card-wound-sw22,card,Serious wound cards,Severed Tendon,base-game,high,missing,yes,,,card-wound,Unique card illustration is missing.
card-wound-sw5,card,Serious wound cards,Shattered Hand,base-game,high,missing,yes,,,card-wound,Unique card illustration is missing.
card-wound-sw20,card,Serious wound cards,Spinal Injury,base-game,high,missing,yes,,,card-wound,Unique card illustration is missing.
card-wound-sw6,card,Serious wound cards,Sprained Ankle,base-game,high,missing,yes,,,card-wound,Unique card illustration is missing.
card-wound-sw26,card,Serious wound cards,Torn Ligament,base-game,high,missing,yes,,,card-wound,Unique card illustration is missing.
card-wound-sw15,card,Serious wound cards,Torn Muscle,base-game,high,missing,yes,,,card-wound,Unique card illustration is missing.
card-wound-sw12,card,Serious wound cards,Weak Spot,base-game,high,missing,yes,,,card-wound,Unique card illustration is missing.
req-card-wound-active,card,Serious wound cards,active,base-game,high,missing,yes,,,card-wound,No game-facing card artwork exists for this family.
req-card-wound-body-location,card,Serious wound cards,body-location,base-game,high,missing,yes,,,card-wound,No game-facing card artwork exists for this family.
req-card-wound-card-back,card,Serious wound cards,card-back,base-game,high,missing,yes,,,card-wound,No game-facing card artwork exists for this family.
req-card-wound-treated,card,Serious wound cards,treated,base-game,high,missing,yes,,,card-wound,No game-facing card artwork exists for this family.
card-starting-automaticShotgun,card,Starting item cards,Automatic Shotgun,base-game,critical,template-only,yes,../../assets/generated/cards/red-item.svg,../../js/ui.js,card-starting-item,Category frame exists; unique item illustration is missing.
card-starting-medpackStarter,card,Starting item cards,Medpack,base-game,critical,template-only,yes,../../assets/generated/cards/green-item.svg,../../js/ui.js,card-starting-item,Category frame exists; unique item illustration is missing.
card-starting-tacticalHatchet,card,Starting item cards,Tactical Hatchet,base-game,critical,template-only,yes,../../assets/generated/cards/red-item.svg,../../js/ui.js,card-starting-item,Category frame exists; unique item illustration is missing.
req-card-starting-item-equipment,card,Starting item cards,equipment,base-game,critical,template-only,yes,../../assets/generated/cards/yellow-item.svg,../../js/ui.js,card-starting-item,Functional category frame; unique item illustration is missing.
req-card-starting-item-heavy,card,Starting item cards,heavy,base-game,critical,template-only,yes,../../assets/generated/cards/yellow-item.svg,../../js/ui.js,card-starting-item,Functional category frame; unique item illustration is missing.
card-starting-officerPistol,card,Starting item cards,officerPistol,base-game,critical,template-only,yes,../../assets/generated/cards/yellow-item.svg,../../js/ui.js,card-starting-item,Category frame exists; unique item illustration is missing.
req-card-starting-item-one-use,card,Starting item cards,one-use,base-game,critical,template-only,yes,../../assets/generated/cards/yellow-item.svg,../../js/ui.js,card-starting-item,Functional category frame; unique item illustration is missing.
card-starting-reconScanner,card,Starting item cards,reconScanner,base-game,critical,template-only,yes,../../assets/generated/cards/yellow-item.svg,../../js/ui.js,card-starting-item,Category frame exists; unique item illustration is missing.
req-card-starting-item-tactical-belt,card,Starting item cards,tactical-belt,base-game,critical,template-only,yes,../../assets/generated/cards/yellow-item.svg,../../js/ui.js,card-starting-item,Functional category frame; unique item illustration is missing.
req-card-starting-item-weapon,card,Starting item cards,weapon,base-game,critical,template-only,yes,../../assets/generated/cards/yellow-item.svg,../../js/ui.js,card-starting-item,Functional category frame; unique item illustration is missing.
card-item-yellow_gen_5,card,Yellow item cards,Ammo Belt,base-game,critical,template-only,yes,../../assets/generated/cards/yellow-item.svg,../../js/ui.js,card-item-yellow,Category frame exists; unique item illustration is missing.
card-item-yellow_gen_18,card,Yellow item cards,Bolt Cutters,base-game,critical,template-only,yes,../../assets/generated/cards/yellow-item.svg,../../js/ui.js,card-item-yellow,Category frame exists; unique item illustration is missing.
card-item-yellow_gen_10,card,Yellow item cards,Breach Charge,base-game,critical,template-only,yes,../../assets/generated/cards/yellow-item.svg,../../js/ui.js,card-item-yellow,Category frame exists; unique item illustration is missing.
card-item-yellow_gen_2,card,Yellow item cards,Crowbar,base-game,critical,template-only,yes,../../assets/generated/cards/yellow-item.svg,../../js/ui.js,card-item-yellow,Category frame exists; unique item illustration is missing.
card-item-yellow_gen_14,card,Yellow item cards,Data Link,base-game,critical,template-only,yes,../../assets/generated/cards/yellow-item.svg,../../js/ui.js,card-item-yellow,Category frame exists; unique item illustration is missing.
card-item-ductTape,card,Yellow item cards,Duct Tape,base-game,critical,template-only,yes,../../assets/generated/cards/yellow-item.svg,../../js/ui.js,card-item-yellow,Category frame exists; unique item illustration is missing.
card-item-yellow_gen_19,card,Yellow item cards,Fire Extinguisher,base-game,critical,template-only,yes,../../assets/generated/cards/yellow-item.svg,../../js/ui.js,card-item-yellow,Category frame exists; unique item illustration is missing.
card-item-yellow_gen_6,card,Yellow item cards,Grenade Pouch,base-game,critical,template-only,yes,../../assets/generated/cards/yellow-item.svg,../../js/ui.js,card-item-yellow,Category frame exists; unique item illustration is missing.
card-item-yellow_gen_8,card,Yellow item cards,Hazmat Suit,base-game,critical,template-only,yes,../../assets/generated/cards/yellow-item.svg,../../js/ui.js,card-item-yellow,Category frame exists; unique item illustration is missing.
card-item-heavyArmor,card,Yellow item cards,Heavy Armor,base-game,critical,template-only,yes,../../assets/generated/cards/yellow-item.svg,../../js/ui.js,card-item-yellow,Category frame exists; unique item illustration is missing.
card-item-yellow_gen_20,card,Yellow item cards,Insulated Suit,base-game,critical,template-only,yes,../../assets/generated/cards/yellow-item.svg,../../js/ui.js,card-item-yellow,Category frame exists; unique item illustration is missing.
card-item-yellow_gen_4,card,Yellow item cards,Med Kit Carrier,base-game,critical,template-only,yes,../../assets/generated/cards/yellow-item.svg,../../js/ui.js,card-item-yellow,Category frame exists; unique item illustration is missing.
card-item-yellow_gen_12,card,Yellow item cards,Motion Detector,base-game,critical,template-only,yes,../../assets/generated/cards/yellow-item.svg,../../js/ui.js,card-item-yellow,Category frame exists; unique item illustration is missing.
card-item-yellow_gen_15,card,Yellow item cards,Override Key,base-game,critical,template-only,yes,../../assets/generated/cards/yellow-item.svg,../../js/ui.js,card-item-yellow,Category frame exists; unique item illustration is missing.
card-item-perimeterSecurityDevice,card,Yellow item cards,Perimeter Security Device,base-game,critical,template-only,yes,../../assets/generated/cards/yellow-item.svg,../../js/ui.js,card-item-yellow,Category frame exists; unique item illustration is missing.
card-item-yellow_gen_16,card,Yellow item cards,Power Drill,base-game,critical,template-only,yes,../../assets/generated/cards/yellow-item.svg,../../js/ui.js,card-item-yellow,Category frame exists; unique item illustration is missing.
card-item-yellow_gen_21,card,Yellow item cards,Pressure Suit,base-game,critical,template-only,yes,../../assets/generated/cards/yellow-item.svg,../../js/ui.js,card-item-yellow,Category frame exists; unique item illustration is missing.
card-item-yellow_gen_22,card,Yellow item cards,Reinforced Boots,base-game,critical,template-only,yes,../../assets/generated/cards/yellow-item.svg,../../js/ui.js,card-item-yellow,Category frame exists; unique item illustration is missing.
card-item-yellow_gen_9,card,Yellow item cards,Reinforced Gloves,base-game,critical,template-only,yes,../../assets/generated/cards/yellow-item.svg,../../js/ui.js,card-item-yellow,Category frame exists; unique item illustration is missing.
card-item-yellow_gen_3,card,Yellow item cards,Repair Kit,base-game,critical,template-only,yes,../../assets/generated/cards/yellow-item.svg,../../js/ui.js,card-item-yellow,Category frame exists; unique item illustration is missing.
card-item-serverRobot,card,Yellow item cards,Server Robot,base-game,critical,template-only,yes,../../assets/generated/cards/yellow-item.svg,../../js/ui.js,card-item-yellow,Category frame exists; unique item illustration is missing.
card-item-yellow_gen_13,card,Yellow item cards,Signal Booster,base-game,critical,template-only,yes,../../assets/generated/cards/yellow-item.svg,../../js/ui.js,card-item-yellow,Category frame exists; unique item illustration is missing.
card-item-yellow_gen_17,card,Yellow item cards,Sledgehammer,base-game,critical,template-only,yes,../../assets/generated/cards/yellow-item.svg,../../js/ui.js,card-item-yellow,Category frame exists; unique item illustration is missing.
card-item-yellow_gen_24,card,Yellow item cards,Spare Parts,base-game,critical,template-only,yes,../../assets/generated/cards/yellow-item.svg,../../js/ui.js,card-item-yellow,Category frame exists; unique item illustration is missing.
card-item-technicalRobot,card,Yellow item cards,Technical Robot,base-game,critical,template-only,yes,../../assets/generated/cards/yellow-item.svg,../../js/ui.js,card-item-yellow,Category frame exists; unique item illustration is missing.
card-item-yellow_gen_11,card,Yellow item cards,Thermal Goggles,base-game,critical,template-only,yes,../../assets/generated/cards/yellow-item.svg,../../js/ui.js,card-item-yellow,Category frame exists; unique item illustration is missing.
card-item-yellow_gen_0,card,Yellow item cards,Tool Kit,base-game,critical,template-only,yes,../../assets/generated/cards/yellow-item.svg,../../js/ui.js,card-item-yellow,Category frame exists; unique item illustration is missing.
card-item-yellow_gen_23,card,Yellow item cards,Traction Cleats,base-game,critical,template-only,yes,../../assets/generated/cards/yellow-item.svg,../../js/ui.js,card-item-yellow,Category frame exists; unique item illustration is missing.
card-item-yellow_gen_7,card,Yellow item cards,Utility Belt,base-game,critical,template-only,yes,../../assets/generated/cards/yellow-item.svg,../../js/ui.js,card-item-yellow,Category frame exists; unique item illustration is missing.
card-item-yellow_gen_1,card,Yellow item cards,Welding Torch,base-game,critical,template-only,yes,../../assets/generated/cards/yellow-item.svg,../../js/ui.js,card-item-yellow,Category frame exists; unique item illustration is missing.
req-card-item-yellow-card-back,card,Yellow item cards,card-back,base-game,critical,template-only,yes,../../assets/generated/cards/yellow-item.svg,../../js/ui.js,card-item-yellow,Functional category frame; unique item illustration is missing.
req-card-item-yellow-card-front,card,Yellow item cards,card-front,base-game,critical,template-only,yes,../../assets/generated/cards/yellow-item.svg,../../js/ui.js,card-item-yellow,Functional category frame; unique item illustration is missing.
req-card-item-yellow-equipment,card,Yellow item cards,equipment,base-game,critical,template-only,yes,../../assets/generated/cards/yellow-item.svg,../../js/ui.js,card-item-yellow,Functional category frame; unique item illustration is missing.
req-card-item-yellow-one-use,card,Yellow item cards,one-use,base-game,critical,template-only,yes,../../assets/generated/cards/yellow-item.svg,../../js/ui.js,card-item-yellow,Functional category frame; unique item illustration is missing.
req-card-item-yellow-tactical-belt,card,Yellow item cards,tactical-belt,base-game,critical,template-only,yes,../../assets/generated/cards/yellow-item.svg,../../js/ui.js,card-item-yellow,Functional category frame; unique item illustration is missing.
req-char-bioexpert-action-card-frame,character,Bioenhancement Expert,action-card-frame,base-game,critical,missing,yes,,,char-bioexpert,Not represented in current game data or generated roster.
req-char-bioexpert-dashboard,character,Bioenhancement Expert,dashboard,base-game,critical,missing,yes,,,char-bioexpert,Not represented in current game data or generated roster.
req-char-bioexpert-full-body,character,Bioenhancement Expert,full-body,base-game,critical,missing,yes,,,char-bioexpert,Not represented in current game data or generated roster.
req-char-bioexpert-model-turnaround,character,Bioenhancement Expert,model-turnaround,base-game,critical,missing,yes,,,char-bioexpert,Not represented in current game data or generated roster.
req-char-bioexpert-portrait,character,Bioenhancement Expert,portrait,base-game,critical,missing,yes,,,char-bioexpert,Not represented in current game data or generated roster.
req-char-bioexpert-tactical-token,character,Bioenhancement Expert,tactical-token,base-game,critical,missing,yes,,,char-bioexpert,Not represented in current game data or generated roster.
req-char-state-active,character,Character tactical states,active,base-game,critical,complete,no,../../js/render.js,../../js/render.js,char-state,Rendered with selection/active rings.
req-char-state-dead,character,Character tactical states,dead,base-game,critical,partial,partial,../../js/render.js;../../js/ui.js,../../js/render.js;../../js/ui.js,char-state,State is text/color-redundant; dedicated variant art is missing.
req-char-state-disconnected,character,Character tactical states,disconnected,base-game,critical,partial,partial,../../js/render.js;../../js/ui.js,../../js/render.js;../../js/ui.js,char-state,State is text/color-redundant; dedicated variant art is missing.
req-char-state-escaped,character,Character tactical states,escaped,base-game,critical,partial,partial,../../js/render.js;../../js/ui.js,../../js/render.js;../../js/ui.js,char-state,State is text/color-redundant; dedicated variant art is missing.
req-char-state-heavily-injured,character,Character tactical states,heavily-injured,base-game,critical,partial,partial,../../js/render.js;../../js/ui.js,../../js/render.js;../../js/ui.js,char-state,State is text/color-redundant; dedicated variant art is missing.
req-char-state-hidden,character,Character tactical states,hidden,base-game,critical,missing,yes,,,char-state,Dedicated state treatment is missing.
req-char-state-injured,character,Character tactical states,injured,base-game,critical,partial,partial,../../js/render.js;../../js/ui.js,../../js/render.js;../../js/ui.js,char-state,State is text/color-redundant; dedicated variant art is missing.
req-char-state-moved,character,Character tactical states,moved,base-game,critical,missing,yes,,,char-state,Dedicated state treatment is missing.
req-char-state-selected,character,Character tactical states,selected,base-game,critical,complete,no,../../js/render.js,../../js/render.js,char-state,Rendered with selection/active rings.
req-char-engineer-action-card-frame,character,Combat Engineer,action-card-frame,base-game,critical,template-only,yes,../../assets/generated/cards/action.svg,../../js/ui.js,char-engineer,Shared functional frame; unique class treatment is missing.
req-char-engineer-dashboard,character,Combat Engineer,dashboard,base-game,critical,partial,partial,../../assets/generated/characters/combatEngineer.svg,../../js/ui.js;../../css/style.css,char-engineer,Functional dashboard uses the portrait; unique dashboard scene is not authored.
req-char-engineer-full-body,character,Combat Engineer,full-body,base-game,critical,missing,yes,,,char-engineer,Unique authored character art is required.
req-char-engineer-model-turnaround,character,Combat Engineer,model-turnaround,base-game,critical,missing,yes,,,char-engineer,Unique authored character art is required.
game-char-combatEngineer-portrait,character,Combat Engineer,portrait,base-game,critical,complete,no,../../assets/generated/characters/combatEngineer.svg,../../js/render.js;../../js/ui.js,game-data-character,Concrete current-roster asset.
req-char-engineer-portrait,character,Combat Engineer,portrait,base-game,critical,complete,no,../../assets/generated/characters/combatEngineer.svg,../../js/render.js;../../js/ui.js,char-engineer,Original class-coded vector asset.
game-char-combatEngineer-tactical-token,character,Combat Engineer,tactical-token,base-game,critical,complete,no,../../assets/generated/characters/combatEngineer.svg,../../js/render.js;../../js/ui.js,game-data-character,Concrete current-roster asset.
req-char-engineer-tactical-token,character,Combat Engineer,tactical-token,base-game,critical,complete,no,../../assets/generated/characters/combatEngineer.svg,../../js/render.js;../../js/ui.js,char-engineer,Original class-coded vector asset.
game-char-contractor-portrait,character,Contractor,portrait,base-game,critical,complete,no,../../assets/generated/characters/contractor.svg,../../js/render.js;../../js/ui.js,game-data-character,Concrete current-roster asset.
game-char-contractor-tactical-token,character,Contractor,tactical-token,base-game,critical,complete,no,../../assets/generated/characters/contractor.svg,../../js/render.js;../../js/ui.js,game-data-character,Concrete current-roster asset.
game-char-heavyGunOperator-portrait,character,Heavy Gun Operator,portrait,base-game,critical,complete,no,../../assets/generated/characters/heavyGunOperator.svg,../../js/render.js;../../js/ui.js,game-data-character,Concrete current-roster asset.
game-char-heavyGunOperator-tactical-token,character,Heavy Gun Operator,tactical-token,base-game,critical,complete,no,../../assets/generated/characters/heavyGunOperator.svg,../../js/render.js;../../js/ui.js,game-data-character,Concrete current-roster asset.
req-char-heavy-gunner-action-card-frame,character,Heavy Gunner,action-card-frame,base-game,critical,template-only,yes,../../assets/generated/cards/action.svg,../../js/ui.js,char-heavy-gunner,Shared functional frame; unique class treatment is missing.
req-char-heavy-gunner-dashboard,character,Heavy Gunner,dashboard,base-game,critical,partial,partial,../../assets/generated/characters/heavyGunOperator.svg,../../js/ui.js;../../css/style.css,char-heavy-gunner,Functional dashboard uses the portrait; unique dashboard scene is not authored.
req-char-heavy-gunner-full-body,character,Heavy Gunner,full-body,base-game,critical,missing,yes,,,char-heavy-gunner,Unique authored character art is required.
req-char-heavy-gunner-model-turnaround,character,Heavy Gunner,model-turnaround,base-game,critical,missing,yes,,,char-heavy-gunner,Unique authored character art is required.
req-char-heavy-gunner-portrait,character,Heavy Gunner,portrait,base-game,critical,complete,no,../../assets/generated/characters/heavyGunOperator.svg,../../js/render.js;../../js/ui.js,char-heavy-gunner,Original class-coded vector asset.
req-char-heavy-gunner-tactical-token,character,Heavy Gunner,tactical-token,base-game,critical,complete,no,../../assets/generated/characters/heavyGunOperator.svg,../../js/render.js;../../js/ui.js,char-heavy-gunner,Original class-coded vector asset.
req-char-legacy-action-card-frame,character,Legacy and stretch-goal characters,action-card-frame,future,future,deferred,deferred,,,char-legacy,Not in current base-game scope.
req-char-legacy-dashboard,character,Legacy and stretch-goal characters,dashboard,future,future,deferred,deferred,,,char-legacy,Not in current base-game scope.
req-char-legacy-portrait,character,Legacy and stretch-goal characters,portrait,future,future,deferred,deferred,,,char-legacy,Not in current base-game scope.
req-char-legacy-tactical-token,character,Legacy and stretch-goal characters,tactical-token,future,future,deferred,deferred,,,char-legacy,Not in current base-game scope.
req-char-medic-action-card-frame,character,Medical Support,action-card-frame,base-game,critical,template-only,yes,../../assets/generated/cards/action.svg,../../js/ui.js,char-medic,Shared functional frame; unique class treatment is missing.
req-char-medic-dashboard,character,Medical Support,dashboard,base-game,critical,partial,partial,../../assets/generated/characters/medicalSupport.svg,../../js/ui.js;../../css/style.css,char-medic,Functional dashboard uses the portrait; unique dashboard scene is not authored.
req-char-medic-full-body,character,Medical Support,full-body,base-game,critical,missing,yes,,,char-medic,Unique authored character art is required.
req-char-medic-model-turnaround,character,Medical Support,model-turnaround,base-game,critical,missing,yes,,,char-medic,Unique authored character art is required.
game-char-medicalSupport-portrait,character,Medical Support,portrait,base-game,critical,complete,no,../../assets/generated/characters/medicalSupport.svg,../../js/render.js;../../js/ui.js,game-data-character,Concrete current-roster asset.
req-char-medic-portrait,character,Medical Support,portrait,base-game,critical,complete,no,../../assets/generated/characters/medicalSupport.svg,../../js/render.js;../../js/ui.js,char-medic,Original class-coded vector asset.
game-char-medicalSupport-tactical-token,character,Medical Support,tactical-token,base-game,critical,complete,no,../../assets/generated/characters/medicalSupport.svg,../../js/render.js;../../js/ui.js,game-data-character,Concrete current-roster asset.
req-char-medic-tactical-token,character,Medical Support,tactical-token,base-game,critical,complete,no,../../assets/generated/characters/medicalSupport.svg,../../js/render.js;../../js/ui.js,char-medic,Original class-coded vector asset.
req-char-officer-action-card-frame,character,Officer,action-card-frame,base-game,critical,template-only,yes,../../assets/generated/cards/action.svg,../../js/ui.js,char-officer,Shared functional frame; unique class treatment is missing.
req-char-officer-dashboard,character,Officer,dashboard,base-game,critical,partial,partial,../../assets/generated/characters/officer.svg,../../js/ui.js;../../css/style.css,char-officer,Functional dashboard uses the portrait; unique dashboard scene is not authored.
req-char-officer-full-body,character,Officer,full-body,base-game,critical,missing,yes,,,char-officer,Unique authored character art is required.
req-char-officer-model-turnaround,character,Officer,model-turnaround,base-game,critical,missing,yes,,,char-officer,Unique authored character art is required.
game-char-officer-portrait,character,Officer,portrait,base-game,critical,complete,no,../../assets/generated/characters/officer.svg,../../js/render.js;../../js/ui.js,game-data-character,Concrete current-roster asset.
req-char-officer-portrait,character,Officer,portrait,base-game,critical,complete,no,../../assets/generated/characters/officer.svg,../../js/render.js;../../js/ui.js,char-officer,Original class-coded vector asset.
game-char-officer-tactical-token,character,Officer,tactical-token,base-game,critical,complete,no,../../assets/generated/characters/officer.svg,../../js/render.js;../../js/ui.js,game-data-character,Concrete current-roster asset.
req-char-officer-tactical-token,character,Officer,tactical-token,base-game,critical,complete,no,../../assets/generated/characters/officer.svg,../../js/render.js;../../js/ui.js,char-officer,Original class-coded vector asset.
req-player-color-blue,character,Player identity colors,blue,base-game,critical,complete,no,../../assets/generated/ui-symbols.svg,../../js/assets.js;../../css/style.css,player-color,Semantic color mapping with text/icon redundancy.
req-player-color-green,character,Player identity colors,green,base-game,critical,complete,no,../../assets/generated/ui-symbols.svg,../../js/assets.js;../../css/style.css,player-color,Semantic color mapping with text/icon redundancy.
req-player-color-purple,character,Player identity colors,purple,base-game,critical,complete,no,../../assets/generated/ui-symbols.svg,../../js/assets.js;../../css/style.css,player-color,Semantic color mapping with text/icon redundancy.
req-player-color-red,character,Player identity colors,red,base-game,critical,complete,no,../../assets/generated/ui-symbols.svg,../../js/assets.js;../../css/style.css,player-color,Semantic color mapping with text/icon redundancy.
req-player-color-yellow,character,Player identity colors,yellow,base-game,critical,complete,no,../../assets/generated/ui-symbols.svg,../../js/assets.js;../../css/style.css,player-color,Semantic color mapping with text/icon redundancy.
req-char-recon-action-card-frame,character,Recon,action-card-frame,base-game,critical,template-only,yes,../../assets/generated/cards/action.svg,../../js/ui.js,char-recon,Shared functional frame; unique class treatment is missing.
req-char-recon-dashboard,character,Recon,dashboard,base-game,critical,partial,partial,../../assets/generated/characters/recon.svg,../../js/ui.js;../../css/style.css,char-recon,Functional dashboard uses the portrait; unique dashboard scene is not authored.
req-char-recon-full-body,character,Recon,full-body,base-game,critical,missing,yes,,,char-recon,Unique authored character art is required.
req-char-recon-model-turnaround,character,Recon,model-turnaround,base-game,critical,missing,yes,,,char-recon,Unique authored character art is required.
game-char-recon-portrait,character,Recon,portrait,base-game,critical,complete,no,../../assets/generated/characters/recon.svg,../../js/render.js;../../js/ui.js,game-data-character,Concrete current-roster asset.
req-char-recon-portrait,character,Recon,portrait,base-game,critical,complete,no,../../assets/generated/characters/recon.svg,../../js/render.js;../../js/ui.js,char-recon,Original class-coded vector asset.
game-char-recon-tactical-token,character,Recon,tactical-token,base-game,critical,complete,no,../../assets/generated/characters/recon.svg,../../js/render.js;../../js/ui.js,game-data-character,Concrete current-roster asset.
req-char-recon-tactical-token,character,Recon,tactical-token,base-game,critical,complete,no,../../assets/generated/characters/recon.svg,../../js/render.js;../../js/ui.js,char-recon,Original class-coded vector asset.
req-char-sharpshooter-action-card-frame,character,Sharpshooter,action-card-frame,future,future,deferred,deferred,,,char-sharpshooter,Not in current base-game scope.
req-char-sharpshooter-dashboard,character,Sharpshooter,dashboard,future,future,deferred,deferred,,,char-sharpshooter,Not in current base-game scope.
req-char-sharpshooter-full-body,character,Sharpshooter,full-body,future,future,deferred,deferred,,,char-sharpshooter,Not in current base-game scope.
req-char-sharpshooter-model-turnaround,character,Sharpshooter,model-turnaround,future,future,deferred,deferred,,,char-sharpshooter,Not in current base-game scope.
req-char-sharpshooter-portrait,character,Sharpshooter,portrait,future,future,deferred,deferred,,,char-sharpshooter,Not in current base-game scope.
req-char-sharpshooter-tactical-token,character,Sharpshooter,tactical-token,future,future,deferred,deferred,,,char-sharpshooter,Not in current base-game scope.
req-char-uav-action-card-frame,character,UAV Operator,action-card-frame,future,future,deferred,deferred,,,char-uav,Not in current base-game scope.
req-char-uav-dashboard,character,UAV Operator,dashboard,future,future,deferred,deferred,,,char-uav,Not in current base-game scope.
req-char-uav-drone,character,UAV Operator,drone,future,future,deferred,deferred,,,char-uav,Not in current base-game scope.
req-char-uav-full-body,character,UAV Operator,full-body,future,future,deferred,deferred,,,char-uav,Not in current base-game scope.
req-char-uav-model-turnaround,character,UAV Operator,model-turnaround,future,future,deferred,deferred,,,char-uav,Not in current base-game scope.
req-char-uav-portrait,character,UAV Operator,portrait,future,future,deferred,deferred,,,char-uav,Not in current base-game scope.
req-char-uav-tactical-token,character,UAV Operator,tactical-token,future,future,deferred,deferred,,,char-uav,Not in current base-game scope.
req-dashboard-character-ammo,dashboard,Character dashboard,ammo,base-game,critical,partial,partial,../../js/ui.js;../../css/style.css,../../js/ui.js;../../css/style.css,dashboard-character,Functional responsive dashboard; unique illustrated surface variants remain.
req-dashboard-character-backpack,dashboard,Character dashboard,backpack,base-game,critical,partial,partial,../../js/ui.js;../../css/style.css,../../js/ui.js;../../css/style.css,dashboard-character,Functional responsive dashboard; unique illustrated surface variants remain.
req-dashboard-character-hand-slots,dashboard,Character dashboard,hand-slots,base-game,critical,partial,partial,../../js/ui.js;../../css/style.css,../../js/ui.js;../../css/style.css,dashboard-character,Functional responsive dashboard; unique illustrated surface variants remain.
req-dashboard-character-health-track,dashboard,Character dashboard,health-track,base-game,critical,partial,partial,../../js/ui.js;../../css/style.css,../../js/ui.js;../../css/style.css,dashboard-character,Functional responsive dashboard; unique illustrated surface variants remain.
req-dashboard-character-oxygen,dashboard,Character dashboard,oxygen,base-game,critical,partial,partial,../../js/ui.js;../../css/style.css,../../js/ui.js;../../css/style.css,dashboard-character,Functional responsive dashboard; unique illustrated surface variants remain.
req-dashboard-character-portrait,dashboard,Character dashboard,portrait,base-game,critical,partial,partial,../../js/ui.js;../../css/style.css,../../js/ui.js;../../css/style.css,dashboard-character,Functional responsive dashboard; unique illustrated surface variants remain.
req-dashboard-character-tactical-belt,dashboard,Character dashboard,tactical-belt,base-game,critical,partial,partial,../../js/ui.js;../../css/style.css,../../js/ui.js;../../css/style.css,dashboard-character,Functional responsive dashboard; unique illustrated surface variants remain.
req-dashboard-character-wounds,dashboard,Character dashboard,wounds,base-game,critical,partial,partial,../../js/ui.js;../../css/style.css,../../js/ui.js;../../css/style.css,dashboard-character,Functional responsive dashboard; unique illustrated surface variants remain.
req-dashboard-team-lander,dashboard,Shared mission/board dashboard,lander,base-game,high,partial,partial,../../js/ui.js;../../css/style.css,../../js/ui.js;../../css/style.css,dashboard-team,Functional responsive dashboard; unique illustrated surface variants remain.
req-dashboard-team-life-support,dashboard,Shared mission/board dashboard,life-support,base-game,high,partial,partial,../../js/ui.js;../../css/style.css,../../js/ui.js;../../css/style.css,dashboard-team,Functional responsive dashboard; unique illustrated surface variants remain.
req-dashboard-team-objectives,dashboard,Shared mission/board dashboard,objectives,base-game,high,partial,partial,../../js/ui.js;../../css/style.css,../../js/ui.js;../../css/style.css,dashboard-team,Functional responsive dashboard; unique illustrated surface variants remain.
req-dashboard-team-phase,dashboard,Shared mission/board dashboard,phase,base-game,high,partial,partial,../../js/ui.js;../../css/style.css,../../js/ui.js;../../css/style.css,dashboard-team,Functional responsive dashboard; unique illustrated surface variants remain.
req-dashboard-team-reactor,dashboard,Shared mission/board dashboard,reactor,base-game,high,partial,partial,../../js/ui.js;../../css/style.css,../../js/ui.js;../../css/style.css,dashboard-team,Functional responsive dashboard; unique illustrated surface variants remain.
req-dashboard-team-round,dashboard,Shared mission/board dashboard,round,base-game,high,partial,partial,../../js/ui.js;../../css/style.css,../../js/ui.js;../../css/style.css,dashboard-team,Functional responsive dashboard; unique illustrated surface variants remain.
req-dice-combat-all-faces,dice,Combat dice,all faces,base-game,critical,missing,yes,,,dice-combat,Dedicated die-face and animation art is missing.
req-dice-combat-hit,dice,Combat dice,hit,base-game,critical,missing,yes,,,dice-combat,Dedicated die-face and animation art is missing.
req-dice-combat-miss,dice,Combat dice,miss,base-game,critical,missing,yes,,,dice-combat,Dedicated die-face and animation art is missing.
req-dice-combat-roll-animation,dice,Combat dice,roll-animation,base-game,critical,missing,yes,,,dice-combat,Dedicated die-face and animation art is missing.
req-dice-combat-special,dice,Combat dice,special,base-game,critical,missing,yes,,,dice-combat,Dedicated die-face and animation art is missing.
req-dice-noise-all-faces,dice,Noise die,all faces,base-game,critical,missing,yes,,,dice-noise,Dedicated die-face and animation art is missing.
req-dice-noise-roll-animation,dice,Noise die,roll-animation,base-game,critical,missing,yes,,,dice-noise,Dedicated die-face and animation art is missing.
req-corpses-body-token,entity,Corpses and casualties,body-token,base-game,medium,missing,yes,,,corpses,No current production art is linked.
req-corpses-intruder-corpses,entity,Corpses and casualties,intruder-corpses,base-game,medium,missing,yes,,,corpses,No current production art is linked.
req-corpses-marine-corpses,entity,Corpses and casualties,marine-corpses,base-game,medium,missing,yes,,,corpses,No current production art is linked.
req-intruder-eggs-destroyed-nest,entity,Eggs and Nest,destroyed-nest,base-game,high,missing,yes,,,intruder-eggs,No current production art is linked.
req-intruder-eggs-egg-model,entity,Eggs and Nest,egg-model,base-game,high,missing,yes,,,intruder-eggs,No current production art is linked.
req-intruder-eggs-egg-token,entity,Eggs and Nest,egg-token,base-game,high,missing,yes,,,intruder-eggs,No current production art is linked.
req-intruder-eggs-nest-damage,entity,Eggs and Nest,nest-damage,base-game,high,missing,yes,,,intruder-eggs,No current production art is linked.
req-intruder-eggs-nest-room,entity,Eggs and Nest,nest-room,base-game,high,complete,no,../../assets/generated/rooms/nest.svg,../../js/render.js,intruder-eggs,Original Nest room plate.
req-insider-character,entity,Insider,character,future,future,deferred,deferred,,,insider,Not in current base-game scope.
req-insider-iconography,entity,Insider,iconography,future,future,deferred,deferred,,,insider,Not in current base-game scope.
req-insider-infection-state,entity,Insider,infection-state,future,future,deferred,deferred,,,insider,Not in current base-game scope.
req-insider-tokens,entity,Insider,tokens,future,future,deferred,deferred,,,insider,Not in current base-game scope.
game-intruder-larva-silhouette,entity,Larva,silhouette,base-game,critical,complete,no,../../assets/generated/intruders/larva.svg,../../js/render.js,game-data-intruder,Concrete current-roster asset.
game-intruder-larva-top-down-token,entity,Larva,top-down-token,base-game,critical,complete,no,../../assets/generated/intruders/larva.svg,../../js/render.js,game-data-intruder,Concrete current-roster asset.
req-neoflesh-bag-tokens,entity,Neoflesh Cult,bag-tokens,future,future,deferred,deferred,,,neoflesh,Not in current base-game scope.
req-neoflesh-cultist,entity,Neoflesh Cult,cultist,future,future,deferred,deferred,,,neoflesh,Not in current base-game scope.
req-neoflesh-delver,entity,Neoflesh Cult,delver,future,future,deferred,deferred,,,neoflesh,Not in current base-game scope.
req-neoflesh-exploder,entity,Neoflesh Cult,exploder,future,future,deferred,deferred,,,neoflesh,Not in current base-game scope.
req-neoflesh-queen,entity,Neoflesh Cult,queen,future,future,deferred,deferred,,,neoflesh,Not in current base-game scope.
req-neoflesh-ranged-delver,entity,Neoflesh Cult,ranged-delver,future,future,deferred,deferred,,,neoflesh,Not in current base-game scope.
req-neoflesh-shield-robot-delver,entity,Neoflesh Cult,shield-robot-delver,future,future,deferred,deferred,,,neoflesh,Not in current base-game scope.
req-neoflesh-twitchling,entity,Neoflesh Cult,twitchling,future,future,deferred,deferred,,,neoflesh,Not in current base-game scope.
req-intruder-primeblood-bag-token,entity,Prime Blood,bag-token,base-game,critical,missing,yes,,,intruder-primeblood,No current production art is linked.
req-intruder-primeblood-model,entity,Prime Blood,model,base-game,critical,missing,yes,,,intruder-primeblood,No current production art is linked.
req-intruder-primeblood-silhouette,entity,Prime Blood,silhouette,base-game,critical,missing,yes,,,intruder-primeblood,No current production art is linked.
req-intruder-primeblood-top-down-token,entity,Prime Blood,top-down-token,base-game,critical,missing,yes,,,intruder-primeblood,No current production art is linked.
req-intruder-primeblood-wounded,entity,Prime Blood,wounded,base-game,critical,missing,yes,,,intruder-primeblood,No current production art is linked.
req-intruder-adult-bag-token,entity,Primeblood Adult,bag-token,base-game,critical,missing,yes,,,intruder-adult,Unique entity art is required.
req-intruder-adult-model,entity,Primeblood Adult,model,base-game,critical,missing,yes,,,intruder-adult,Unique entity art is required.
req-intruder-adult-silhouette,entity,Primeblood Adult,silhouette,base-game,critical,complete,no,../../assets/generated/intruders/adult.svg,../../js/render.js,intruder-adult,Original tactical silhouette.
req-intruder-adult-top-down-token,entity,Primeblood Adult,top-down-token,base-game,critical,complete,no,../../assets/generated/intruders/adult.svg,../../js/render.js,intruder-adult,Original tactical silhouette.
req-intruder-adult-wounded,entity,Primeblood Adult,wounded,base-game,critical,missing,yes,,,intruder-adult,Unique entity art is required.
req-intruder-drone-bag-token,entity,Primeblood Drone,bag-token,base-game,critical,missing,yes,,,intruder-drone,Unique entity art is required.
req-intruder-drone-model,entity,Primeblood Drone,model,base-game,critical,missing,yes,,,intruder-drone,Unique entity art is required.
req-intruder-drone-silhouette,entity,Primeblood Drone,silhouette,base-game,critical,complete,no,../../assets/generated/intruders/drone.svg,../../js/render.js,intruder-drone,Original tactical silhouette.
req-intruder-drone-top-down-token,entity,Primeblood Drone,top-down-token,base-game,critical,complete,no,../../assets/generated/intruders/drone.svg,../../js/render.js,intruder-drone,Original tactical silhouette.
req-intruder-drone-wounded,entity,Primeblood Drone,wounded,base-game,critical,missing,yes,,,intruder-drone,Unique entity art is required.
req-intruder-queen-bag-token,entity,Primeblood Queen,bag-token,base-game,critical,missing,yes,,,intruder-queen,Unique entity art is required.
req-intruder-queen-boss-health,entity,Primeblood Queen,boss-health,base-game,critical,partial,partial,../../assets/generated/intruders/queen.svg,../../js/render.js,intruder-queen,Queen token and hit count exist; dedicated boss board is missing.
req-intruder-queen-model,entity,Primeblood Queen,model,base-game,critical,missing,yes,,,intruder-queen,Unique entity art is required.
req-intruder-queen-silhouette,entity,Primeblood Queen,silhouette,base-game,critical,complete,no,../../assets/generated/intruders/queen.svg,../../js/render.js,intruder-queen,Original tactical silhouette.
req-intruder-queen-top-down-token,entity,Primeblood Queen,top-down-token,base-game,critical,complete,no,../../assets/generated/intruders/queen.svg,../../js/render.js,intruder-queen,Original tactical silhouette.
req-intruder-queen-wounded,entity,Primeblood Queen,wounded,base-game,critical,missing,yes,,,intruder-queen,Unique entity art is required.
req-sangrevores-iconography,entity,Sangrevores,iconography,future,future,deferred,deferred,,,sangrevores,Not in current base-game scope.
req-sangrevores-queen,entity,Sangrevores,queen,future,future,deferred,deferred,,,sangrevores,Not in current base-game scope.
req-sangrevores-race-models,entity,Sangrevores,race-models,future,future,deferred,deferred,,,sangrevores,Not in current base-game scope.
req-sangrevores-tokens,entity,Sangrevores,tokens,future,future,deferred,deferred,,,sangrevores,Not in current base-game scope.
req-robot-active,entity,Security Robot,active,base-game,high,partial,partial,../../assets/generated/ui-symbols.svg#i-robot,../../js/render.js;../../js/ui.js,robot,Semantic robot symbol exists; dedicated entity art is missing.
req-robot-destroyed,entity,Security Robot,destroyed,base-game,high,missing,yes,,,robot,No current production art is linked.
req-robot-inactive,entity,Security Robot,inactive,base-game,high,missing,yes,,,robot,No current production art is linked.
req-robot-model,entity,Security Robot,model,base-game,high,missing,yes,,,robot,No current production art is linked.
req-robot-portrait,entity,Security Robot,portrait,base-game,high,partial,partial,../../assets/generated/ui-symbols.svg#i-robot,../../js/render.js;../../js/ui.js,robot,Semantic robot symbol exists; dedicated entity art is missing.
req-robot-top-down-token,entity,Security Robot,top-down-token,base-game,high,missing,yes,,,robot,No current production art is linked.
req-uav-active,entity,UAV,active,future,future,deferred,deferred,,,uav,Not in current base-game scope.
req-uav-damaged,entity,UAV,damaged,future,future,deferred,deferred,,,uav,Not in current base-game scope.
req-uav-model,entity,UAV,model,future,future,deferred,deferred,,,uav,Not in current base-game scope.
req-uav-top-down-token,entity,UAV,top-down-token,future,future,deferred,deferred,,,uav,Not in current base-game scope.
req-xyrians-iconography,entity,Xyrians,iconography,future,future,deferred,deferred,,,xyrians,Not in current base-game scope.
req-xyrians-queen,entity,Xyrians,queen,future,future,deferred,deferred,,,xyrians,Not in current base-game scope.
req-xyrians-race-models,entity,Xyrians,race-models,future,future,deferred,deferred,,,xyrians,Not in current base-game scope.
req-xyrians-tokens,entity,Xyrians,tokens,future,future,deferred,deferred,,,xyrians,Not in current base-game scope.
req-fx-combat-acid,fx,Combat effects,acid,base-game,medium,missing,yes,,,fx-combat,Unique authored presentation/effect art is required.
req-fx-combat-blood,fx,Combat effects,blood,base-game,medium,missing,yes,,,fx-combat,Unique authored presentation/effect art is required.
req-fx-combat-death,fx,Combat effects,death,base-game,medium,missing,yes,,,fx-combat,Unique authored presentation/effect art is required.
req-fx-combat-explosion,fx,Combat effects,explosion,base-game,medium,missing,yes,,,fx-combat,Unique authored presentation/effect art is required.
req-fx-combat-impact,fx,Combat effects,impact,base-game,medium,missing,yes,,,fx-combat,Unique authored presentation/effect art is required.
req-fx-combat-muzzle-flash,fx,Combat effects,muzzle-flash,base-game,medium,missing,yes,,,fx-combat,Unique authored presentation/effect art is required.
req-fx-combat-repel,fx,Combat effects,repel,base-game,medium,missing,yes,,,fx-combat,Unique authored presentation/effect art is required.
req-fx-environment-darkness,fx,Environmental effects,darkness,base-game,medium,missing,yes,,,fx-environment,Unique authored presentation/effect art is required.
req-fx-environment-emergency-lighting,fx,Environmental effects,emergency-lighting,base-game,medium,missing,yes,,,fx-environment,Unique authored presentation/effect art is required.
req-fx-environment-fire,fx,Environmental effects,fire,base-game,medium,missing,yes,,,fx-environment,Unique authored presentation/effect art is required.
req-fx-environment-oxygen-failure,fx,Environmental effects,oxygen-failure,base-game,medium,missing,yes,,,fx-environment,Unique authored presentation/effect art is required.
req-fx-environment-smoke,fx,Environmental effects,smoke,base-game,medium,missing,yes,,,fx-environment,Unique authored presentation/effect art is required.
req-fx-environment-sparks,fx,Environmental effects,sparks,base-game,medium,missing,yes,,,fx-environment,Unique authored presentation/effect art is required.
req-icon-actions-cautious-move,icon,Action and cost symbols,cautious-move,base-game,critical,complete,no,../../assets/generated/ui-symbols.svg,../../js/assets.js;../../js/render.js;../../js/ui.js,icon-actions,Semantic vector symbol and visible text label.
req-icon-actions-cost-1,icon,Action and cost symbols,cost-1,base-game,critical,missing,yes,,,icon-actions,Dedicated semantic icon is missing.
req-icon-actions-cost-2,icon,Action and cost symbols,cost-2,base-game,critical,missing,yes,,,icon-actions,Dedicated semantic icon is missing.
req-icon-actions-discard-card,icon,Action and cost symbols,discard-card,base-game,critical,missing,yes,,,icon-actions,Dedicated semantic icon is missing.
req-icon-actions-melee,icon,Action and cost symbols,melee,base-game,critical,complete,no,../../assets/generated/ui-symbols.svg,../../js/assets.js;../../js/render.js;../../js/ui.js,icon-actions,Semantic vector symbol and visible text label.
req-icon-actions-move,icon,Action and cost symbols,move,base-game,critical,complete,no,../../assets/generated/ui-symbols.svg,../../js/assets.js;../../js/render.js;../../js/ui.js,icon-actions,Semantic vector symbol and visible text label.
req-icon-actions-pass,icon,Action and cost symbols,pass,base-game,critical,complete,no,../../assets/generated/ui-symbols.svg,../../js/assets.js;../../js/render.js;../../js/ui.js,icon-actions,Semantic vector symbol and visible text label.
req-icon-actions-room-action,icon,Action and cost symbols,room-action,base-game,critical,complete,no,../../assets/generated/ui-symbols.svg,../../js/assets.js;../../js/render.js;../../js/ui.js,icon-actions,Semantic vector symbol and visible text label.
req-icon-actions-search,icon,Action and cost symbols,search,base-game,critical,complete,no,../../assets/generated/ui-symbols.svg,../../js/assets.js;../../js/render.js;../../js/ui.js,icon-actions,Semantic vector symbol and visible text label.
req-icon-actions-shoot,icon,Action and cost symbols,shoot,base-game,critical,complete,no,../../assets/generated/ui-symbols.svg,../../js/assets.js;../../js/render.js;../../js/ui.js,icon-actions,Semantic vector symbol and visible text label.
req-icon-entities-adult,icon,Entity silhouettes,adult,base-game,critical,complete,no,../../assets/generated/ui-symbols.svg,../../js/assets.js;../../js/render.js;../../js/ui.js,icon-entities,Semantic vector symbol and visible text label.
req-icon-entities-character,icon,Entity silhouettes,character,base-game,critical,complete,no,../../assets/generated/ui-symbols.svg,../../js/assets.js;../../js/render.js;../../js/ui.js,icon-entities,Semantic vector symbol and visible text label.
req-icon-entities-corpse,icon,Entity silhouettes,corpse,base-game,critical,missing,yes,,,icon-entities,Dedicated semantic icon is missing.
req-icon-entities-drone,icon,Entity silhouettes,drone,base-game,critical,complete,no,../../assets/generated/ui-symbols.svg,../../js/assets.js;../../js/render.js;../../js/ui.js,icon-entities,Semantic vector symbol and visible text label.
req-icon-entities-egg,icon,Entity silhouettes,egg,base-game,critical,missing,yes,,,icon-entities,Dedicated semantic icon is missing.
req-icon-entities-primeblood,icon,Entity silhouettes,primeblood,base-game,critical,missing,yes,,,icon-entities,Dedicated semantic icon is missing.
req-icon-entities-queen,icon,Entity silhouettes,queen,base-game,critical,complete,no,../../assets/generated/ui-symbols.svg,../../js/assets.js;../../js/render.js;../../js/ui.js,icon-entities,Semantic vector symbol and visible text label.
req-icon-entities-robot,icon,Entity silhouettes,robot,base-game,critical,complete,no,../../assets/generated/ui-symbols.svg,../../js/assets.js;../../js/render.js;../../js/ui.js,icon-entities,Semantic vector symbol and visible text label.
req-icon-hazards-autodestruction,icon,Hazard symbols,autodestruction,base-game,critical,missing,yes,,,icon-hazards,Dedicated semantic icon is missing.
req-icon-hazards-contamination,icon,Hazard symbols,contamination,base-game,critical,complete,no,../../assets/generated/ui-symbols.svg,../../js/assets.js;../../js/render.js;../../js/ui.js,icon-hazards,Semantic vector symbol and visible text label.
req-icon-hazards-darkness,icon,Hazard symbols,darkness,base-game,critical,missing,yes,,,icon-hazards,Dedicated semantic icon is missing.
req-icon-hazards-fire,icon,Hazard symbols,fire,base-game,critical,complete,no,../../assets/generated/ui-symbols.svg,../../js/assets.js;../../js/render.js;../../js/ui.js,icon-hazards,Semantic vector symbol and visible text label.
req-icon-hazards-infected,icon,Hazard symbols,infected,base-game,critical,complete,no,../../assets/generated/ui-symbols.svg,../../js/assets.js;../../js/render.js;../../js/ui.js,icon-hazards,Semantic vector symbol and visible text label.
req-icon-hazards-malfunction,icon,Hazard symbols,malfunction,base-game,critical,complete,no,../../assets/generated/ui-symbols.svg,../../js/assets.js;../../js/render.js;../../js/ui.js,icon-hazards,Semantic vector symbol and visible text label.
req-icon-hazards-noise,icon,Hazard symbols,noise,base-game,critical,complete,no,../../assets/generated/ui-symbols.svg,../../js/assets.js;../../js/render.js;../../js/ui.js,icon-hazards,Semantic vector symbol and visible text label.
req-icon-hazards-suffocation,icon,Hazard symbols,suffocation,base-game,critical,missing,yes,,,icon-hazards,Dedicated semantic icon is missing.
req-icon-health-death,icon,Health and injury symbols,death,base-game,critical,complete,no,../../assets/generated/ui-symbols.svg,../../js/assets.js;../../js/render.js;../../js/ui.js,icon-health,Semantic vector symbol and visible text label.
req-icon-health-heal,icon,Health and injury symbols,heal,base-game,critical,missing,yes,,,icon-health,Dedicated semantic icon is missing.
req-icon-health-health,icon,Health and injury symbols,health,base-game,critical,complete,no,../../assets/generated/ui-symbols.svg,../../js/assets.js;../../js/render.js;../../js/ui.js,icon-health,Semantic vector symbol and visible text label.
req-icon-health-heavily-injured,icon,Health and injury symbols,heavily-injured,base-game,critical,missing,yes,,,icon-health,Dedicated semantic icon is missing.
req-icon-health-injured,icon,Health and injury symbols,injured,base-game,critical,missing,yes,,,icon-health,Dedicated semantic icon is missing.
req-icon-health-serious-wound,icon,Health and injury symbols,serious-wound,base-game,critical,complete,no,../../assets/generated/ui-symbols.svg,../../js/assets.js;../../js/render.js;../../js/ui.js,icon-health,Semantic vector symbol and visible text label.
req-icon-map-broken-door,icon,Map symbols,broken-door,base-game,critical,missing,yes,,,icon-map,Dedicated semantic icon is missing.
req-icon-map-cannot-break,icon,Map symbols,cannot-break,base-game,critical,missing,yes,,,icon-map,Dedicated semantic icon is missing.
req-icon-map-cannot-secure,icon,Map symbols,cannot-secure,base-game,critical,missing,yes,,,icon-map,Dedicated semantic icon is missing.
req-icon-map-corridor-directions,icon,Map symbols,corridor-directions,base-game,critical,missing,yes,,,icon-map,Dedicated semantic icon is missing.
req-icon-map-door,icon,Map symbols,door,base-game,critical,missing,yes,,,icon-map,Dedicated semantic icon is missing.
req-icon-map-room-types-a-b-c-random,icon,Map symbols,room-types-A-B-C-random,base-game,critical,missing,yes,,,icon-map,Dedicated semantic icon is missing.
req-icon-map-secure,icon,Map symbols,secure,base-game,critical,missing,yes,,,icon-map,Dedicated semantic icon is missing.
req-icon-objectives-escape,icon,Objective and mission symbols,escape,base-game,high,complete,no,../../assets/generated/ui-symbols.svg,../../js/assets.js;../../js/render.js;../../js/ui.js,icon-objectives,Semantic vector symbol and visible text label.
req-icon-objectives-failure,icon,Objective and mission symbols,failure,base-game,high,complete,no,../../assets/generated/ui-symbols.svg,../../js/assets.js;../../js/render.js;../../js/ui.js,icon-objectives,Semantic vector symbol and visible text label.
req-icon-objectives-mission,icon,Objective and mission symbols,mission,base-game,high,complete,no,../../assets/generated/ui-symbols.svg,../../js/assets.js;../../js/render.js;../../js/ui.js,icon-objectives,Semantic vector symbol and visible text label.
req-icon-objectives-private,icon,Objective and mission symbols,private,base-game,high,complete,no,../../assets/generated/ui-symbols.svg,../../js/assets.js;../../js/render.js;../../js/ui.js,icon-objectives,Semantic vector symbol and visible text label.
req-icon-objectives-success,icon,Objective and mission symbols,success,base-game,high,complete,no,../../assets/generated/ui-symbols.svg,../../js/assets.js;../../js/render.js;../../js/ui.js,icon-objectives,Semantic vector symbol and visible text label.
req-icon-objectives-survival,icon,Objective and mission symbols,survival,base-game,high,complete,no,../../assets/generated/ui-symbols.svg,../../js/assets.js;../../js/render.js;../../js/ui.js,icon-objectives,Semantic vector symbol and visible text label.
req-icon-objectives-task,icon,Objective and mission symbols,task,base-game,high,complete,no,../../assets/generated/ui-symbols.svg,../../js/assets.js;../../js/render.js;../../js/ui.js,icon-objectives,Semantic vector symbol and visible text label.
req-icon-resources-ammo,icon,Resource symbols,ammo,base-game,critical,complete,no,../../assets/generated/ui-symbols.svg,../../js/assets.js;../../js/render.js;../../js/ui.js,icon-resources,Semantic vector symbol and visible text label.
req-icon-resources-backpack,icon,Resource symbols,backpack,base-game,critical,complete,no,../../assets/generated/ui-symbols.svg,../../js/assets.js;../../js/render.js;../../js/ui.js,icon-resources,Semantic vector symbol and visible text label.
req-icon-resources-computer,icon,Resource symbols,computer,base-game,critical,complete,no,../../assets/generated/ui-symbols.svg,../../js/assets.js;../../js/render.js;../../js/ui.js,icon-resources,Semantic vector symbol and visible text label.
req-icon-resources-heavy,icon,Resource symbols,heavy,base-game,critical,missing,yes,,,icon-resources,Dedicated semantic icon is missing.
req-icon-resources-one-use,icon,Resource symbols,one-use,base-game,critical,missing,yes,,,icon-resources,Dedicated semantic icon is missing.
req-icon-resources-oxygen,icon,Resource symbols,oxygen,base-game,critical,complete,no,../../assets/generated/ui-symbols.svg,../../js/assets.js;../../js/render.js;../../js/ui.js,icon-resources,Semantic vector symbol and visible text label.
req-icon-resources-search,icon,Resource symbols,search,base-game,critical,complete,no,../../assets/generated/ui-symbols.svg,../../js/assets.js;../../js/render.js;../../js/ui.js,icon-resources,Semantic vector symbol and visible text label.
req-icon-resources-tactical-belt,icon,Resource symbols,tactical-belt,base-game,critical,missing,yes,,,icon-resources,Dedicated semantic icon is missing.
req-corridor-tiles-blocked,map,Corridor tiles,blocked,base-game,critical,partial,partial,../../js/render.js,../../js/render.js,corridor-tiles,Functional geometry/state exists only in generalized form.
req-corridor-tiles-corner,map,Corridor tiles,corner,base-game,critical,partial,partial,../../js/render.js,../../js/render.js,corridor-tiles,Functional geometry/state exists only in generalized form.
req-corridor-tiles-dark,map,Corridor tiles,dark,base-game,critical,partial,partial,../../js/render.js,../../js/render.js,corridor-tiles,Functional geometry/state exists only in generalized form.
req-corridor-tiles-explored,map,Corridor tiles,explored,base-game,critical,complete,no,../../js/render.js,../../js/render.js,corridor-tiles,Procedural tactical corridor rendering.
req-corridor-tiles-junction,map,Corridor tiles,junction,base-game,critical,partial,partial,../../js/render.js,../../js/render.js,corridor-tiles,Functional geometry/state exists only in generalized form.
req-corridor-tiles-lit,map,Corridor tiles,lit,base-game,critical,complete,no,../../js/render.js,../../js/render.js,corridor-tiles,Procedural tactical corridor rendering.
req-corridor-tiles-noisy,map,Corridor tiles,noisy,base-game,critical,complete,no,../../js/render.js,../../js/render.js,corridor-tiles,Procedural tactical corridor rendering.
req-corridor-tiles-occupied,map,Corridor tiles,occupied,base-game,critical,complete,no,../../js/render.js,../../js/render.js,corridor-tiles,Procedural tactical corridor rendering.
req-corridor-tiles-straight,map,Corridor tiles,straight,base-game,critical,complete,no,../../js/render.js,../../js/render.js,corridor-tiles,Procedural tactical corridor rendering.
req-corridor-tiles-unexplored,map,Corridor tiles,unexplored,base-game,critical,missing,yes,,,corridor-tiles,Dedicated corridor treatment is missing.
req-landing-zone-deployment-zones,map,Landing Zone,deployment-zones,base-game,critical,partial,partial,../../assets/generated/rooms/landingZone.svg,../../js/render.js,landing-zone,Player placement works; dedicated deployment-zone art is missing.
req-landing-zone-escape-status,map,Landing Zone,escape-status,base-game,critical,missing,yes,,,landing-zone,No current production art is linked.
req-landing-zone-lander-status,map,Landing Zone,lander-status,base-game,critical,missing,yes,,,landing-zone,No current production art is linked.
req-landing-zone-room-art,map,Landing Zone,room-art,base-game,critical,complete,no,../../assets/generated/rooms/landingZone.svg,../../js/render.js,landing-zone,Original room plate.
req-corridor-floor-kit-conduits,map,Modular corridor material kit,conduits,base-game,critical,complete,no,../../assets/generated/board/facility-playmat.svg,../../js/render.js,corridor-floor-kit,Original geometric material vocabulary.
req-corridor-floor-kit-damage,map,Modular corridor material kit,damage,base-game,critical,missing,yes,,,corridor-floor-kit,Dedicated material variant is missing.
req-corridor-floor-kit-grating,map,Modular corridor material kit,grating,base-game,critical,complete,no,../../assets/generated/board/facility-playmat.svg,../../js/render.js,corridor-floor-kit,Original geometric material vocabulary.
req-corridor-floor-kit-hazard-stripes,map,Modular corridor material kit,hazard-stripes,base-game,critical,complete,no,../../assets/generated/board/facility-playmat.svg,../../js/render.js,corridor-floor-kit,Original geometric material vocabulary.
req-corridor-floor-kit-metal-panels,map,Modular corridor material kit,metal-panels,base-game,critical,complete,no,../../assets/generated/board/facility-playmat.svg,../../js/render.js,corridor-floor-kit,Original geometric material vocabulary.
req-corridor-floor-kit-rails,map,Modular corridor material kit,rails,base-game,critical,complete,no,../../assets/generated/board/facility-playmat.svg,../../js/render.js,corridor-floor-kit,Original geometric material vocabulary.
req-room-floor-kit-conduits,map,Modular room floor material kit,conduits,base-game,critical,complete,no,../../assets/generated/board/facility-playmat.svg,../../js/render.js,room-floor-kit,Original geometric material vocabulary.
req-room-floor-kit-damage,map,Modular room floor material kit,damage,base-game,critical,missing,yes,,,room-floor-kit,Dedicated material variant is missing.
req-room-floor-kit-decals,map,Modular room floor material kit,decals,base-game,critical,complete,no,../../assets/generated/board/facility-playmat.svg,../../js/render.js,room-floor-kit,Original geometric material vocabulary.
req-room-floor-kit-grating,map,Modular room floor material kit,grating,base-game,critical,complete,no,../../assets/generated/board/facility-playmat.svg,../../js/render.js,room-floor-kit,Original geometric material vocabulary.
req-room-floor-kit-hazard-stripes,map,Modular room floor material kit,hazard-stripes,base-game,critical,complete,no,../../assets/generated/board/facility-playmat.svg,../../js/render.js,room-floor-kit,Original geometric material vocabulary.
req-room-floor-kit-metal-panels,map,Modular room floor material kit,metal-panels,base-game,critical,complete,no,../../assets/generated/board/facility-playmat.svg,../../js/render.js,room-floor-kit,Original geometric material vocabulary.
req-room-floor-kit-stains,map,Modular room floor material kit,stains,base-game,critical,missing,yes,,,room-floor-kit,Dedicated material variant is missing.
req-room-floor-kit-vents,map,Modular room floor material kit,vents,base-game,critical,complete,no,../../assets/generated/board/facility-playmat.svg,../../js/render.js,room-floor-kit,Original geometric material vocabulary.
req-room-tiles-random-disabled,map,Random room tiles,disabled,base-game,critical,partial,partial,../../js/render.js,../../js/render.js,room-tiles-random,Disabled state relies on subdued rendering rather than unique art.
req-room-tiles-random-explored,map,Random room tiles,explored,base-game,critical,complete,no,../../js/render.js,../../js/render.js,room-tiles-random,Shared tactical room-state rendering.
req-room-tiles-random-legal-target,map,Random room tiles,legal-target,base-game,critical,complete,no,../../js/render.js,../../js/render.js,room-tiles-random,Shared tactical room-state rendering.
req-room-tiles-random-selected,map,Random room tiles,selected,base-game,critical,complete,no,../../js/render.js,../../js/render.js,room-tiles-random,Shared tactical room-state rendering.
req-room-tiles-random-unexplored,map,Random room tiles,unexplored,base-game,critical,complete,no,../../js/render.js,../../js/render.js,room-tiles-random,Shared tactical room-state rendering.
req-room-walls-broken-door,map,Room and corridor boundary treatment,broken-door,base-game,critical,missing,yes,,,room-walls,Dedicated door-state art is missing.
req-room-walls-closed-door,map,Room and corridor boundary treatment,closed-door,base-game,critical,missing,yes,,,room-walls,Dedicated door-state art is missing.
req-room-walls-doorway,map,Room and corridor boundary treatment,doorway,base-game,critical,complete,no,../../js/render.js,../../js/render.js,room-walls,Procedural octagonal boundaries and passages.
req-room-walls-open-passage,map,Room and corridor boundary treatment,open-passage,base-game,critical,complete,no,../../js/render.js,../../js/render.js,room-walls,Procedural octagonal boundaries and passages.
req-room-walls-sealed-door,map,Room and corridor boundary treatment,sealed-door,base-game,critical,missing,yes,,,room-walls,Dedicated door-state art is missing.
req-room-walls-wall,map,Room and corridor boundary treatment,wall,base-game,critical,complete,no,../../js/render.js,../../js/render.js,room-walls,Procedural octagonal boundaries and passages.
game-room-airlock,map,Room plates,Airlock,base-game,critical,complete,no,../../assets/generated/rooms/airlock.svg,../../js/render.js,room-tiles-random,Concrete room plate from current game data.
game-room-armory,map,Room plates,Armory,base-game,critical,complete,no,../../assets/generated/rooms/armory.svg,../../js/render.js,room-tiles-random,Concrete room plate from current game data.
game-room-commsRoom,map,Room plates,Communications Room,base-game,critical,complete,no,../../assets/generated/rooms/commsRoom.svg,../../js/render.js,room-tiles-random,Concrete room plate from current game data.
game-room-coolingSystem,map,Room plates,Cooling System,base-game,critical,complete,no,../../assets/generated/rooms/coolingSystem.svg,../../js/render.js,room-tiles-b,Concrete room plate from current game data.
game-room-drillingRoom,map,Room plates,Drilling Room,base-game,critical,complete,no,../../assets/generated/rooms/drillingRoom.svg,../../js/render.js,room-tiles-a,Concrete room plate from current game data.
game-room-engineRoom,map,Room plates,Engine Room,base-game,critical,complete,no,../../assets/generated/rooms/engineRoom.svg,../../js/render.js,room-tiles-random,Concrete room plate from current game data.
game-room-escapeShuttle,map,Room plates,Escape Shuttle,base-game,critical,complete,no,../../assets/generated/rooms/escapeShuttle.svg,../../js/render.js,room-tiles-c,Concrete room plate from current game data.
game-room-gunneryRoom,map,Room plates,Gunnery Room,base-game,critical,complete,no,../../assets/generated/rooms/gunneryRoom.svg,../../js/render.js,room-tiles-random,Concrete room plate from current game data.
game-room-hibernatorium,map,Room plates,Hibernatorium,base-game,critical,complete,no,../../assets/generated/rooms/hibernatorium.svg,../../js/render.js,room-tiles-b,Concrete room plate from current game data.
game-room-laboratory,map,Room plates,Laboratory,base-game,critical,complete,no,../../assets/generated/rooms/laboratory.svg,../../js/render.js,room-tiles-random,Concrete room plate from current game data.
game-room-landingZone,map,Room plates,Landing Zone,base-game,critical,complete,no,../../assets/generated/rooms/landingZone.svg,../../js/render.js,room-tiles-a,Concrete room plate from current game data.
game-room-lifeSupportControlA,map,Room plates,"Life Support Control ""A""",base-game,critical,complete,no,../../assets/generated/rooms/lifeSupportControlA.svg,../../js/render.js,room-tiles-a,Concrete room plate from current game data.
game-room-lifeSupportControlB,map,Room plates,"Life Support Control ""B""",base-game,critical,complete,no,../../assets/generated/rooms/lifeSupportControlB.svg,../../js/render.js,room-tiles-b,Concrete room plate from current game data.
game-room-lifeSupportControlC,map,Room plates,"Life Support Control ""C""",base-game,critical,complete,no,../../assets/generated/rooms/lifeSupportControlC.svg,../../js/render.js,room-tiles-c,Concrete room plate from current game data.
game-room-powerGenerator,map,Room plates,Power Generator,base-game,critical,complete,no,../../assets/generated/rooms/powerGenerator.svg,../../js/render.js,room-tiles-random,Concrete room plate from current game data.
game-room-reactor,map,Room plates,Reactor,base-game,critical,complete,no,../../assets/generated/rooms/reactor.svg,../../js/render.js,room-tiles-c,Concrete room plate from current game data.
game-room-serverRoom,map,Room plates,Server Room,base-game,critical,complete,no,../../assets/generated/rooms/serverRoom.svg,../../js/render.js,room-tiles-b,Concrete room plate from current game data.
game-room-shelter,map,Room plates,Shelter,base-game,critical,complete,no,../../assets/generated/rooms/shelter.svg,../../js/render.js,room-tiles-random,Concrete room plate from current game data.
game-room-sprinklersControl,map,Room plates,Sprinklers Control,base-game,critical,complete,no,../../assets/generated/rooms/sprinklersControl.svg,../../js/render.js,room-tiles-random,Concrete room plate from current game data.
game-room-storageRoom,map,Room plates,Storage Room,base-game,critical,complete,no,../../assets/generated/rooms/storageRoom.svg,../../js/render.js,room-tiles-random,Concrete room plate from current game data.
game-room-surgeryRoom,map,Room plates,Surgery Room,base-game,critical,complete,no,../../assets/generated/rooms/surgeryRoom.svg,../../js/render.js,room-tiles-random,Concrete room plate from current game data.
game-room-technicalCorridorEntrance,map,Room plates,Technical Corridor Entrance,base-game,critical,complete,no,../../assets/generated/rooms/technicalCorridorEntrance.svg,../../js/render.js,room-tiles-random,Concrete room plate from current game data.
game-room-nest,map,Room plates,The Nest,base-game,critical,complete,no,../../assets/generated/rooms/nest.svg,../../js/render.js,room-tiles-c,Concrete room plate from current game data.
game-room-wasteDisposal,map,Room plates,Waste Disposal,base-game,critical,complete,no,../../assets/generated/rooms/wasteDisposal.svg,../../js/render.js,room-tiles-random,Concrete room plate from current game data.
req-room-tiles-a-disabled,map,Section A room tiles,disabled,base-game,critical,partial,partial,../../js/render.js,../../js/render.js,room-tiles-a,Disabled state relies on subdued rendering rather than unique art.
req-room-tiles-a-explored,map,Section A room tiles,explored,base-game,critical,complete,no,../../js/render.js,../../js/render.js,room-tiles-a,Shared tactical room-state rendering.
req-room-tiles-a-legal-target,map,Section A room tiles,legal-target,base-game,critical,complete,no,../../js/render.js,../../js/render.js,room-tiles-a,Shared tactical room-state rendering.
req-room-tiles-a-selected,map,Section A room tiles,selected,base-game,critical,complete,no,../../js/render.js,../../js/render.js,room-tiles-a,Shared tactical room-state rendering.
req-room-tiles-a-unexplored,map,Section A room tiles,unexplored,base-game,critical,complete,no,../../js/render.js,../../js/render.js,room-tiles-a,Shared tactical room-state rendering.
req-room-tiles-b-disabled,map,Section B room tiles,disabled,base-game,critical,partial,partial,../../js/render.js,../../js/render.js,room-tiles-b,Disabled state relies on subdued rendering rather than unique art.
req-room-tiles-b-explored,map,Section B room tiles,explored,base-game,critical,complete,no,../../js/render.js,../../js/render.js,room-tiles-b,Shared tactical room-state rendering.
req-room-tiles-b-legal-target,map,Section B room tiles,legal-target,base-game,critical,complete,no,../../js/render.js,../../js/render.js,room-tiles-b,Shared tactical room-state rendering.
req-room-tiles-b-selected,map,Section B room tiles,selected,base-game,critical,complete,no,../../js/render.js,../../js/render.js,room-tiles-b,Shared tactical room-state rendering.
req-room-tiles-b-unexplored,map,Section B room tiles,unexplored,base-game,critical,complete,no,../../js/render.js,../../js/render.js,room-tiles-b,Shared tactical room-state rendering.
req-room-tiles-c-disabled,map,Section C room tiles,disabled,base-game,critical,partial,partial,../../js/render.js,../../js/render.js,room-tiles-c,Disabled state relies on subdued rendering rather than unique art.
req-room-tiles-c-explored,map,Section C room tiles,explored,base-game,critical,complete,no,../../js/render.js,../../js/render.js,room-tiles-c,Shared tactical room-state rendering.
req-room-tiles-c-legal-target,map,Section C room tiles,legal-target,base-game,critical,complete,no,../../js/render.js,../../js/render.js,room-tiles-c,Shared tactical room-state rendering.
req-room-tiles-c-selected,map,Section C room tiles,selected,base-game,critical,complete,no,../../js/render.js,../../js/render.js,room-tiles-c,Shared tactical room-state rendering.
req-room-tiles-c-unexplored,map,Section C room tiles,unexplored,base-game,critical,complete,no,../../js/render.js,../../js/render.js,room-tiles-c,Shared tactical room-state rendering.
req-tactical-grid-corridor-gap,map,Tactical placement information,corridor-gap,base-game,critical,complete,no,../../js/render.js,../../js/render.js,tactical-grid,Procedural geometry shared by display and hit testing.
req-tactical-grid-hover,map,Tactical placement information,hover,base-game,critical,complete,no,../../js/render.js,../../js/render.js,tactical-grid,Procedural geometry shared by display and hit testing.
req-tactical-grid-legal-exploration-highlight,map,Tactical placement information,legal-exploration-highlight,base-game,critical,complete,no,../../js/render.js,../../js/render.js,tactical-grid,Procedural geometry shared by display and hit testing.
req-tactical-grid-legal-move-highlight,map,Tactical placement information,legal-move-highlight,base-game,critical,complete,no,../../js/render.js,../../js/render.js,tactical-grid,Procedural geometry shared by display and hit testing.
req-tactical-grid-octagonal-room-outline,map,Tactical placement information,octagonal-room-outline,base-game,critical,complete,no,../../js/render.js,../../js/render.js,tactical-grid,Procedural geometry shared by display and hit testing.
req-tactical-grid-path-preview,map,Tactical placement information,path-preview,base-game,critical,missing,yes,,,tactical-grid,Path-preview art is not implemented.
req-tactical-grid-selection,map,Tactical placement information,selection,base-game,critical,complete,no,../../js/render.js,../../js/render.js,tactical-grid,Procedural geometry shared by display and hit testing.
req-branding-box-art-inspired-key-art,presentation,Game presentation,box-art-inspired-key-art,base-game,medium,missing,yes,,,branding,Unique authored presentation/effect art is required.
req-branding-credits,presentation,Game presentation,credits,base-game,medium,missing,yes,,,branding,Unique authored presentation/effect art is required.
req-branding-loading,presentation,Game presentation,loading,base-game,medium,missing,yes,,,branding,Unique authored presentation/effect art is required.
req-branding-logo,presentation,Game presentation,logo,base-game,medium,missing,yes,,,branding,Unique authored presentation/effect art is required.
req-branding-title-screen,presentation,Game presentation,title-screen,base-game,medium,missing,yes,,,branding,Unique authored presentation/effect art is required.
req-token-ammo-ammo-types,token,Ammo markers,ammo-types,base-game,high,missing,yes,,,token-ammo,Dedicated token art is missing.
req-token-ammo-empty,token,Ammo markers,empty,base-game,high,missing,yes,,,token-ammo,Dedicated token art is missing.
req-token-ammo-loaded,token,Ammo markers,loaded,base-game,high,missing,yes,,,token-ammo,Dedicated token art is missing.
req-token-doors-broken,token,Door components,broken,base-game,critical,missing,yes,,,token-doors,Dedicated token art is missing.
req-token-doors-closed,token,Door components,closed,base-game,critical,missing,yes,,,token-doors,Dedicated token art is missing.
req-token-doors-open,token,Door components,open,base-game,critical,missing,yes,,,token-doors,Dedicated token art is missing.
req-token-doors-sealed,token,Door components,sealed,base-game,critical,missing,yes,,,token-doors,Dedicated token art is missing.
req-token-fire-normal,token,Fire markers,normal,base-game,critical,complete,no,../../assets/generated/ui-symbols.svg,../../js/render.js,token-fire,Procedural marker uses the shared vector symbol.
req-token-fire-room-placement,token,Fire markers,room-placement,base-game,critical,complete,no,../../assets/generated/ui-symbols.svg,../../js/render.js,token-fire,Procedural marker uses the shared vector symbol.
req-token-fire-spreading,token,Fire markers,spreading,base-game,critical,complete,no,../../assets/generated/ui-symbols.svg,../../js/render.js,token-fire,Procedural marker uses the shared vector symbol.
req-token-health-character-health,token,Health/hit markers,character-health,base-game,high,partial,partial,../../assets/generated/ui-symbols.svg;../../js/ui.js,../../js/render.js;../../js/ui.js,token-health,Functional HUD/label exists; dedicated physical-style token is missing.
req-token-health-intruder-hit,token,Health/hit markers,intruder-hit,base-game,high,partial,partial,../../assets/generated/ui-symbols.svg;../../js/ui.js,../../js/render.js;../../js/ui.js,token-health,Functional HUD/label exists; dedicated physical-style token is missing.
req-token-health-queen-health,token,Health/hit markers,queen-health,base-game,high,partial,partial,../../assets/generated/ui-symbols.svg;../../js/ui.js,../../js/render.js;../../js/ui.js,token-health,Functional HUD/label exists; dedicated physical-style token is missing.
req-token-bag-adult,token,Intruder bag tokens,adult,base-game,critical,missing,yes,,,token-bag,Dedicated token art is missing.
req-token-bag-blank,token,Intruder bag tokens,blank,base-game,critical,missing,yes,,,token-bag,Dedicated token art is missing.
req-token-bag-drone,token,Intruder bag tokens,drone,base-game,critical,missing,yes,,,token-bag,Dedicated token art is missing.
req-token-bag-primeblood,token,Intruder bag tokens,primeblood,base-game,critical,missing,yes,,,token-bag,Dedicated token art is missing.
req-token-bag-queen,token,Intruder bag tokens,queen,base-game,critical,missing,yes,,,token-bag,Dedicated token art is missing.
req-token-bag-values,token,Intruder bag tokens,values,base-game,critical,missing,yes,,,token-bag,Dedicated token art is missing.
req-token-malfunction-normal,token,Malfunction markers,normal,base-game,critical,complete,no,../../assets/generated/ui-symbols.svg,../../js/render.js,token-malfunction,Procedural marker uses the shared vector symbol.
req-token-malfunction-room-placement,token,Malfunction markers,room-placement,base-game,critical,complete,no,../../assets/generated/ui-symbols.svg,../../js/render.js,token-malfunction,Procedural marker uses the shared vector symbol.
req-token-noise-accumulated,token,Noise markers,accumulated,base-game,critical,complete,no,../../assets/generated/ui-symbols.svg,../../js/render.js,token-noise,Procedural marker uses the shared vector symbol.
req-token-noise-corridor-placement,token,Noise markers,corridor-placement,base-game,critical,complete,no,../../assets/generated/ui-symbols.svg,../../js/render.js,token-noise,Procedural marker uses the shared vector symbol.
req-token-noise-single,token,Noise markers,single,base-game,critical,complete,no,../../assets/generated/ui-symbols.svg,../../js/render.js,token-noise,Procedural marker uses the shared vector symbol.
req-token-objective-choice,token,Objective/mission markers,choice,base-game,high,partial,partial,../../assets/generated/ui-symbols.svg;../../js/ui.js,../../js/render.js;../../js/ui.js,token-objective,Functional HUD/label exists; dedicated physical-style token is missing.
req-token-objective-mission-task,token,Objective/mission markers,mission-task,base-game,high,partial,partial,../../assets/generated/ui-symbols.svg;../../js/ui.js,../../js/render.js;../../js/ui.js,token-objective,Functional HUD/label exists; dedicated physical-style token is missing.
req-token-objective-progress,token,Objective/mission markers,progress,base-game,high,partial,partial,../../assets/generated/ui-symbols.svg;../../js/ui.js,../../js/render.js;../../js/ui.js,token-objective,Functional HUD/label exists; dedicated physical-style token is missing.
req-token-round-first-player-robot,token,Round/phase/first-player markers,first-player-robot,base-game,high,partial,partial,../../assets/generated/ui-symbols.svg;../../js/ui.js,../../js/render.js;../../js/ui.js,token-round,Functional HUD/label exists; dedicated physical-style token is missing.
req-token-round-phase,token,Round/phase/first-player markers,phase,base-game,high,partial,partial,../../assets/generated/ui-symbols.svg;../../js/ui.js,../../js/render.js;../../js/ui.js,token-round,Functional HUD/label exists; dedicated physical-style token is missing.
req-token-round-round,token,Round/phase/first-player markers,round,base-game,high,partial,partial,../../assets/generated/ui-symbols.svg;../../js/ui.js,../../js/render.js;../../js/ui.js,token-round,Functional HUD/label exists; dedicated physical-style token is missing.
req-token-secure-single,token,Secure markers,single,base-game,high,complete,no,../../assets/generated/ui-symbols.svg,../../js/render.js,token-secure,Procedural marker uses the shared vector symbol.
req-token-secure-stacked,token,Secure markers,stacked,base-game,high,complete,no,../../assets/generated/ui-symbols.svg,../../js/render.js,token-secure,Procedural marker uses the shared vector symbol.
req-ui-legibility-colorblind-redundancy,ui,Accessibility overlays,colorblind-redundancy,base-game,critical,complete,no,../../css/style.css,../../css/style.css;../../js/ui.js;../../js/render.js,ui-legibility,Text/icon redundancy and interactive states are implemented.
req-ui-legibility-disabled,ui,Accessibility overlays,disabled,base-game,critical,complete,no,../../css/style.css,../../css/style.css;../../js/ui.js;../../js/render.js,ui-legibility,Text/icon redundancy and interactive states are implemented.
req-ui-legibility-focus,ui,Accessibility overlays,focus,base-game,critical,complete,no,../../css/style.css,../../css/style.css;../../js/ui.js;../../js/render.js,ui-legibility,Text/icon redundancy and interactive states are implemented.
req-ui-legibility-high-contrast,ui,Accessibility overlays,high-contrast,base-game,critical,complete,no,../../css/style.css,../../css/style.css;../../js/ui.js;../../js/render.js,ui-legibility,Text/icon redundancy and interactive states are implemented.
req-ui-legibility-text-labels,ui,Accessibility overlays,text-labels,base-game,critical,complete,no,../../css/style.css,../../css/style.css;../../js/ui.js;../../js/render.js,ui-legibility,Text/icon redundancy and interactive states are implemented.
req-ui-panels-cards,ui,HUD and panel surfaces,cards,base-game,critical,complete,no,../../css/style.css,../../css/style.css;../../js/ui.js,ui-panels,Original responsive HUD surface.
req-ui-panels-log,ui,HUD and panel surfaces,log,base-game,critical,complete,no,../../css/style.css,../../css/style.css;../../js/ui.js,ui-panels,Original responsive HUD surface.
req-ui-panels-marine-terminal,ui,HUD and panel surfaces,marine-terminal,base-game,critical,complete,no,../../css/style.css,../../css/style.css;../../js/ui.js,ui-panels,Original responsive HUD surface.
req-ui-panels-modal,ui,HUD and panel surfaces,modal,base-game,critical,complete,no,../../css/style.css,../../css/style.css;../../js/ui.js,ui-panels,Original responsive HUD surface.
req-ui-panels-phase-banner,ui,HUD and panel surfaces,phase-banner,base-game,critical,complete,no,../../css/style.css,../../css/style.css;../../js/ui.js,ui-panels,Original responsive HUD surface.
req-ui-panels-players,ui,HUD and panel surfaces,players,base-game,critical,complete,no,../../css/style.css,../../css/style.css;../../js/ui.js,ui-panels,Original responsive HUD surface.
req-ui-panels-tooltip,ui,HUD and panel surfaces,tooltip,base-game,critical,missing,yes,,,ui-panels,Dedicated tooltip surface is missing.
