id,file,source_type,source_page,direct_url,title,creator,rights,tags,status,width,height,bytes,sha256,duplicate_of,notes
ref-0001,art-references/official-manual/nemesis-rt-rulebook-official/page-001.jpg,official-manual,https://awakenrealms.com/download,,Nemesis_RT_Rulebook_official — page 1,Awaken Realms,Copyright Awaken Realms; reference only; no reuse license identified,base-game;board-ui;cards;components;final-components;icons;manual-page;map;official;rules;tokens,downloaded,950,1279,205533,e81c96342722d27e8ed396f7e166103558c9073acbdef7ca2b2ac1f2942487ca,,Rendered from local docs/rulebooks/Nemesis_RT_Rulebook_official.pdf
ref-0002,art-references/official-manual/nemesis-rt-rulebook-official/page-002.jpg,official-manual,https://awakenrealms.com/download,,Nemesis_RT_Rulebook_official — page 2,Awaken Realms,Copyright Awaken Realms; reference only; no reuse license identified,anti-aircraft;base-game;board-ui;cards;character;components;concept-art;contamination;corridors;doors;final-components;icons;intruders;items;manual-page;map;models;objectives;official;prototype;rooms;rules;terrain;tokens,downloaded,950,1279,246015,654e648709b66daec039b9ce10342959a88c584fc17fff4aa8899ce7899deec0,,Rendered from local docs/rulebooks/Nemesis_RT_Rulebook_official.pdf
ref-0003,art-references/official-manual/nemesis-rt-rulebook-official/page-003.jpg,official-manual,https://awakenrealms.com/download,,Nemesis_RT_Rulebook_official — page 3,Awaken Realms,Copyright Awaken Realms; reference only; no reuse license identified,action-cards;autodestruction;base-game;board-ui;cards;character;components;contamination;doors;event-cards;exploration-cards;final-components;icons;intruders;item-cards;items;manual-page;map;objective-cards;objectives;officer;official;prototype;reactor;recon;rooms;rules;serious-wound;terrain;tokens,downloaded,950,1279,212681,b753199df8919b784f05a8dc71c82044a1c20b0de7e74513e587ebc7a9a7caa5,,Rendered from local docs/rulebooks/Nemesis_RT_Rulebook_official.pdf
ref-0004,art-references/official-manual/nemesis-rt-rulebook-official/page-004.jpg,official-manual,https://awakenrealms.com/download,,Nemesis_RT_Rulebook_official — page 4,Awaken Realms,Copyright Awaken Realms; reference only; no reuse license identified,anti-aircraft;autodestruction;base-game;board-ui;cards;character;combat-engineer;components;contamination;corridors;dashboard;doors;final-components;icons;intruders;items;landing-zone;life-support;manual-page;map;medic;medical-support;models;objectives;officer;official;reactor;recon;rooms;rules;security-robot;serious-wound;terrain;tokens,downloaded,950,1279,219530,3172e94ace52ec61822f57581f6049fbfce49a371fd1baec8ff934f1d893a4f2,,Rendered from local docs/rulebooks/Nemesis_RT_Rulebook_official.pdf
ref-0005,art-references/official-manual/nemesis-rt-rulebook-official/page-005.jpg,official-manual,https://awakenrealms.com/download,,Nemesis_RT_Rulebook_official — page 5,Awaken Realms,Copyright Awaken Realms; reference only; no reuse license identified,anti-aircraft;autodestruction;base-game;board-ui;cards;character;components;corridors;doors;final-components;icons;intruders;items;life-support;manual-page;map;official;rooms;rules;terrain;tokens,downloaded,950,1279,210202,107976119c36fda3c40d29103e69fa39d13dc2e1064a91c1658ebc82f52eee97,,Rendered from local docs/rulebooks/Nemesis_RT_Rulebook_official.pdf
ref-0006,art-references/official-manual/nemesis-rt-rulebook-official/page-006.jpg,official-manual,https://awakenrealms.com/download,,Nemesis_RT_Rulebook_official — page 6,Awaken Realms,Copyright Awaken Realms; reference only; no reuse license identified,autodestruction;base-game;board-ui;cards;character;combat-engineer;components;corridors;doors;final-components;icons;intruders;items;landing-zone;life-support;manual-page;map;medic;medical-support;objectives;official;recon;rooms;rules;serious-wound;terrain;tokens,downloaded,950,1279,310650,922e4de2fc438bada31e36961f2b4f16fd550682d7026e5bd3ba7fe8cb64e74f,,Rendered from local docs/rulebooks/Nemesis_RT_Rulebook_official.pdf
ref-0007,art-references/official-manual/nemesis-rt-rulebook-official/page-007.jpg,official-manual,https://awakenrealms.com/download,,Nemesis_RT_Rulebook_official — page 7,Awaken Realms,Copyright Awaken Realms; reference only; no reuse license identified,anti-aircraft;base-game;board-ui;cards;character;components;contamination;final-components;icons;intruders;items;landing-zone;manual-page;map;objectives;official;rooms;rules;tokens,downloaded,950,1279,234443,9152b2bd823607d939c2a2049033e7e48545c89c7fb13c563906e03e37b4a20e,,Rendered from local docs/rulebooks/Nemesis_RT_Rulebook_official.pdf
ref-0008,art-references/official-manual/nemesis-rt-rulebook-official/page-008.jpg,official-manual,https://awakenrealms.com/download,,Nemesis_RT_Rulebook_official — page 8,Awaken Realms,Copyright Awaken Realms; reference only; no reuse license identified,anti-aircraft;autodestruction;base-game;board-ui;cards;character;components;corridors;doors;final-components;icons;intruders;items;landing-zone;life-support;manual-page;map;models;official;rooms;rules;terrain;tokens,downloaded,950,1279,251966,669660e7a49221cfa094805f1e6bfc257d9d5009c2d1689df7cc44bd12a46dc2,,Rendered from local docs/rulebooks/Nemesis_RT_Rulebook_official.pdf
ref-0009,art-references/official-manual/nemesis-rt-rulebook-official/page-009.jpg,official-manual,https://awakenrealms.com/download,,Nemesis_RT_Rulebook_official — page 9,Awaken Realms,Copyright Awaken Realms; reference only; no reuse license identified,anti-aircraft;base-game;board-ui;cards;character;components;contamination;doors;final-components;icons;intruders;items;manual-page;map;models;objectives;official;rules;serious-wound;terrain;tokens,downloaded,950,1279,207365,2c4d11fca1a5e14feb3fffa2541e083b3577fdd9e89c18d7fcf627198a9b0573,,Rendered from local docs/rulebooks/Nemesis_RT_Rulebook_official.pdf
ref-0010,art-references/official-manual/nemesis-rt-rulebook-official/page-010.jpg,official-manual,https://awakenrealms.com/download,,Nemesis_RT_Rulebook_official — page 10,Awaken Realms,Copyright Awaken Realms; reference only; no reuse license identified,action-cards;base-game;board-ui;cards;character;components;dashboard;final-components;icons;items;landing-zone;manual-page;map;models;objective-cards;objectives;official;rooms;rules;tokens,downloaded,950,1279,286934,74158c3aea31bbd89f8af4529bbc373d9639c15a6545375657a2d971d4d73d38,,Rendered from local docs/rulebooks/Nemesis_RT_Rulebook_official.pdf
ref-0011,art-references/official-manual/nemesis-rt-rulebook-official/page-011.jpg,official-manual,https://awakenrealms.com/download,,Nemesis_RT_Rulebook_official — page 11,Awaken Realms,Copyright Awaken Realms; reference only; no reuse license identified,anti-aircraft;base-game;board-ui;cards;character;components;contamination;final-components;icons;intruders;items;manual-page;map;objectives;official;rules;tokens,downloaded,950,1279,195243,8639f51e4b93bc0efc16158ac497b870a0aa33d5a2f8cc4a696465c128343ea2,,Rendered from local docs/rulebooks/Nemesis_RT_Rulebook_official.pdf
ref-0012,art-references/official-manual/nemesis-rt-rulebook-official/page-012.jpg,official-manual,https://awakenrealms.com/download,,Nemesis_RT_Rulebook_official — page 12,Awaken Realms,Copyright Awaken Realms; reference only; no reuse license identified,action-cards;base-game;board-ui;cards;character;components;corridors;dashboard;final-components;icons;intruders;items;life-support;manual-page;map;objective-cards;objectives;official;prototype;rooms;rules;tokens,downloaded,950,1279,263324,d3e008acbf3b4b8b26553268b319ab17b5ba95649c02a684bf119fb29707686e,,Rendered from local docs/rulebooks/Nemesis_RT_Rulebook_official.pdf
ref-0013,art-references/official-manual/nemesis-rt-rulebook-official/page-013.jpg,official-manual,https://awakenrealms.com/download,,Nemesis_RT_Rulebook_official — page 13,Awaken Realms,Copyright Awaken Realms; reference only; no reuse license identified,action-cards;anti-aircraft;base-game;board-ui;cards;character;components;contamination;corridors;final-components;icons;intruders;items;manual-page;map;objective-cards;objectives;official;rooms;rules;tokens,downloaded,950,1279,275765,452277fec36656f248990281b29fd5a542d9d87ec1df371f7d28f546ebcf1de1,,Rendered from local docs/rulebooks/Nemesis_RT_Rulebook_official.pdf
ref-0014,art-references/official-manual/nemesis-rt-rulebook-official/page-014.jpg,official-manual,https://awakenrealms.com/download,,Nemesis_RT_Rulebook_official — page 14,Awaken Realms,Copyright Awaken Realms; reference only; no reuse license identified,base-game;board-ui;cards;character;components;corridors;final-components;icons;intruders;manual-page;map;official;rooms;rules;terrain;tokens,downloaded,950,1279,238447,86e09f21c8d416484d38f4fec41f0ecd90e5c1c9caae279670616f42f4b9eef6,,Rendered from local docs/rulebooks/Nemesis_RT_Rulebook_official.pdf
ref-0015,art-references/official-manual/nemesis-rt-rulebook-official/page-015.jpg,official-manual,https://awakenrealms.com/download,,Nemesis_RT_Rulebook_official — page 15,Awaken Realms,Copyright Awaken Realms; reference only; no reuse license identified,action-cards;anti-aircraft;autodestruction;base-game;board-ui;cards;character;components;contamination;final-components;icons;intruders;items;landing-zone;manual-page;map;objectives;official;prototype;rooms;rules;tokens,downloaded,950,1279,269765,fcb7df923a16860b026066c89d195f19dc594bc202503251b38c1a8f5f38150a,,Rendered from local docs/rulebooks/Nemesis_RT_Rulebook_official.pdf
ref-0016,art-references/official-manual/nemesis-rt-rulebook-official/page-016.jpg,official-manual,https://awakenrealms.com/download,,Nemesis_RT_Rulebook_official — page 16,Awaken Realms,Copyright Awaken Realms; reference only; no reuse license identified,base-game;board-ui;cards;character;components;dashboard;final-components;icons;items;manual-page;map;medic;medical-support;official;rooms;rules;tokens,downloaded,950,1279,255059,be685ba1f42b3deba68adec26f4bde173b55fa855ed205aeef71e6613f30460d,,Rendered from local docs/rulebooks/Nemesis_RT_Rulebook_official.pdf
ref-0017,art-references/official-manual/nemesis-rt-rulebook-official/page-017.jpg,official-manual,https://awakenrealms.com/download,,Nemesis_RT_Rulebook_official — page 17,Awaken Realms,Copyright Awaken Realms; reference only; no reuse license identified,action-cards;base-game;board-ui;cards;character;components;corridors;dashboard;final-components;icons;intruders;items;life-support;manual-page;map;objectives;official;rules;tokens,downloaded,950,1279,270653,7d60f78d3f0f492564d3e0a639142d01184b3a1e4e1e4d8b97a545cb6bd5eaad,,Rendered from local docs/rulebooks/Nemesis_RT_Rulebook_official.pdf
ref-0018,art-references/official-manual/nemesis-rt-rulebook-official/page-018.jpg,official-manual,https://awakenrealms.com/download,,Nemesis_RT_Rulebook_official — page 18,Awaken Realms,Copyright Awaken Realms; reference only; no reuse license identified,base-game;board-ui;cards;character;components;contamination;final-components;icons;intruders;items;manual-page;map;models;official;rooms;rules;serious-wound;tokens,downloaded,950,1279,260523,9db068043383e55ba786ba13487fd7171d4d92daba6ef684009b6d25ad95c026,,Rendered from local docs/rulebooks/Nemesis_RT_Rulebook_official.pdf
ref-0019,art-references/official-manual/nemesis-rt-rulebook-official/page-019.jpg,official-manual,https://awakenrealms.com/download,,Nemesis_RT_Rulebook_official — page 19,Awaken Realms,Copyright Awaken Realms; reference only; no reuse license identified,anti-aircraft;autodestruction;base-game;board-ui;cards;character;components;concept-art;contamination;corridors;final-components;icons;intruders;items;landing-zone;life-support;manual-page;map;objectives;official;reactor;rooms;rules;terrain;tokens,downloaded,950,1279,275959,2fc7ee9c2bfff0fe432c30317a3d3e6757e535dc025ebbdeb64b2da09444533e,,Rendered from local docs/rulebooks/Nemesis_RT_Rulebook_official.pdf
ref-0020,art-references/official-manual/nemesis-rt-rulebook-official/page-020.jpg,official-manual,https://awakenrealms.com/download,,Nemesis_RT_Rulebook_official — page 20,Awaken Realms,Copyright Awaken Realms; reference only; no reuse license identified,base-game;board-ui;cards;character;components;final-components;icons;intruders;items;life-support;manual-page;map;official;rooms;rules;terrain;tokens,downloaded,950,1279,234733,fbc3a74f94e16a2ffdd5ce905bc957458c5711f6f9e0343909593bc4bb0929bb,,Rendered from local docs/rulebooks/Nemesis_RT_Rulebook_official.pdf
ref-0021,art-references/official-manual/nemesis-rt-rulebook-official/page-021.jpg,official-manual,https://awakenrealms.com/download,,Nemesis_RT_Rulebook_official — page 21,Awaken Realms,Copyright Awaken Realms; reference only; no reuse license identified,anti-aircraft;base-game;board-ui;cards;character;components;contamination;corridors;doors;final-components;icons;intruders;items;manual-page;map;objectives;official;rooms;rules;terrain;tokens,downloaded,950,1279,256981,836677dc6bb77f17af40366a20dcdbc65372f9fce5912b49bef3dee24f82d5a5,,Rendered from local docs/rulebooks/Nemesis_RT_Rulebook_official.pdf
ref-0022,art-references/official-manual/nemesis-rt-rulebook-official/page-022.jpg,official-manual,https://awakenrealms.com/download,,Nemesis_RT_Rulebook_official — page 22,Awaken Realms,Copyright Awaken Realms; reference only; no reuse license identified,base-game;board-ui;cards;character;components;corridors;doors;event-cards;final-components;icons;intruders;item-cards;items;manual-page;map;official;rooms;rules;terrain;tokens,downloaded,950,1279,236648,3b14f340012967af78481341a9f3458892d6fca29413eced3e1eb32c3aa54a3a,,Rendered from local docs/rulebooks/Nemesis_RT_Rulebook_official.pdf
ref-0023,art-references/official-manual/nemesis-rt-rulebook-official/page-023.jpg,official-manual,https://awakenrealms.com/download,,Nemesis_RT_Rulebook_official — page 23,Awaken Realms,Copyright Awaken Realms; reference only; no reuse license identified,anti-aircraft;base-game;board-ui;cards;character;components;contamination;corridors;doors;final-components;icons;intruders;items;manual-page;map;objectives;official;rooms;rules;terrain;tokens,downloaded,950,1279,300793,accc4950cd15a57a11859a57b31d55f2bc440e1486faa0193c6abef956349634,,Rendered from local docs/rulebooks/Nemesis_RT_Rulebook_official.pdf
ref-0024,art-references/official-manual/nemesis-rt-rulebook-official/page-024.jpg,official-manual,https://awakenrealms.com/download,,Nemesis_RT_Rulebook_official — page 24,Awaken Realms,Copyright Awaken Realms; reference only; no reuse license identified,base-game;board-ui;cards;character;components;corridors;doors;exploration-cards;final-components;icons;insider;intruders;manual-page;map;official;rooms;rules;terrain;tokens,downloaded,950,1279,288871,777aee33b13023a6e82df7ca61b93b8e43c609182a6d5e1743a1558316b032b3,,Rendered from local docs/rulebooks/Nemesis_RT_Rulebook_official.pdf
ref-0025,art-references/official-manual/nemesis-rt-rulebook-official/page-025.jpg,official-manual,https://awakenrealms.com/download,,Nemesis_RT_Rulebook_official — page 25,Awaken Realms,Copyright Awaken Realms; reference only; no reuse license identified,anti-aircraft;base-game;board-ui;cards;character;components;contamination;corridors;event-cards;final-components;icons;intruders;items;manual-page;map;noise-die;objectives;official;rooms;rules;tokens,downloaded,950,1279,268832,86333ecee5657abc530fbcbb5c366bb671c9a640a6af3b60a638b3ffce1e0973,,Rendered from local docs/rulebooks/Nemesis_RT_Rulebook_official.pdf
ref-0026,art-references/official-manual/nemesis-rt-rulebook-official/page-026.jpg,official-manual,https://awakenrealms.com/download,,Nemesis_RT_Rulebook_official — page 26,Awaken Realms,Copyright Awaken Realms; reference only; no reuse license identified,base-game;board-ui;cards;character;components;corridors;doors;final-components;icons;intruders;manual-page;map;official;rooms;rules;terrain;tokens,downloaded,950,1279,219090,e193c263fbc8b1cd83a86d2d54f5378874e41b12c93c60db6c4682e6c4d71044,,Rendered from local docs/rulebooks/Nemesis_RT_Rulebook_official.pdf
ref-0027,art-references/official-manual/nemesis-rt-rulebook-official/page-027.jpg,official-manual,https://awakenrealms.com/download,,Nemesis_RT_Rulebook_official — page 27,Awaken Realms,Copyright Awaken Realms; reference only; no reuse license identified,anti-aircraft;base-game;board-ui;cards;character;components;contamination;corridors;final-components;icons;intruders;items;manual-page;map;models;objectives;official;rooms;rules;tokens,downloaded,950,1279,202161,87346ed22027e88b5f416bb2c4b966f7ff7c4ce507ff2d7a9b4ceca87789561d,,Rendered from local docs/rulebooks/Nemesis_RT_Rulebook_official.pdf
ref-0028,art-references/official-manual/nemesis-rt-rulebook-official/page-028.jpg,official-manual,https://awakenrealms.com/download,,Nemesis_RT_Rulebook_official — page 28,Awaken Realms,Copyright Awaken Realms; reference only; no reuse license identified,base-game;board-ui;cards;character;components;final-components;icons;items;life-support;manual-page;map;official;rooms;rules;tokens,downloaded,950,1279,246156,552fbc915efcbf494b35b581ac78764e4c654e29ca424ac99a400b3120316e60,,Rendered from local docs/rulebooks/Nemesis_RT_Rulebook_official.pdf
ref-0029,art-references/official-manual/nemesis-rt-rulebook-official/page-029.jpg,official-manual,https://awakenrealms.com/download,,Nemesis_RT_Rulebook_official — page 29,Awaken Realms,Copyright Awaken Realms; reference only; no reuse license identified,anti-aircraft;base-game;board-ui;cards;character;components;contamination;final-components;icons;intruders;items;manual-page;map;objectives;official;rooms;rules;serious-wound;terrain;tokens,downloaded,950,1279,261191,231656a415a144c2f83daadeabba689d4e0e091c86700fcc6d0c42635ddf2848,,Rendered from local docs/rulebooks/Nemesis_RT_Rulebook_official.pdf
ref-0030,art-references/official-manual/nemesis-rt-rulebook-official/page-030.jpg,official-manual,https://awakenrealms.com/download,,Nemesis_RT_Rulebook_official — page 30,Awaken Realms,Copyright Awaken Realms; reference only; no reuse license identified,base-game;board-ui;cards;character;components;corridors;doors;final-components;icons;intruders;manual-page;map;models;official;rooms;rules;terrain;tokens,downloaded,950,1279,259592,46fbcb938346c9291989a64ff2334c7a064c2b00d256bf3257c3eb2e25d4b7ee,,Rendered from local docs/rulebooks/Nemesis_RT_Rulebook_official.pdf
ref-0031,art-references/official-manual/nemesis-rt-rulebook-official/page-031.jpg,official-manual,https://awakenrealms.com/download,,Nemesis_RT_Rulebook_official — page 31,Awaken Realms,Copyright Awaken Realms; reference only; no reuse license identified,anti-aircraft;base-game;board-ui;cards;character;components;contamination;corridors;doors;event-cards;final-components;icons;intruders;items;manual-page;map;objectives;official;rooms;rules;terrain;tokens,downloaded,950,1279,267117,5829c6f78bdaa58e2aa8ca2e054948338cdff42e7ddabd34b50b39ddbd1f767a,,Rendered from local docs/rulebooks/Nemesis_RT_Rulebook_official.pdf
ref-0032,art-references/official-manual/nemesis-rt-rulebook-official/page-032.jpg,official-manual,https://awakenrealms.com/download,,Nemesis_RT_Rulebook_official — page 32,Awaken Realms,Copyright Awaken Realms; reference only; no reuse license identified,action-cards;base-game;board-ui;cards;character;components;contamination;dashboard;final-components;icons;intruders;items;manual-page;map;official;rooms;rules;tokens,downloaded,950,1279,225446,333fc5b2fb4327ee740ac64f5d362939c963ff5c0c0aea28093e0fe302de0931,,Rendered from local docs/rulebooks/Nemesis_RT_Rulebook_official.pdf
ref-0033,art-references/official-manual/nemesis-rt-rulebook-official/page-033.jpg,official-manual,https://awakenrealms.com/download,,Nemesis_RT_Rulebook_official — page 33,Awaken Realms,Copyright Awaken Realms; reference only; no reuse license identified,anti-aircraft;base-game;board-ui;cards;character;components;contamination;corridors;final-components;icons;intruders;items;manual-page;map;models;objectives;official;rooms;rules;tokens,downloaded,950,1279,305889,00b92155e650ef93e25454eb9dcf41a68149e58c9b494d603991e7ed7e6a1277,,Rendered from local docs/rulebooks/Nemesis_RT_Rulebook_official.pdf
ref-0034,art-references/official-manual/nemesis-rt-rulebook-official/page-034.jpg,official-manual,https://awakenrealms.com/download,,Nemesis_RT_Rulebook_official — page 34,Awaken Realms,Copyright Awaken Realms; reference only; no reuse license identified,base-game;board-ui;cards;character;components;contamination;corridors;final-components;icons;intruders;items;manual-page;map;official;rooms;rules;tokens,downloaded,950,1279,196742,7a5dafd42594b1f4aad08bb2f43f2a52220a3984e89381c6569d4b7818b622fb,,Rendered from local docs/rulebooks/Nemesis_RT_Rulebook_official.pdf
ref-0035,art-references/official-manual/nemesis-rt-rulebook-official/page-035.jpg,official-manual,https://awakenrealms.com/download,,Nemesis_RT_Rulebook_official — page 35,Awaken Realms,Copyright Awaken Realms; reference only; no reuse license identified,anti-aircraft;base-game;board-ui;cards;character;components;contamination;final-components;icons;intruders;items;life-support;manual-page;map;models;objectives;official;rooms;rules;terrain;tokens,downloaded,950,1279,270082,abcb7d74de5452280e27a6fc7bb63d1f90a9f8e4b13fd3612372fc9ef87efd0d,,Rendered from local docs/rulebooks/Nemesis_RT_Rulebook_official.pdf
ref-0036,art-references/official-manual/nemesis-rt-rulebook-official/page-036.jpg,official-manual,https://awakenrealms.com/download,,Nemesis_RT_Rulebook_official — page 36,Awaken Realms,Copyright Awaken Realms; reference only; no reuse license identified,action-cards;base-game;board-ui;cards;character;components;contamination;dashboard;final-components;icons;intruders;manual-page;map;models;official;rooms;rules;tokens,downloaded,950,1279,266296,f5d8b196e22803300b7d7553f745cb409e9d7aff3b9967a4dc6f8a4015301778,,Rendered from local docs/rulebooks/Nemesis_RT_Rulebook_official.pdf
ref-0037,art-references/official-manual/nemesis-rt-rulebook-official/page-037.jpg,official-manual,https://awakenrealms.com/download,,Nemesis_RT_Rulebook_official — page 37,Awaken Realms,Copyright Awaken Realms; reference only; no reuse license identified,action-cards;anti-aircraft;base-game;board-ui;cards;character;components;contamination;corridors;dashboard;doors;final-components;icons;intruders;items;landing-zone;life-support;manual-page;map;models;objectives;official;rooms;rules;terrain;tokens,downloaded,950,1279,322597,043cb093ae82c30dd2fb1769a1a10857c1274ce38677620a5d0059209deb1a2f,,Rendered from local docs/rulebooks/Nemesis_RT_Rulebook_official.pdf
ref-0038,art-references/official-manual/nemesis-rt-rulebook-official/page-038.jpg,official-manual,https://awakenrealms.com/download,,Nemesis_RT_Rulebook_official — page 38,Awaken Realms,Copyright Awaken Realms; reference only; no reuse license identified,anti-aircraft;autodestruction;base-game;board-ui;cards;character;components;contamination;dashboard;final-components;icons;intruders;landing-zone;manual-page;map;objectives;official;reactor;rooms;rules;terrain;tokens,downloaded,950,1279,251270,18619b22a3e078878ce288fa2db0f024fdc1977fcf3d6e941c6ea8c0882c7699,,Rendered from local docs/rulebooks/Nemesis_RT_Rulebook_official.pdf
ref-0039,art-references/official-manual/nemesis-rt-rulebook-official/page-039.jpg,official-manual,https://awakenrealms.com/download,,Nemesis_RT_Rulebook_official — page 39,Awaken Realms,Copyright Awaken Realms; reference only; no reuse license identified,anti-aircraft;base-game;board-ui;cards;character;components;contamination;dashboard;final-components;icons;intruders;items;manual-page;map;objective-cards;objectives;official;rooms;rules;terrain;tokens,downloaded,950,1279,256032,38fc53b4fa6194a3b37d5683acc400602153d2abe3149ee8aedfbd22e6300d45,,Rendered from local docs/rulebooks/Nemesis_RT_Rulebook_official.pdf
ref-0040,art-references/official-manual/nemesis-rt-rulebook-official/page-040.jpg,official-manual,https://awakenrealms.com/download,,Nemesis_RT_Rulebook_official — page 40,Awaken Realms,Copyright Awaken Realms; reference only; no reuse license identified,autodestruction;base-game;board-ui;cards;character;components;corridors;final-components;icons;intruders;items;life-support;manual-page;map;models;noise-die;objective-cards;objectives;official;rooms;rules;serious-wound;tokens,downloaded,950,1279,269188,bff9e867fcb5634de70a028885f1d8c44eedb886bc8bf97de4eab23548d4f539,,Rendered from local docs/rulebooks/Nemesis_RT_Rulebook_official.pdf
ref-0041,art-references/official-manual/nemesis-rt-rooms-sheet/page-001.jpg,official-manual,https://awakenrealms.com/download,,Nemesis_RT_Rooms_Sheet — page 1,Awaken Realms,Copyright Awaken Realms; reference only; no reuse license identified,base-game;cards;character;contamination;corridors;doors;icons;intruders;items;manual-page;map;official;room-actions;rooms;security-robot;serious-wound;terrain;tokens,downloaded,1279,1279,342719,98cfd9629a05402cab070778be01c832496a9682a127546d0c42271aea1631f5,,Rendered from local docs/rulebooks/Nemesis_RT_Rooms_Sheet.pdf
ref-0042,art-references/official-manual/nemesis-rt-rooms-sheet/page-002.jpg,official-manual,https://awakenrealms.com/download,,Nemesis_RT_Rooms_Sheet — page 2,Awaken Realms,Copyright Awaken Realms; reference only; no reuse license identified,anti-aircraft;autodestruction;base-game;cards;character;contamination;corridors;dashboard;icons;intruders;items;landing-zone;life-support;manual-page;map;official;reactor;room-actions;rooms;serious-wound;terrain;tokens,downloaded,1279,1279,365735,08e2f7754af4073c50cb4a50e2118cb9cbc7113cac0db1da54dd28601cbfea42,,Rendered from local docs/rulebooks/Nemesis_RT_Rooms_Sheet.pdf
ref-0043,art-references/official-manual/nemesis-rt-objectives-sheet/page-001.jpg,official-manual,https://awakenrealms.com/download,,Nemesis_RT_Objectives_Sheet — page 1,Awaken Realms,Copyright Awaken Realms; reference only; no reuse license identified,autodestruction;base-game;cards;character;corridors;doors;final-components;icons;intruders;landing-zone;life-support;manual-page;map;objectives;official;reactor;recon;rooms;terrain;tokens,downloaded,1279,1279,419963,23e2763b7a051301e0d4498f6a6c6ec48dcc37d3d31e6a5303bc365a72ac11f8,,Rendered from local docs/rulebooks/Nemesis_RT_Objectives_Sheet.pdf
ref-0044,art-references/official-manual/nemesis-rt-objectives-sheet/page-002.jpg,official-manual,https://awakenrealms.com/download,,Nemesis_RT_Objectives_Sheet — page 2,Awaken Realms,Copyright Awaken Realms; reference only; no reuse license identified,autodestruction;base-game;cards;character;contamination;final-components;icons;insider;intruders;life-support;manual-page;map;objectives;official;reactor;rooms;terrain;tokens,downloaded,1279,1279,381657,d6236bbb3229bed5e5710ed6ce695c26078e6ccba4337087d5d518527b3a4a6e,,Rendered from local docs/rulebooks/Nemesis_RT_Objectives_Sheet.pdf
ref-0045,art-references/official-manual/nemesis-rt-faq-v1-2/page-001.jpg,official-manual,https://awakenrealms.com/download,,Nemesis_RT_FAQ_v1.2 — page 1,Awaken Realms,Copyright Awaken Realms; reference only; no reuse license identified,base-game;board-ui;examples;manual-page;map;official;rules,downloaded,950,1332,35867,c0b0f7083c924f7607412eaaac01f73554f6f185d94e184f6ae10bbe0eca0b28,,Rendered from local docs/rulebooks/Nemesis_RT_FAQ_v1.2.pdf
ref-0046,art-references/official-manual/nemesis-rt-faq-v1-2/page-002.jpg,official-manual,https://awakenrealms.com/download,,Nemesis_RT_FAQ_v1.2 — page 2,Awaken Realms,Copyright Awaken Realms; reference only; no reuse license identified,action-cards;autodestruction;base-game;board-ui;cards;character;corridors;doors;examples;exploration-cards;icons;intruders;items;manual-page;map;models;neoflesh;objectives;officer;official;rooms;rules;sharpshooter;terrain;tokens,downloaded,950,1332,249408,7d663358c93d0497d87babe91c812e173451c963fe569d17de66a98bab2e5538,,Rendered from local docs/rulebooks/Nemesis_RT_FAQ_v1.2.pdf
ref-0047,art-references/official-manual/nemesis-rt-faq-v1-2/page-003.jpg,official-manual,https://awakenrealms.com/download,,Nemesis_RT_FAQ_v1.2 — page 3,Awaken Realms,Copyright Awaken Realms; reference only; no reuse license identified,action-cards;anti-aircraft;base-game;board-ui;cards;character;contamination;corridors;doors;examples;final-components;icons;insider;intruders;item-cards;items;manual-page;map;medic;neoflesh;official;rooms;rules;sangrevores;sharpshooter;terrain;tokens;xyrians,downloaded,950,1332,227621,3c8e1d52778795dbafb1ab4599dde92e38a68eab84b7694c77b7ecf181302740,,Rendered from local docs/rulebooks/Nemesis_RT_FAQ_v1.2.pdf
ref-0048,art-references/official-manual/nemesis-rt-faq-v1-2/page-004.jpg,official-manual,https://awakenrealms.com/download,,Nemesis_RT_FAQ_v1.2 — page 4,Awaken Realms,Copyright Awaken Realms; reference only; no reuse license identified,base-game;board-ui;cards;character;corridors;examples;icons;intruders;landing-zone;manual-page;map;objectives;official;recon;rooms;rules;tokens,downloaded,950,1332,101099,bbad1d4ee91e6e69a5606bfa5fa77d7f8ea46104189604c1e0ce6fa88d8cb62d,,Rendered from local docs/rulebooks/Nemesis_RT_FAQ_v1.2.pdf
ref-0049,art-references/official-manual/nemesis-rt-sg-rulebook/page-001.jpg,official-manual,https://awakenrealms.com/download,,Nemesis_RT_SG_Rulebook — page 1,Awaken Realms,Copyright Awaken Realms; reference only; no reuse license identified,cards;character;characters;entities;manual-page;neoflesh;official;stretch-goals,downloaded,818,1257,178051,f8cbbbd5548de1c81e81e416b8c5bb2b154a4434d663364e4b0d14881ef454cc,,Rendered from local docs/rulebooks/Nemesis_RT_SG_Rulebook.pdf
ref-0050,art-references/official-manual/nemesis-rt-sg-rulebook/page-002.jpg,official-manual,https://awakenrealms.com/download,,Nemesis_RT_SG_Rulebook — page 2,Awaken Realms,Copyright Awaken Realms; reference only; no reuse license identified,cards;character;characters;concept-art;entities;final-components;intruders;manual-page;models;neoflesh;official;prototype;stretch-goals;terrain,downloaded,818,1257,266052,373e212146dfb5cd0261aed16ebb6a46b0e3acb83f7539fefd235017cadf5580,,Rendered from local docs/rulebooks/Nemesis_RT_SG_Rulebook.pdf
ref-0051,art-references/official-manual/nemesis-rt-sg-rulebook/page-003.jpg,official-manual,https://awakenrealms.com/download,,Nemesis_RT_SG_Rulebook — page 3,Awaken Realms,Copyright Awaken Realms; reference only; no reuse license identified,action-cards;cards;character;characters;contamination;corridors;doors;entities;event-cards;exploration-cards;final-components;intruders;manual-page;map;models;official;prototype;rooms;serious-wound;stretch-goals;terrain;tokens,downloaded,818,1257,209617,e0fd9e1cddc6dbca497ff832e271cbb551b86e833c22f13fcab89f0126e8f9e8,,Rendered from local docs/rulebooks/Nemesis_RT_SG_Rulebook.pdf
ref-0052,art-references/official-manual/nemesis-rt-sg-rulebook/page-004.jpg,official-manual,https://awakenrealms.com/download,,Nemesis_RT_SG_Rulebook — page 4,Awaken Realms,Copyright Awaken Realms; reference only; no reuse license identified,anti-aircraft;cards;character;characters;concept-art;contamination;corridors;entities;final-components;icons;intruders;life-support;manual-page;map;models;objectives;official;rooms;stretch-goals;terrain;tokens,downloaded,818,1257,247410,691adcea6170085ecc1fae75c3e1368931aed5f9700c1be8dc117b823716b2a8,,Rendered from local docs/rulebooks/Nemesis_RT_SG_Rulebook.pdf
ref-0053,art-references/official-manual/nemesis-rt-sg-rulebook/page-005.jpg,official-manual,https://awakenrealms.com/download,,Nemesis_RT_SG_Rulebook — page 5,Awaken Realms,Copyright Awaken Realms; reference only; no reuse license identified,cards;character;characters;corridors;entities;event-cards;icons;intruders;manual-page;map;models;official;prototype;rooms;stretch-goals;tokens,downloaded,818,1257,250518,6cbbcb7ce9ada27f6fef6dda6410ae80429292fad2b2652cf5af0efcd3281196,,Rendered from local docs/rulebooks/Nemesis_RT_SG_Rulebook.pdf
ref-0054,art-references/official-manual/nemesis-rt-sg-rulebook/page-006.jpg,official-manual,https://awakenrealms.com/download,,Nemesis_RT_SG_Rulebook — page 6,Awaken Realms,Copyright Awaken Realms; reference only; no reuse license identified,cards;character;characters;contamination;corridors;entities;event-cards;exploration-cards;final-components;intruders;manual-page;map;models;neoflesh;official;rooms;stretch-goals,downloaded,818,1257,242719,005fcc1ba112971f2f09887515b321f29d93022ffef93e58d61256ffa688652a,,Rendered from local docs/rulebooks/Nemesis_RT_SG_Rulebook.pdf
ref-0055,art-references/official-manual/nemesis-rt-sg-rulebook/page-007.jpg,official-manual,https://awakenrealms.com/download,,Nemesis_RT_SG_Rulebook — page 7,Awaken Realms,Copyright Awaken Realms; reference only; no reuse license identified,cards;character;characters;corridors;entities;intruders;manual-page;map;official;rooms;serious-wound;stretch-goals,downloaded,818,1257,228787,15e7e981c93c7331d8e20f3bdfa2114707eadc4575dc69522b2b464647fafef6,,Rendered from local docs/rulebooks/Nemesis_RT_SG_Rulebook.pdf
ref-0056,art-references/official-manual/nemesis-rt-sg-rulebook/page-008.jpg,official-manual,https://awakenrealms.com/download,,Nemesis_RT_SG_Rulebook — page 8,Awaken Realms,Copyright Awaken Realms; reference only; no reuse license identified,cards;character;characters;corridors;entities;icons;intruders;manual-page;map;official;rooms;stretch-goals;terrain;tokens,downloaded,818,1257,200485,da98d96ee92ee45d9001bb206cfdb18eb3a7a5ebbb9d179cf676dc5de8790e0a,,Rendered from local docs/rulebooks/Nemesis_RT_SG_Rulebook.pdf
ref-0057,art-references/official-manual/nemesis-rt-ss-rulebook/page-001.jpg,official-manual,https://awakenrealms.com/download,,Nemesis_RT_SS_Rulebook — page 1,Awaken Realms,Copyright Awaken Realms; reference only; no reuse license identified,action-cards;cards;character;characters;corridors;doors;entities;intruders;manual-page;map;models;official;stretch-goals;terrain;uav-operator,downloaded,488,677,75134,d526dc21da8cbf7ffbe789191783fd00d898ddbfc70692fd7747d9a7317ec804,,Rendered from local docs/rulebooks/Nemesis_RT_SS_Rulebook.pdf
ref-0058,art-references/official-manual/nemesis-rt-ss-rulebook/page-002.jpg,official-manual,https://awakenrealms.com/download,,Nemesis_RT_SS_Rulebook — page 2,Awaken Realms,Copyright Awaken Realms; reference only; no reuse license identified,action-cards;autodestruction;cards;character;characters;corridors;doors;entities;final-components;item-cards;items;manual-page;map;models;official;prototype;rooms;sharpshooter;stretch-goals;terrain;uav-operator,downloaded,488,677,56487,ff427cef95fc07b1b0c124367b22ef68d7a524cae8c9ad9742805d2fa20de75f,,Rendered from local docs/rulebooks/Nemesis_RT_SS_Rulebook.pdf
ref-0059,art-references/official-manual/nemesis-rt-insider-rulebook/page-001.jpg,official-manual,https://awakenrealms.com/download,,Nemesis_RT_Insider_Rulebook — page 1,Awaken Realms,Copyright Awaken Realms; reference only; no reuse license identified,cards;character;characters;expansion;insider;manual-page;official;tokens,downloaded,818,1257,166452,9010d6883380d5821cf6207fa40f55327409bb7529a51c3af103c3ca67355799,,Rendered from local docs/rulebooks/Nemesis_RT_Insider_Rulebook.pdf
ref-0060,art-references/official-manual/nemesis-rt-insider-rulebook/page-002.jpg,official-manual,https://awakenrealms.com/download,,Nemesis_RT_Insider_Rulebook — page 2,Awaken Realms,Copyright Awaken Realms; reference only; no reuse license identified,action-cards;cards;character;characters;contamination;corridors;doors;expansion;final-components;icons;insider;life-support;manual-page;map;models;official;rooms;serious-wound;terrain;tokens,downloaded,818,1257,200866,f345d80c2619d95be745dc1c46a3ce9627c6e7876f89e9ab6121f6eb59590766,,Rendered from local docs/rulebooks/Nemesis_RT_Insider_Rulebook.pdf
ref-0061,art-references/official-manual/nemesis-rt-insider-rulebook/page-003.jpg,official-manual,https://awakenrealms.com/download,,Nemesis_RT_Insider_Rulebook — page 3,Awaken Realms,Copyright Awaken Realms; reference only; no reuse license identified,action-cards;cards;character;characters;corridors;doors;expansion;icons;insider;items;manual-page;map;official;rooms;terrain;tokens,downloaded,818,1257,242268,95d2c4c7637de7ff152a159d9fadc92efbd1fdded7d21f19184e3a7829708332,,Rendered from local docs/rulebooks/Nemesis_RT_Insider_Rulebook.pdf
ref-0062,art-references/official-manual/nemesis-rt-insider-rulebook/page-004.jpg,official-manual,https://awakenrealms.com/download,,Nemesis_RT_Insider_Rulebook — page 4,Awaken Realms,Copyright Awaken Realms; reference only; no reuse license identified,action-cards;cards;character;characters;concept-art;contamination;corridors;expansion;final-components;icons;insider;intruders;manual-page;map;models;official;prototype;rooms;serious-wound;tokens,downloaded,818,1257,268734,2a0654ec69fccca7c00ed35f28bf6990505564a798d3bf8b251a1ac3fe2e204c,,Rendered from local docs/rulebooks/Nemesis_RT_Insider_Rulebook.pdf
ref-0063,art-references/official-manual/nemesis-rt-contractors-rulebook/page-001.jpg,official-manual,https://awakenrealms.com/download,,Nemesis_RT_Contractors_Rulebook — page 1,Awaken Realms,Copyright Awaken Realms; reference only; no reuse license identified,action-cards;cards;character;characters;contractors;dashboard;expansion;final-components;icons;intruders;item-cards;items;manual-page;map;models;official;tokens,downloaded,677,950,127794,2fea88ab03e582c6461684a88642b75e862d8461a670cc535f8e7882cf1b0f8b,,Rendered from local docs/rulebooks/Nemesis_RT_Contractors_Rulebook.pdf
ref-0064,art-references/official-manual/nemesis-rt-contractors-rulebook/page-002.jpg,official-manual,https://awakenrealms.com/download,,Nemesis_RT_Contractors_Rulebook — page 2,Awaken Realms,Copyright Awaken Realms; reference only; no reuse license identified,cards;character;characters;combat-engineer;contractors;expansion;item-cards;items;manual-page;map;medic;medical-support;objectives;official;tokens,downloaded,677,950,142612,2a579a8b308aea230bbd6855c4dda10dd7b14c021c6a8ba22ab89f8320a0e81a,,Rendered from local docs/rulebooks/Nemesis_RT_Contractors_Rulebook.pdf
ref-0065,art-references/official-manual/nemesis-rt-xyrians-rulebook/page-001.jpg,official-manual,https://awakenrealms.com/download,,Nemesis_RT_Xyrians_Rulebook — page 1,Awaken Realms,Copyright Awaken Realms; reference only; no reuse license identified,cards;expansion;intruders;manual-page;models;official;tokens;xyrians,downloaded,400,624,52978,add9a9d99fafe7bd83a814407d181fa644594e7772dc5fb5c4ccdc945c22737c,,Rendered from local docs/rulebooks/Nemesis_RT_Xyrians_Rulebook.pdf
ref-0066,art-references/official-manual/nemesis-rt-xyrians-rulebook/page-002.jpg,official-manual,https://awakenrealms.com/download,,Nemesis_RT_Xyrians_Rulebook — page 2,Awaken Realms,Copyright Awaken Realms; reference only; no reuse license identified,cards;expansion;intruders;manual-page;models;objectives;official;tokens;xyrians,downloaded,400,624,97322,d25da0d7b27305c2eda9e25af84e1e3867ad3623ed5090e30a09e9eafc8b3b35,,Rendered from local docs/rulebooks/Nemesis_RT_Xyrians_Rulebook.pdf
ref-0067,art-references/official-manual/nemesis-rt-xyrians-rulebook/page-003.jpg,official-manual,https://awakenrealms.com/download,,Nemesis_RT_Xyrians_Rulebook — page 3,Awaken Realms,Copyright Awaken Realms; reference only; no reuse license identified,cards;expansion;exploration-cards;intruders;items;manual-page;map;models;official;tokens;xyrians,downloaded,400,624,68454,4e9953bcb46e02f6ff639e39d1686cb857d45c7c18908495286423e0d8a1dc09,,Rendered from local docs/rulebooks/Nemesis_RT_Xyrians_Rulebook.pdf
ref-0068,art-references/official-manual/nemesis-rt-xyrians-rulebook/page-004.jpg,official-manual,https://awakenrealms.com/download,,Nemesis_RT_Xyrians_Rulebook — page 4,Awaken Realms,Copyright Awaken Realms; reference only; no reuse license identified,cards;character;expansion;intruders;item-cards;items;manual-page;map;models;official;prototype;rooms;tokens;xyrians,downloaded,400,624,71799,ef27bef43bbee3168ef4de0a5f6133ba2988247d36292c74a8b0fbdd719f61eb,,Rendered from local docs/rulebooks/Nemesis_RT_Xyrians_Rulebook.pdf
ref-0069,art-references/official-manual/nemesis-rt-xyrians-rulebook/page-005.jpg,official-manual,https://awakenrealms.com/download,,Nemesis_RT_Xyrians_Rulebook — page 5,Awaken Realms,Copyright Awaken Realms; reference only; no reuse license identified,cards;character;corridors;event-cards;expansion;exploration-cards;intruders;manual-page;map;models;official;rooms;tokens;xyrians,downloaded,400,624,74973,0482a8045f5e4f0f258697c629537c96b0d834111e8233023b170134b75eb6f2,,Rendered from local docs/rulebooks/Nemesis_RT_Xyrians_Rulebook.pdf
ref-0070,art-references/official-manual/nemesis-rt-xyrians-rulebook/page-006.jpg,official-manual,https://awakenrealms.com/download,,Nemesis_RT_Xyrians_Rulebook — page 6,Awaken Realms,Copyright Awaken Realms; reference only; no reuse license identified,cards;character;event-cards;expansion;exploration-cards;intruders;landing-zone;manual-page;map;models;official;rooms;serious-wound;tokens;xyrians,downloaded,400,624,69967,671f8d49bd980437be0bcfeaf617db5fed69582eec1b73bac9c848117428d3b3,,Rendered from local docs/rulebooks/Nemesis_RT_Xyrians_Rulebook.pdf
ref-0071,art-references/official-manual/nemesis-rt-xyrians-rulebook/page-007.jpg,official-manual,https://awakenrealms.com/download,,Nemesis_RT_Xyrians_Rulebook — page 7,Awaken Realms,Copyright Awaken Realms; reference only; no reuse license identified,cards;character;corridors;doors;expansion;intruders;landing-zone;manual-page;map;models;official;rooms;terrain;tokens;xyrians,downloaded,400,624,71616,86695c54d87feaabfbceb250749e3f63994341b9b6efc194ad664f1b8d6a04f9,,Rendered from local docs/rulebooks/Nemesis_RT_Xyrians_Rulebook.pdf
ref-0072,art-references/official-manual/nemesis-rt-xyrians-rulebook/page-008.jpg,official-manual,https://awakenrealms.com/download,,Nemesis_RT_Xyrians_Rulebook — page 8,Awaken Realms,Copyright Awaken Realms; reference only; no reuse license identified,action-cards;cards;character;corridors;expansion;intruders;items;manual-page;map;models;official;rooms;serious-wound;tokens;xyrians,downloaded,400,624,67017,8921cbcdc93868a234f7e16b03aa2d1e990b576e870bcdbae8f1f15b1c248983,,Rendered from local docs/rulebooks/Nemesis_RT_Xyrians_Rulebook.pdf
ref-0073,art-references/official-manual/nemesis-rt-xyrians-rulebook/page-009.jpg,official-manual,https://awakenrealms.com/download,,Nemesis_RT_Xyrians_Rulebook — page 9,Awaken Realms,Copyright Awaken Realms; reference only; no reuse license identified,cards;character;dashboard;expansion;icons;intruders;manual-page;map;models;official;rooms;serious-wound;tokens;xyrians,downloaded,400,624,65534,3d7cae67cc32f0980e36f8ce3e0fdbf875346425d9e23ab3d75f307d7d6cf190,,Rendered from local docs/rulebooks/Nemesis_RT_Xyrians_Rulebook.pdf
ref-0074,art-references/official-manual/nemesis-rt-xyrians-rulebook/page-010.jpg,official-manual,https://awakenrealms.com/download,,Nemesis_RT_Xyrians_Rulebook — page 10,Awaken Realms,Copyright Awaken Realms; reference only; no reuse license identified,cards;event-cards;expansion;intruders;manual-page;models;official;tokens;xyrians,downloaded,400,624,47250,404c9d4fe75be2f328b66302dacd77ac8e1feb9698ffb757f15d2a2e2187c351,,Rendered from local docs/rulebooks/Nemesis_RT_Xyrians_Rulebook.pdf
ref-0075,art-references/official-manual/nemesis-rt-xyrians-rulebook/page-011.jpg,official-manual,https://awakenrealms.com/download,,Nemesis_RT_Xyrians_Rulebook — page 11,Awaken Realms,Copyright Awaken Realms; reference only; no reuse license identified,cards;corridors;expansion;intruders;manual-page;map;models;neoflesh;official;rooms;tokens;xyrians,downloaded,400,624,27087,1a5eccff78b49e0d194e4975afd404215c4ac49fbed73e2d80f3be38ec7eabf9,,Rendered from local docs/rulebooks/Nemesis_RT_Xyrians_Rulebook.pdf
ref-0076,art-references/official-manual/nemesis-rt-xyrians-rulebook/page-012.jpg,official-manual,https://awakenrealms.com/download,,Nemesis_RT_Xyrians_Rulebook — page 12,Awaken Realms,Copyright Awaken Realms; reference only; no reuse license identified,cards;concept-art;event-cards;expansion;exploration-cards;final-components;intruders;item-cards;items;manual-page;models;official;prototype;tokens;xyrians,downloaded,400,624,73516,a6dc224941ec8dd5e24a323868e5713fd841a4c07319caf3778b17e8f580d7f1,,Rendered from local docs/rulebooks/Nemesis_RT_Xyrians_Rulebook.pdf
ref-0077,art-references/official-manual/nemesis-rt-sangrevore-rulebook/page-001.jpg,official-manual,https://awakenrealms.com/download,,Nemesis_RT_Sangrevore_Rulebook — page 1,Awaken Realms,Copyright Awaken Realms; reference only; no reuse license identified,cards;character;concept-art;expansion;final-components;intruders;items;manual-page;map;models;official;prototype;sangrevores;terrain;tokens,downloaded,950,1279,263972,287c451bc9f70cf2b43a566eb0ce95326ff2986da541c4a0f724c586ad51dfe7,,Rendered from local docs/rulebooks/Nemesis_RT_Sangrevore_Rulebook.pdf
ref-0078,art-references/official-manual/nemesis-rt-sangrevore-rulebook/page-002.jpg,official-manual,https://awakenrealms.com/download,,Nemesis_RT_Sangrevore_Rulebook — page 2,Awaken Realms,Copyright Awaken Realms; reference only; no reuse license identified,autodestruction;cards;character;contamination;corridors;doors;event-cards;expansion;exploration-cards;final-components;icons;intruders;manual-page;map;models;official;reactor;rooms;sangrevores;serious-wound;terrain;tokens,downloaded,950,1279,246214,abdf9c40394240a47ffb8f4793d5f8b9de4ddd294fe756911cb66d35c166618f,,Rendered from local docs/rulebooks/Nemesis_RT_Sangrevore_Rulebook.pdf
ref-0079,art-references/official-manual/nemesis-rt-sangrevore-rulebook/page-003.jpg,official-manual,https://awakenrealms.com/download,,Nemesis_RT_Sangrevore_Rulebook — page 3,Awaken Realms,Copyright Awaken Realms; reference only; no reuse license identified,cards;character;corridors;doors;expansion;exploration-cards;icons;intruders;items;manual-page;map;models;official;rooms;sangrevores;terrain;tokens,downloaded,950,1279,284087,4b186fc80bdac5651ffea3d8048dbda01720fe58fe8d0091e24311f89fc1d5c0,,Rendered from local docs/rulebooks/Nemesis_RT_Sangrevore_Rulebook.pdf
ref-0080,art-references/official-manual/nemesis-rt-sangrevore-rulebook/page-004.jpg,official-manual,https://awakenrealms.com/download,,Nemesis_RT_Sangrevore_Rulebook — page 4,Awaken Realms,Copyright Awaken Realms; reference only; no reuse license identified,action-cards;cards;character;contamination;dashboard;expansion;intruders;manual-page;map;models;objectives;official;rooms;sangrevores;tokens,downloaded,950,1279,258599,ef2f0c2a351a6fe0099f85f6976bde9e4668161ce38eaee707a6bf41681d6a09,,Rendered from local docs/rulebooks/Nemesis_RT_Sangrevore_Rulebook.pdf
ref-0081,art-references/official-gamefound/update-01/001-update-1-the-first-very-ever-sneak-peek.jpg,official-gamefound,https://gamefound.com/en/projects/awaken-realms/nemesis-retaliation/updates/1,https://imgcdn.gamefound.com/richtextimage/richtext/ac635b2e-6a46-4947-919f-35231066d0d9.jpg,Update 1: Update #1: The first very ever sneak peek! — image 1,Awaken Realms,Copyright Awaken Realms; reference only; no reuse license identified,characters;early-concept;gamefound;intruders;map;official,downloaded,3000,2250,1672220,1af449a680bff25a3e9454d5ce4b97610d97a7a03cec30ba984f85203db261cd,,
ref-0082,art-references/official-gamefound/update-01/002-update-1-the-first-very-ever-sneak-peek.jpg,official-gamefound,https://gamefound.com/en/projects/awaken-realms/nemesis-retaliation/updates/1,https://imgcdn.gamefound.com/richtextimage/richtext/346fa1b1-d4f9-4877-bfa9-acf314b70ec9.jpg,Update 1: Update #1: The first very ever sneak peek! — image 2,Awaken Realms,Copyright Awaken Realms; reference only; no reuse license identified,characters;early-concept;gamefound;intruders;map;official,downloaded,3000,2250,1496115,fc2537994ebb2c289187b1ca061215fe8f32798f16016e20a01bb78956240beb,,
ref-0083,art-references/official-gamefound/update-01/003-update-1-the-first-very-ever-sneak-peek.jpg,official-gamefound,https://gamefound.com/en/projects/awaken-realms/nemesis-retaliation/updates/1,https://imgcdn.gamefound.com/richtextimage/richtext/335ac178-8d0d-4fc3-8622-bd3e3e1f85ef.jpg,Update 1: Update #1: The first very ever sneak peek! — image 3,Awaken Realms,Copyright Awaken Realms; reference only; no reuse license identified,characters;early-concept;gamefound;intruders;map;official,downloaded,3000,2250,1469637,ada51b22dffc4aa9a6ad94eeb2caaba163559d0f45800bab838f1ee344d36d82,,
ref-0084,art-references/official-gamefound/update-01/004-update-1-the-first-very-ever-sneak-peek.jpg,official-gamefound,https://gamefound.com/en/projects/awaken-realms/nemesis-retaliation/updates/1,https://imgcdn.gamefound.com/richtextimage/richtext/4d6df114-f375-40f7-adcb-49d98609032a.jpg,Update 1: Update #1: The first very ever sneak peek! — image 4,Awaken Realms,Copyright Awaken Realms; reference only; no reuse license identified,characters;early-concept;gamefound;intruders;map;official,downloaded,800,800,172589,9a8bb092e77cec233891f16b38deb1a1d76b559c692612078d55eb5cc5e37c0d,,
ref-0085,art-references/official-gamefound/update-01/005-update-1-the-first-very-ever-sneak-peek.jpg,official-gamefound,https://gamefound.com/en/projects/awaken-realms/nemesis-retaliation/updates/1,https://imgcdn.gamefound.com/projectupdate/projects/2750/b62261be-150a-4bbf-9dbb-b3f6a3d1e05f.png,Update 1: Update #1: The first very ever sneak peek! — image 5,Awaken Realms,Copyright Awaken Realms; reference only; no reuse license identified,characters;early-concept;gamefound;intruders;map;official,downloaded,800,800,121460,73752d44e9db9fcb3306510e9bea69830107c873eda367a07302e0a8541e6ec6,,
ref-0086,art-references/official-gamefound/update-02/001-big-pre-campaign-update-hordes-corridors-and-.jpg,official-gamefound,https://gamefound.com/en/projects/awaken-realms/nemesis-retaliation/updates/2,https://imgcdn.gamefound.com/richtextimage/richtext/941c432f-e0a7-4d30-9435-15d3b9ac432c.jpg,"Update 2: BIG pre-campaign update! Hordes, corridors, and more!  — image 1",Awaken Realms,Copyright Awaken Realms; reference only; no reuse license identified,corridors;gamefound;hordes;map;models;official;prototype,downloaded,602,451,77177,9f62d6735f5cb738ceae8522d7f398382bd6ce0dbf6e6e747286cbbc06002648,,
ref-0087,art-references/official-gamefound/update-02/002-big-pre-campaign-update-hordes-corridors-and-.jpg,official-gamefound,https://gamefound.com/en/projects/awaken-realms/nemesis-retaliation/updates/2,https://imgcdn.gamefound.com/richtextimage/richtext/c4086e1f-06a6-44ee-8b08-5c3f0641444e.jpg,"Update 2: BIG pre-campaign update! Hordes, corridors, and more!  — image 2",Awaken Realms,Copyright Awaken Realms; reference only; no reuse license identified,corridors;gamefound;hordes;map;models;official;prototype,downloaded,602,451,72184,ab08af1df9e3a5498e88ef0feedb9805d285f22c5d6e81693f46020c921b88cd,,
ref-0088,art-references/official-gamefound/update-02/003-big-pre-campaign-update-hordes-corridors-and-.jpg,official-gamefound,https://gamefound.com/en/projects/awaken-realms/nemesis-retaliation/updates/2,https://imgcdn.gamefound.com/richtextimage/richtext/ec7c59ee-1db8-46ae-bafc-831e9d80fcc1.png,"Update 2: BIG pre-campaign update! Hordes, corridors, and more!  — image 3",Awaken Realms,Copyright Awaken Realms; reference only; no reuse license identified,corridors;gamefound;hordes;map;models;official;prototype,downloaded,602,451,50505,c51ca8875a2332e66c1224c617f152fc87fa68071abf715f89413c1a0b6b3e5b,,
ref-0089,art-references/official-gamefound/update-02/004-big-pre-campaign-update-hordes-corridors-and-.jpg,official-gamefound,https://gamefound.com/en/projects/awaken-realms/nemesis-retaliation/updates/2,https://imgcdn.gamefound.com/richtextimage/richtext/a705c0ee-bbb5-4b77-8fb1-c5a5fb7532f5.jpg,"Update 2: BIG pre-campaign update! Hordes, corridors, and more!  — image 4",Awaken Realms,Copyright Awaken Realms; reference only; no reuse license identified,corridors;gamefound;hordes;map;models;official;prototype,downloaded,2048,1536,500701,aa9350bdea0dacbcf00a6a1c6a90b211e4abcd0ec340d93c859b26a8e1ad915c,,
ref-0090,art-references/official-gamefound/update-02/005-big-pre-campaign-update-hordes-corridors-and-.jpg,official-gamefound,https://gamefound.com/en/projects/awaken-realms/nemesis-retaliation/updates/2,https://imgcdn.gamefound.com/richtextimage/richtext/b50ab9a3-3d0a-4005-980e-384df1845970.png,"Update 2: BIG pre-campaign update! Hordes, corridors, and more!  — image 5",Awaken Realms,Copyright Awaken Realms; reference only; no reuse license identified,corridors;gamefound;hordes;map;models;official;prototype,downloaded,2048,1538,629272,18548fe42fe777f4a6bc910e1fa918270d1094d20ff00ab7f884d516640fcc59,,
ref-0091,art-references/official-gamefound/update-02/006-big-pre-campaign-update-hordes-corridors-and-.jpg,official-gamefound,https://gamefound.com/en/projects/awaken-realms/nemesis-retaliation/updates/2,https://imgcdn.gamefound.com/richtextimage/richtext/6c8269e0-193e-4cb0-90ec-550c3171508a.jpg,"Update 2: BIG pre-campaign update! Hordes, corridors, and more!  — image 6",Awaken Realms,Copyright Awaken Realms; reference only; no reuse license identified,corridors;gamefound;hordes;map;models;official;prototype,downloaded,2048,1536,508952,49f1cf2132c2d4cd2743802a72a88590cf40b91b682e22c26c59cb06816aac8f,,
ref-0092,art-references/official-gamefound/update-02/007-big-pre-campaign-update-hordes-corridors-and-.jpg,official-gamefound,https://gamefound.com/en/projects/awaken-realms/nemesis-retaliation/updates/2,https://imgcdn.gamefound.com/richtextimage/richtext/afd7c518-4e18-4e54-a11e-d5742528a2d3.jpg,"Update 2: BIG pre-campaign update! Hordes, corridors, and more!  — image 7",Awaken Realms,Copyright Awaken Realms; reference only; no reuse license identified,corridors;gamefound;hordes;map;models;official;prototype,downloaded,602,339,42363,5b13b2c98d4fad40e571f94174d0d86a41251eac62e8cb7e29bd208a83386333,,
ref-0093,art-references/official-gamefound/update-02/008-big-pre-campaign-update-hordes-corridors-and-.jpg,official-gamefound,https://gamefound.com/en/projects/awaken-realms/nemesis-retaliation/updates/2,https://imgcdn.gamefound.com/richtextimage/richtext/76db3af9-b608-4051-aa13-1adb0b8c4ead.jpg,"Update 2: BIG pre-campaign update! Hordes, corridors, and more!  — image 8",Awaken Realms,Copyright Awaken Realms; reference only; no reuse license identified,corridors;gamefound;hordes;map;models;official;prototype,downloaded,3000,1889,818087,94e9faf68190ba1eab178dfea63cd7505fdd049427451f4be56d267f5b4f8916,,
ref-0094,art-references/official-gamefound/update-02/009-big-pre-campaign-update-hordes-corridors-and-.jpg,official-gamefound,https://gamefound.com/en/projects/awaken-realms/nemesis-retaliation/updates/2,https://imgcdn.gamefound.com/projectupdate/projects/2750/c506e62d-ff76-49be-8ee2-8029dc748a71.jpg,"Update 2: BIG pre-campaign update! Hordes, corridors, and more!  — image 9",Awaken Realms,Copyright Awaken Realms; reference only; no reuse license identified,corridors;gamefound;hordes;map;models;official;prototype,downloaded,800,800,39088,8d7ed8bf1cea399177527ac9ae0dc448bb86279084c6f1f23fb10cdab40cbd3e,,
ref-0095,art-references/official-gamefound/update-03/001-important-campaign-updates-and-new-alien-race.jpg,official-gamefound,https://gamefound.com/en/projects/awaken-realms/nemesis-retaliation/updates/3,https://imgcdn.gamefound.com/richtextimage/richtext/42929daa-3110-4702-93e1-12e399525c5f.jpg,Update 3: Important campaign updates and new alien race!  — image 1,Awaken Realms,Copyright Awaken Realms; reference only; no reuse license identified,alien-race;campaign;concept-art;gamefound;intruders;models;official,downloaded,3000,2000,744810,c795d5bd2cb6ab40f6633721a2d22e2678f0a8b87c8e47a0fb584583b79a3995,,
ref-0096,art-references/official-gamefound/update-03/002-important-campaign-updates-and-new-alien-race.jpg,official-gamefound,https://gamefound.com/en/projects/awaken-realms/nemesis-retaliation/updates/3,https://imgcdn.gamefound.com/richtextimage/richtext/f4fc0751-17cf-4b11-b521-ffff17401164.jpg,Update 3: Important campaign updates and new alien race!  — image 2,Awaken Realms,Copyright Awaken Realms; reference only; no reuse license identified,alien-race;campaign;concept-art;gamefound;intruders;models;official,downloaded,3000,2000,590151,613c6c90f251e239a48c4b36bd9aba4acbd058a447c499f83ab64b122ff88c85,,
ref-0097,art-references/official-gamefound/update-03/003-important-campaign-updates-and-new-alien-race.jpg,official-gamefound,https://gamefound.com/en/projects/awaken-realms/nemesis-retaliation/updates/3,https://imgcdn.gamefound.com/richtextimage/richtext/f957fbd7-d43e-44b6-9424-f270f399be74.png,Update 3: Important campaign updates and new alien race!  — image 3,Awaken Realms,Copyright Awaken Realms; reference only; no reuse license identified,alien-race;campaign;concept-art;gamefound;intruders;models;official,downloaded,1200,469,57968,b58d55165004d210d610aed9311d11a995c5e6b70a1935496f193506432da86e,,
ref-0098,art-references/official-gamefound/update-03/004-important-campaign-updates-and-new-alien-race.jpg,official-gamefound,https://gamefound.com/en/projects/awaken-realms/nemesis-retaliation/updates/3,https://imgcdn.gamefound.com/richtextimage/richtext/484c69ee-1f8d-4ccd-8675-f33490022a4c.jpg,Update 3: Important campaign updates and new alien race!  — image 4,Awaken Realms,Copyright Awaken Realms; reference only; no reuse license identified,alien-race;campaign;concept-art;gamefound;intruders;models;official,downloaded,3000,2000,1432151,dac43aac5697647ca060efc40175eee0f8dbd12475b530faff0dee8f3f7d6f6a,,
ref-0099,art-references/official-gamefound/update-03/005-important-campaign-updates-and-new-alien-race.jpg,official-gamefound,https://gamefound.com/en/projects/awaken-realms/nemesis-retaliation/updates/3,https://imgcdn.gamefound.com/richtextimage/richtext/6164ae8c-d6ef-4d20-9412-571dbfe7f5d7.jpg,Update 3: Important campaign updates and new alien race!  — image 5,Awaken Realms,Copyright Awaken Realms; reference only; no reuse license identified,alien-race;campaign;concept-art;gamefound;intruders;models;official,downloaded,3000,1859,1080601,e93f9bc372f9b80ce76cd1326aab4059b2adf7c5eb9dc208b79219b3300c858d,,
ref-0100,art-references/official-gamefound/update-03/006-important-campaign-updates-and-new-alien-race.jpg,official-gamefound,https://gamefound.com/en/projects/awaken-realms/nemesis-retaliation/updates/3,https://imgcdn.gamefound.com/richtextimage/richtext/123cd97e-c68a-4c5b-9fd2-61a565c20595.jpg,Update 3: Important campaign updates and new alien race!  — image 6,Awaken Realms,Copyright Awaken Realms; reference only; no reuse license identified,alien-race;campaign;concept-art;gamefound;intruders;models;official,downloaded,3000,1905,889827,6e663c522e4512f55ce904bb1c69046a44b358eddc70c4bd96d2e3c4bd8721c2,,
ref-0101,art-references/official-gamefound/update-03/001-important-campaign-updates-and-new-alien-race.jpg,official-gamefound,https://gamefound.com/en/projects/awaken-realms/nemesis-retaliation/updates/3,https://imgcdn.gamefound.com/richtextimage/richtext/df90a8f8-0e8c-48a6-97a0-9b9f54499bde.jpg,Update 3: Important campaign updates and new alien race!  — image 7,Awaken Realms,Copyright Awaken Realms; reference only; no reuse license identified,alien-race;campaign;concept-art;gamefound;intruders;models;official,duplicate,3000,2000,744810,c795d5bd2cb6ab40f6633721a2d22e2678f0a8b87c8e47a0fb584583b79a3995,art-references/official-gamefound/update-03/001-important-campaign-updates-and-new-alien-race.jpg,
ref-0102,art-references/official-gamefound/update-03/008-important-campaign-updates-and-new-alien-race.jpg,official-gamefound,https://gamefound.com/en/projects/awaken-realms/nemesis-retaliation/updates/3,https://imgcdn.gamefound.com/richtextimage/richtext/c1d1eb4f-da7e-46ca-b10e-794db2037712.jpg,Update 3: Important campaign updates and new alien race!  — image 8,Awaken Realms,Copyright Awaken Realms; reference only; no reuse license identified,alien-race;campaign;concept-art;gamefound;intruders;models;official,downloaded,3000,1892,974826,39d89f9c42036e9b8485baba95d071a136c1089a4b8c7841ba4816eb86b5f896,,
ref-0103,art-references/official-gamefound/update-03/009-important-campaign-updates-and-new-alien-race.jpg,official-gamefound,https://gamefound.com/en/projects/awaken-realms/nemesis-retaliation/updates/3,https://imgcdn.gamefound.com/richtextimage/richtext/ae27370a-0f0e-4088-9c04-3a5ff3ae781b.png,Update 3: Important campaign updates and new alien race!  — image 9,Awaken Realms,Copyright Awaken Realms; reference only; no reuse license identified,alien-race;campaign;concept-art;gamefound;intruders;models;official,downloaded,918,809,108125,1834e20f4594a720cc7b7b75d2ff8ccd4fc8167627c1a64462020c1bc2ac2ff0,,
ref-0104,art-references/official-gamefound/update-03/010-important-campaign-updates-and-new-alien-race.jpg,official-gamefound,https://gamefound.com/en/projects/awaken-realms/nemesis-retaliation/updates/3,https://imgcdn.gamefound.com/richtextimage/richtext/87e423dc-ec68-47ea-874e-1c8b7a7df034.png,Update 3: Important campaign updates and new alien race!  — image 10,Awaken Realms,Copyright Awaken Realms; reference only; no reuse license identified,alien-race;campaign;concept-art;gamefound;intruders;models;official,downloaded,933,816,108755,53cf34fe116621ab41b801d275c265a6a0419320edf3ba67eac144e63c61d27c,,
ref-0105,art-references/official-gamefound/update-03/011-important-campaign-updates-and-new-alien-race.jpg,official-gamefound,https://gamefound.com/en/projects/awaken-realms/nemesis-retaliation/updates/3,https://imgcdn.gamefound.com/richtextimage/richtext/ee8d2bb4-7974-472c-9540-65ca8459862e.png,Update 3: Important campaign updates and new alien race!  — image 11,Awaken Realms,Copyright Awaken Realms; reference only; no reuse license identified,alien-race;campaign;concept-art;gamefound;intruders;models;official,downloaded,1047,748,115425,acd2763fe54f4b8d91ebd30f48b7f2a4270c7c1f159069882949bedba1992814,,
ref-0106,art-references/official-gamefound/update-03/012-important-campaign-updates-and-new-alien-race.jpg,official-gamefound,https://gamefound.com/en/projects/awaken-realms/nemesis-retaliation/updates/3,https://imgcdn.gamefound.com/richtextimage/richtext/eeacc0b7-bc5e-4abe-a2fd-a584fde51c5c.png,Update 3: Important campaign updates and new alien race!  — image 12,Awaken Realms,Copyright Awaken Realms; reference only; no reuse license identified,alien-race;campaign;concept-art;gamefound;intruders;models;official,downloaded,1699,1394,370979,8ecab4e75adf378fb927c0f74f67a1d01c9cb6e119967a7c10eaa03d123d3d35,,
ref-0107,art-references/official-gamefound/update-03/013-important-campaign-updates-and-new-alien-race.jpg,official-gamefound,https://gamefound.com/en/projects/awaken-realms/nemesis-retaliation/updates/3,https://imgcdn.gamefound.com/richtextimage/richtext/a67a8720-8857-46c6-b65f-c0a6ef8ca20c.png,Update 3: Important campaign updates and new alien race!  — image 13,Awaken Realms,Copyright Awaken Realms; reference only; no reuse license identified,alien-race;campaign;concept-art;gamefound;intruders;models;official,downloaded,1047,783,120626,d294e67747e3cac9b6c8fa7ce47beef269ea7bd42c084d7b71347031081d4548,,
ref-0108,art-references/official-gamefound/update-03/014-important-campaign-updates-and-new-alien-race.jpg,official-gamefound,https://gamefound.com/en/projects/awaken-realms/nemesis-retaliation/updates/3,https://imgcdn.gamefound.com/richtextimage/richtext/572ec747-3e87-47a0-8209-76b88311a4de.png,Update 3: Important campaign updates and new alien race!  — image 14,Awaken Realms,Copyright Awaken Realms; reference only; no reuse license identified,alien-race;campaign;concept-art;gamefound;intruders;models;official,downloaded,956,771,114085,11545c7c4cc9ca7b753026a86f01df82d434c9b00d2e4b6fa6ce9fa7f7b022e1,,
ref-0109,art-references/official-gamefound/update-03/015-important-campaign-updates-and-new-alien-race.jpg,official-gamefound,https://gamefound.com/en/projects/awaken-realms/nemesis-retaliation/updates/3,https://imgcdn.gamefound.com/richtextimage/richtext/be9bcad9-0fd8-4e55-af33-22d3c39e2b73.png,Update 3: Important campaign updates and new alien race!  — image 15,Awaken Realms,Copyright Awaken Realms; reference only; no reuse license identified,alien-race;campaign;concept-art;gamefound;intruders;models;official,downloaded,1500,1225,294677,31aed147bf23bcdb82e956ab7364a3efd49b278d44987ebaa1b413c217c5b95f,,
ref-0110,art-references/official-gamefound/update-03/016-important-campaign-updates-and-new-alien-race.jpg,official-gamefound,https://gamefound.com/en/projects/awaken-realms/nemesis-retaliation/updates/3,https://imgcdn.gamefound.com/richtextimage/richtext/135ccb01-0a50-48dd-93d8-d0c8f3029c90.png,Update 3: Important campaign updates and new alien race!  — image 16,Awaken Realms,Copyright Awaken Realms; reference only; no reuse license identified,alien-race;campaign;concept-art;gamefound;intruders;models;official,downloaded,1084,793,124666,9f4a2ceb2c9dcd405eb10e3a76223b06f55e631a9c64bc8d988747a4d845070e,,
ref-0111,art-references/official-gamefound/update-03/017-important-campaign-updates-and-new-alien-race.jpg,official-gamefound,https://gamefound.com/en/projects/awaken-realms/nemesis-retaliation/updates/3,https://imgcdn.gamefound.com/richtextimage/richtext/e5ab2bff-800e-4dcd-9466-58faeb998ca5.png,Update 3: Important campaign updates and new alien race!  — image 17,Awaken Realms,Copyright Awaken Realms; reference only; no reuse license identified,alien-race;campaign;concept-art;gamefound;intruders;models;official,downloaded,1238,1994,368754,d5f7ad62013b9f01d70cd2b669e1748905db7ec3dac08381dd416239905d9be3,,
ref-0112,art-references/official-gamefound/update-03/018-important-campaign-updates-and-new-alien-race.jpg,official-gamefound,https://gamefound.com/en/projects/awaken-realms/nemesis-retaliation/updates/3,https://imgcdn.gamefound.com/richtextimage/richtext/94a324cf-4fdf-4cf8-b37c-73bea711ba03.png,Update 3: Important campaign updates and new alien race!  — image 18,Awaken Realms,Copyright Awaken Realms; reference only; no reuse license identified,alien-race;campaign;concept-art;gamefound;intruders;models;official,downloaded,1135,1835,350916,80b53b5b1046b2240138442d6e5929b5db4e3eec6ccdcdd0409f9066a375430a,,
ref-0113,art-references/official-gamefound/update-03/019-important-campaign-updates-and-new-alien-race.jpg,official-gamefound,https://gamefound.com/en/projects/awaken-realms/nemesis-retaliation/updates/3,https://imgcdn.gamefound.com/richtextimage/richtext/b7af74b1-feff-463c-8883-c9445063a78a.jpg,Update 3: Important campaign updates and new alien race!  — image 19,Awaken Realms,Copyright Awaken Realms; reference only; no reuse license identified,alien-race;campaign;concept-art;gamefound;intruders;models;official,downloaded,3000,1688,858643,197fcef9245e42ce3b5bb18ceae36c29043009680c143613f7860856b0fb5727,,
ref-0114,art-references/official-gamefound/update-03/020-important-campaign-updates-and-new-alien-race.jpg,official-gamefound,https://gamefound.com/en/projects/awaken-realms/nemesis-retaliation/updates/3,https://imgcdn.gamefound.com/richtextimage/richtext/d9bdf1f6-22ff-4f4c-bb6a-b9c619cc66c4.jpg,Update 3: Important campaign updates and new alien race!  — image 20,Awaken Realms,Copyright Awaken Realms; reference only; no reuse license identified,alien-race;campaign;concept-art;gamefound;intruders;models;official,downloaded,3000,1688,1212736,e53fb79ccf164fa563b66fbee0320d6fcab729d6ba55c597a900fbd731f2d15e,,
ref-0115,art-references/official-gamefound/update-03/021-important-campaign-updates-and-new-alien-race.jpg,official-gamefound,https://gamefound.com/en/projects/awaken-realms/nemesis-retaliation/updates/3,https://imgcdn.gamefound.com/richtextimage/richtext/69ad4876-743c-468b-aece-1318b5d79f63.jpg,Update 3: Important campaign updates and new alien race!  — image 21,Awaken Realms,Copyright Awaken Realms; reference only; no reuse license identified,alien-race;campaign;concept-art;gamefound;intruders;models;official,downloaded,3000,1688,897108,3245e24634d8193e2380d04052b75eb94ca890ca955aff2e31a97c37012571ff,,
ref-0116,art-references/official-gamefound/update-03/020-important-campaign-updates-and-new-alien-race.jpg,official-gamefound,https://gamefound.com/en/projects/awaken-realms/nemesis-retaliation/updates/3,https://imgcdn.gamefound.com/richtextimage/richtext/ebb797c9-2509-49ae-815e-85787dc7364c.jpg,Update 3: Important campaign updates and new alien race!  — image 22,Awaken Realms,Copyright Awaken Realms; reference only; no reuse license identified,alien-race;campaign;concept-art;gamefound;intruders;models;official,duplicate,3000,1688,1212736,e53fb79ccf164fa563b66fbee0320d6fcab729d6ba55c597a900fbd731f2d15e,art-references/official-gamefound/update-03/020-important-campaign-updates-and-new-alien-race.jpg,
ref-0117,art-references/official-gamefound/update-03/023-important-campaign-updates-and-new-alien-race.jpg,official-gamefound,https://gamefound.com/en/projects/awaken-realms/nemesis-retaliation/updates/3,https://imgcdn.gamefound.com/richtextimage/richtext/e9fc22e6-ed54-4999-b2a2-412f07fbe48f.jpg,Update 3: Important campaign updates and new alien race!  — image 23,Awaken Realms,Copyright Awaken Realms; reference only; no reuse license identified,alien-race;campaign;concept-art;gamefound;intruders;models;official,downloaded,3000,1688,970364,829146cce93e9675620a14868671b74ae23eeac9f07110454fb15eba39a973e7,,
ref-0118,art-references/official-gamefound/update-03/024-important-campaign-updates-and-new-alien-race.jpg,official-gamefound,https://gamefound.com/en/projects/awaken-realms/nemesis-retaliation/updates/3,https://imgcdn.gamefound.com/projectupdate/projects/2750/7d050822-6306-479a-9d04-5fbbad6b8357.png,Update 3: Important campaign updates and new alien race!  — image 24,Awaken Realms,Copyright Awaken Realms; reference only; no reuse license identified,alien-race;campaign;concept-art;gamefound;intruders;models;official,downloaded,800,800,115345,ad23eed6fbbe7c1740874485450f54e540034b9589f7ebe7f12e7a23987abb05,,
ref-0119,art-references/official-gamefound/update-04/001-it-s-retaliation-time-check-out-the-core-pled.jpg,official-gamefound,https://gamefound.com/en/projects/awaken-realms/nemesis-retaliation/updates/4,https://imgcdn.gamefound.com/richtextimage/richtext/4b1aae79-6e5d-445a-835d-4421eaa7cb89.jpg,Update 4: It’s Retaliation time! Check out the core pledges and campaign launch date! — image 1,Awaken Realms,Copyright Awaken Realms; reference only; no reuse license identified,campaign;components;core-box;gamefound;models;official,downloaded,602,3000,487727,bd214efe0f709cb3de36cb6ed3cf4f1095f76e9e8027d936605c2b011988ab3b,,
ref-0120,art-references/official-gamefound/update-04/002-it-s-retaliation-time-check-out-the-core-pled.jpg,official-gamefound,https://gamefound.com/en/projects/awaken-realms/nemesis-retaliation/updates/4,https://imgcdn.gamefound.com/richtextimage/richtext/d3a0879f-9980-4a58-aefe-62d957519975.jpg,Update 4: It’s Retaliation time! Check out the core pledges and campaign launch date! — image 2,Awaken Realms,Copyright Awaken Realms; reference only; no reuse license identified,campaign;components;core-box;gamefound;models;official,downloaded,428,3000,421212,d3f3e29fd5c11a23ef0ef932b6b202540767f7651aa4882a6e4bdd00afdefed1,,
ref-0121,art-references/official-gamefound/update-04/003-it-s-retaliation-time-check-out-the-core-pled.jpg,official-gamefound,https://gamefound.com/en/projects/awaken-realms/nemesis-retaliation/updates/4,https://imgcdn.gamefound.com/richtextimage/richtext/f6570e65-7750-4a16-89dd-425a2ce13887.jpg,Update 4: It’s Retaliation time! Check out the core pledges and campaign launch date! — image 3,Awaken Realms,Copyright Awaken Realms; reference only; no reuse license identified,campaign;components;core-box;gamefound;models;official,downloaded,472,3000,484515,1f667cf15d9ea56351144401099b39c728d8dc7b8953d9e557bb780663a6dcfe,,
ref-0122,art-references/official-gamefound/update-04/004-it-s-retaliation-time-check-out-the-core-pled.jpg,official-gamefound,https://gamefound.com/en/projects/awaken-realms/nemesis-retaliation/updates/4,https://imgcdn.gamefound.com/richtextimage/richtext/fd9c7278-5556-4fed-9178-ee90941a1438.jpg,Update 4: It’s Retaliation time! Check out the core pledges and campaign launch date! — image 4,Awaken Realms,Copyright Awaken Realms; reference only; no reuse license identified,campaign;components;core-box;gamefound;models;official,downloaded,842,3000,487152,5cc1340a2fb33c5b24ea532ad1fc818a35b5869c6563396935d68e52d01b2ddf,,
ref-0123,art-references/official-gamefound/update-04/005-it-s-retaliation-time-check-out-the-core-pled.jpg,official-gamefound,https://gamefound.com/en/projects/awaken-realms/nemesis-retaliation/updates/4,https://imgcdn.gamefound.com/richtextimage/richtext/52835342-9318-45f5-9046-f953c2e7ad4d.jpg,Update 4: It’s Retaliation time! Check out the core pledges and campaign launch date! — image 5,Awaken Realms,Copyright Awaken Realms; reference only; no reuse license identified,campaign;components;core-box;gamefound;models;official,downloaded,577,3000,498877,941a46fd341051e38ae279bb497e1f8ee056b13a2e320e081339a4962e791da5,,
ref-0124,art-references/official-gamefound/update-04/006-it-s-retaliation-time-check-out-the-core-pled.jpg,official-gamefound,https://gamefound.com/en/projects/awaken-realms/nemesis-retaliation/updates/4,https://imgcdn.gamefound.com/richtextimage/richtext/db9aebd1-9992-46df-8323-5d9a76f07c67.jpg,Update 4: It’s Retaliation time! Check out the core pledges and campaign launch date! — image 6,Awaken Realms,Copyright Awaken Realms; reference only; no reuse license identified,campaign;components;core-box;gamefound;models;official,downloaded,637,3000,515525,e001966cd1a36e6d6cac9f7410ee23ce8ab5812c1af15bbc7af5e2cd4896f9b0,,
ref-0125,art-references/official-gamefound/update-04/007-it-s-retaliation-time-check-out-the-core-pled.jpg,official-gamefound,https://gamefound.com/en/projects/awaken-realms/nemesis-retaliation/updates/4,https://imgcdn.gamefound.com/richtextimage/richtext/cda081ef-6ee5-4873-aed6-1d77ba0683cd.jpg,Update 4: It’s Retaliation time! Check out the core pledges and campaign launch date! — image 7,Awaken Realms,Copyright Awaken Realms; reference only; no reuse license identified,campaign;components;core-box;gamefound;models;official,downloaded,225,3000,241321,9be169aed1b90c42a1fa7ceb720830c0036a8ea24a1e02394e0d94acc5d16fd4,,
ref-0126,art-references/official-gamefound/update-04/008-it-s-retaliation-time-check-out-the-core-pled.jpg,official-gamefound,https://gamefound.com/en/projects/awaken-realms/nemesis-retaliation/updates/4,https://imgcdn.gamefound.com/richtextimage/richtext/3941abec-804b-423d-b74e-c2b6173f09cb.jpg,Update 4: It’s Retaliation time! Check out the core pledges and campaign launch date! — image 8,Awaken Realms,Copyright Awaken Realms; reference only; no reuse license identified,campaign;components;core-box;gamefound;models;official,downloaded,266,3000,299199,32b9000b85be983a7045bd4217f18eb854a38e66ffda6239eba8d02d6c136b83,,
ref-0127,art-references/official-gamefound/update-04/009-it-s-retaliation-time-check-out-the-core-pled.jpg,official-gamefound,https://gamefound.com/en/projects/awaken-realms/nemesis-retaliation/updates/4,https://imgcdn.gamefound.com/richtextimage/richtext/a6d3f53e-41b0-49d0-a3af-1b7b7b239b60.jpg,Update 4: It’s Retaliation time! Check out the core pledges and campaign launch date! — image 9,Awaken Realms,Copyright Awaken Realms; reference only; no reuse license identified,campaign;components;core-box;gamefound;models;official,downloaded,628,3000,550106,32c35d4d4a3db1438ca573b60c2c937628c1361c4a30130b2f5bb0681a68e9c4,,
ref-0128,art-references/official-gamefound/update-04/010-it-s-retaliation-time-check-out-the-core-pled.jpg,official-gamefound,https://gamefound.com/en/projects/awaken-realms/nemesis-retaliation/updates/4,https://imgcdn.gamefound.com/richtextimage/richtext/bd824c22-9b42-441e-a01f-5f1346369a40.jpg,Update 4: It’s Retaliation time! Check out the core pledges and campaign launch date! — image 10,Awaken Realms,Copyright Awaken Realms; reference only; no reuse license identified,campaign;components;core-box;gamefound;models;official,downloaded,674,3000,565057,425eb56a5fa83a4329d58e4e9d017d694b1e8d189413e7af3aba9650b2959ed4,,
ref-0129,art-references/official-gamefound/update-04/011-it-s-retaliation-time-check-out-the-core-pled.jpg,official-gamefound,https://gamefound.com/en/projects/awaken-realms/nemesis-retaliation/updates/4,https://imgcdn.gamefound.com/richtextimage/richtext/5152fac9-95f5-4225-8aba-8b5ab147d692.jpg,Update 4: It’s Retaliation time! Check out the core pledges and campaign launch date! — image 11,Awaken Realms,Copyright Awaken Realms; reference only; no reuse license identified,campaign;components;core-box;gamefound;models;official,downloaded,788,3000,658181,60c86c75a4fcac63827d3556fa538d1f1b5efee7c82d7303fb331e99e3f09884,,
ref-0130,art-references/official-gamefound/update-04/012-it-s-retaliation-time-check-out-the-core-pled.jpg,official-gamefound,https://gamefound.com/en/projects/awaken-realms/nemesis-retaliation/updates/4,https://imgcdn.gamefound.com/richtextimage/richtext/95d3e0e5-258b-4108-bed1-634ba95dcff6.jpg,Update 4: It’s Retaliation time! Check out the core pledges and campaign launch date! — image 12,Awaken Realms,Copyright Awaken Realms; reference only; no reuse license identified,campaign;components;core-box;gamefound;models;official,downloaded,3000,2250,1326540,384a7b3f08b0d265a350b1bc80647e888d1d12a90f9d10d56227bc945fd10023,,
ref-0131,art-references/official-gamefound/update-04/013-it-s-retaliation-time-check-out-the-core-pled.jpg,official-gamefound,https://gamefound.com/en/projects/awaken-realms/nemesis-retaliation/updates/4,https://imgcdn.gamefound.com/richtextimage/richtext/54fe7d19-deef-43c0-8c2e-3b1f721c7707.jpg,Update 4: It’s Retaliation time! Check out the core pledges and campaign launch date! — image 13,Awaken Realms,Copyright Awaken Realms; reference only; no reuse license identified,campaign;components;core-box;gamefound;models;official,downloaded,3000,2250,1471348,b6a06d47891e43b1bf20a20a352595146f5871e7c34bebfa68e56e781d9cde14,,
ref-0132,art-references/official-gamefound/update-04/014-it-s-retaliation-time-check-out-the-core-pled.jpg,official-gamefound,https://gamefound.com/en/projects/awaken-realms/nemesis-retaliation/updates/4,https://imgcdn.gamefound.com/richtextimage/richtext/e39c9a96-a43e-4cbc-80ed-18c5dcc7302f.jpg,Update 4: It’s Retaliation time! Check out the core pledges and campaign launch date! — image 14,Awaken Realms,Copyright Awaken Realms; reference only; no reuse license identified,campaign;components;core-box;gamefound;models;official,downloaded,3000,2250,1489376,dd4ca9b1e6a723a8b3346dc579fc2817773d7cb45e3e12ba115eaa1854418e58,,
ref-0133,art-references/official-gamefound/update-04/015-it-s-retaliation-time-check-out-the-core-pled.jpg,official-gamefound,https://gamefound.com/en/projects/awaken-realms/nemesis-retaliation/updates/4,https://imgcdn.gamefound.com/projectupdate/projects/2750/aad98a64-fc02-45aa-8a6d-d370c1c687a6.jpg,Update 4: It’s Retaliation time! Check out the core pledges and campaign launch date! — image 15,Awaken Realms,Copyright Awaken Realms; reference only; no reuse license identified,campaign;components;core-box;gamefound;models;official,downloaded,800,800,158577,c1c7eb2885d85b279440bf3d11f7d3e8408e655b880946302651c6109c55dec5,,
ref-0134,art-references/official-gamefound/update-05/001-day-1-we-are-funded-first-stretch-goal-and-mo.jpg,official-gamefound,https://gamefound.com/en/projects/awaken-realms/nemesis-retaliation/updates/5,https://imgcdn.gamefound.com/richtextimage/richtext/13915fb6-243a-4213-a1f7-9d01708f60c3.png,Update 5: Day 1: We are funded! First Stretch Goal and more! — image 1,Awaken Realms,Copyright Awaken Realms; reference only; no reuse license identified,campaign;characters;components;core-box;gamefound;official,downloaded,1500,1500,552365,e4a4ef841cb915af8de9e83d27d274d115300743ad60541841263d24de07e0f2,,
ref-0135,art-references/official-gamefound/update-05/002-day-1-we-are-funded-first-stretch-goal-and-mo.jpg,official-gamefound,https://gamefound.com/en/projects/awaken-realms/nemesis-retaliation/updates/5,https://imgcdn.gamefound.com/richtextimage/richtext/28cc633a-9cc6-4a50-a005-10a11c6bb802.png,Update 5: Day 1: We are funded! First Stretch Goal and more! — image 2,Awaken Realms,Copyright Awaken Realms; reference only; no reuse license identified,campaign;characters;components;core-box;gamefound;official,downloaded,444,98,4146,25ec4f65b280daaedbcad1b3cdeda5e41faccab9866b2037f3e1713447521c73,,
ref-0136,art-references/official-gamefound/update-05/003-day-1-we-are-funded-first-stretch-goal-and-mo.jpg,official-gamefound,https://gamefound.com/en/projects/awaken-realms/nemesis-retaliation/updates/5,https://imgcdn.gamefound.com/richtextimage/richtext/590484d2-d145-4f6f-afac-f9f15be2f850.png,Update 5: Day 1: We are funded! First Stretch Goal and more! — image 3,Awaken Realms,Copyright Awaken Realms; reference only; no reuse license identified,campaign;characters;components;core-box;gamefound;official,downloaded,742,669,65372,a928ccd814c3a0e40ec76f31fcacc91670faf3812707d326f6c9a782e9b9dfd2,,
ref-0137,art-references/official-gamefound/update-05/004-day-1-we-are-funded-first-stretch-goal-and-mo.jpg,official-gamefound,https://gamefound.com/en/projects/awaken-realms/nemesis-retaliation/updates/5,https://imgcdn.gamefound.com/richtextimage/richtext/e61fb648-53aa-4447-80cd-91b650584864.jpg,Update 5: Day 1: We are funded! First Stretch Goal and more! — image 4,Awaken Realms,Copyright Awaken Realms; reference only; no reuse license identified,campaign;characters;components;core-box;gamefound;official,downloaded,1200,303,53613,8b7aa64d21af9a6eeebda4945c9b0e28219f4c97bcf35aed04c75ac41a0c701a,,
ref-0138,art-references/official-gamefound/update-05/005-day-1-we-are-funded-first-stretch-goal-and-mo.jpg,official-gamefound,https://gamefound.com/en/projects/awaken-realms/nemesis-retaliation/updates/5,https://imgcdn.gamefound.com/richtextimage/richtext/afd69028-adbc-4491-9229-8dea3969d3ef.png,Update 5: Day 1: We are funded! First Stretch Goal and more! — image 5,Awaken Realms,Copyright Awaken Realms; reference only; no reuse license identified,campaign;characters;components;core-box;gamefound;official,downloaded,1080,1635,122717,24f4b2af0e4c8d386238fda8133a888cf4894dc288fbe7285b44192bbfa4d8c4,,
ref-0139,art-references/official-gamefound/update-05/006-day-1-we-are-funded-first-stretch-goal-and-mo.jpg,official-gamefound,https://gamefound.com/en/projects/awaken-realms/nemesis-retaliation/updates/5,https://imgcdn.gamefound.com/richtextimage/richtext/17283fe3-48a8-4329-a087-ef403dd2d75d.png,Update 5: Day 1: We are funded! First Stretch Goal and more! — image 6,Awaken Realms,Copyright Awaken Realms; reference only; no reuse license identified,campaign;characters;components;core-box;gamefound;official,downloaded,1207,3000,833233,7a96e027d6ea5813003f57761779c5c4557bd2b03e94ac79fd554fb0a98c486a,,
ref-0140,art-references/official-gamefound/update-05/007-day-1-we-are-funded-first-stretch-goal-and-mo.jpg,official-gamefound,https://gamefound.com/en/projects/awaken-realms/nemesis-retaliation/updates/5,https://imgcdn.gamefound.com/richtextimage/richtext/964d94fd-fe3c-4751-b0e6-55bde80b20d0.jpg,Update 5: Day 1: We are funded! First Stretch Goal and more! — image 7,Awaken Realms,Copyright Awaken Realms; reference only; no reuse license identified,campaign;characters;components;core-box;gamefound;official,downloaded,3000,1859,992643,48ba874d4f02e24a5a66862d02f7c5b70dc1c8716960cb58c08689b03cd1fcfe,,
ref-0141,art-references/official-gamefound/update-05/008-day-1-we-are-funded-first-stretch-goal-and-mo.jpg,official-gamefound,https://gamefound.com/en/projects/awaken-realms/nemesis-retaliation/updates/5,https://imgcdn.gamefound.com/richtextimage/richtext/3eb4f6f2-b17f-4ea5-af4c-c7463bef1425.png,Update 5: Day 1: We are funded! First Stretch Goal and more! — image 8,Awaken Realms,Copyright Awaken Realms; reference only; no reuse license identified,campaign;characters;components;core-box;gamefound;official,downloaded,1000,2166,571004,7e711346bd6bf45899793535ea889257f395a1d021cb98a99d09034815e5e178,,
ref-0142,art-references/official-gamefound/update-05/009-day-1-we-are-funded-first-stretch-goal-and-mo.jpg,official-gamefound,https://gamefound.com/en/projects/awaken-realms/nemesis-retaliation/updates/5,https://imgcdn.gamefound.com/richtextimage/richtext/e48245e1-1975-4c70-a3c3-a807fb89b604.jpg,Update 5: Day 1: We are funded! First Stretch Goal and more! — image 9,Awaken Realms,Copyright Awaken Realms; reference only; no reuse license identified,campaign;characters;components;core-box;gamefound;official,downloaded,924,3000,597517,0f1680deca9e3a1ae12bbb668b30bf892d90c6f00f9bd9088a71424d8881549b,,
ref-0143,art-references/official-gamefound/update-05/010-day-1-we-are-funded-first-stretch-goal-and-mo.jpg,official-gamefound,https://gamefound.com/en/projects/awaken-realms/nemesis-retaliation/updates/5,https://imgcdn.gamefound.com/richtextimage/richtext/af152377-423b-43b0-85c5-250d05595cec.png,Update 5: Day 1: We are funded! First Stretch Goal and more! — image 10,Awaken Realms,Copyright Awaken Realms; reference only; no reuse license identified,campaign;characters;components;core-box;gamefound;official,downloaded,1000,2474,515336,8c9b78dc22166b034a8e8820fff933932723d18812a30a037bbb14210abb330f,,
ref-0144,art-references/official-gamefound/update-05/011-day-1-we-are-funded-first-stretch-goal-and-mo.jpg,official-gamefound,https://gamefound.com/en/projects/awaken-realms/nemesis-retaliation/updates/5,https://imgcdn.gamefound.com/richtextimage/richtext/2ff0cfa6-dbd0-448c-85b8-30c86ccd05b2.jpg,Update 5: Day 1: We are funded! First Stretch Goal and more! — image 11,Awaken Realms,Copyright Awaken Realms; reference only; no reuse license identified,campaign;characters;components;core-box;gamefound;official,downloaded,1000,1168,226850,06ebda5199bd7bf9ea9aaf2c5e1b4120adc683402f0fee5057625ef5bd7377e4,,
ref-0145,art-references/official-gamefound/update-05/012-day-1-we-are-funded-first-stretch-goal-and-mo.jpg,official-gamefound,https://gamefound.com/en/projects/awaken-realms/nemesis-retaliation/updates/5,https://imgcdn.gamefound.com/richtextimage/richtext/2bf0881c-b833-4514-9040-875018a912a3.jpg,Update 5: Day 1: We are funded! First Stretch Goal and more! — image 12,Awaken Realms,Copyright Awaken Realms; reference only; no reuse license identified,campaign;characters;components;core-box;gamefound;official,downloaded,2048,2048,749273,b90a9a5466870631af4051f215f70907a4ce103d0f9b7b12f7e513d2de0743e3,,
ref-0146,art-references/official-gamefound/update-05/013-day-1-we-are-funded-first-stretch-goal-and-mo.jpg,official-gamefound,https://gamefound.com/en/projects/awaken-realms/nemesis-retaliation/updates/5,https://imgcdn.gamefound.com/richtextimage/richtext/5de33148-5f64-4cdc-8b99-662a62e25563.jpg,Update 5: Day 1: We are funded! First Stretch Goal and more! — image 13,Awaken Realms,Copyright Awaken Realms; reference only; no reuse license identified,campaign;characters;components;core-box;gamefound;official,downloaded,2048,2048,906609,f44d66e95e8c4d03a32375a9c6d7d8bb1fc5cfcbdc82388591adcf91505101f4,,
ref-0147,art-references/official-gamefound/update-05/014-day-1-we-are-funded-first-stretch-goal-and-mo.jpg,official-gamefound,https://gamefound.com/en/projects/awaken-realms/nemesis-retaliation/updates/5,https://imgcdn.gamefound.com/richtextimage/richtext/3dfe1f0a-4079-4532-803b-8e677398c845.png,Update 5: Day 1: We are funded! First Stretch Goal and more! — image 14,Awaken Realms,Copyright Awaken Realms; reference only; no reuse license identified,campaign;characters;components;core-box;gamefound;official,downloaded,1500,1500,425185,881bd0d4faaa8b48ada32d3e4fb5c7e44f5e04750690d846733a7d60ca58ffe7,,
ref-0148,art-references/official-gamefound/update-05/015-day-1-we-are-funded-first-stretch-goal-and-mo.jpg,official-gamefound,https://gamefound.com/en/projects/awaken-realms/nemesis-retaliation/updates/5,https://imgcdn.gamefound.com/projectupdate/projects/2750/d9403d16-6196-4a18-aa8c-10071a2c0558.png,Update 5: Day 1: We are funded! First Stretch Goal and more! — image 15,Awaken Realms,Copyright Awaken Realms; reference only; no reuse license identified,campaign;characters;components;core-box;gamefound;official,downloaded,800,800,197369,2987beedab09ca93421c7f99790ec28028aa3d94697e2eff1a682363d26bbf0f,,
ref-0149,art-references/official-gamefound/update-06/001-day-3-meet-the-new-race-neoflesh-cult-and-it-.jpg,official-gamefound,https://gamefound.com/en/projects/awaken-realms/nemesis-retaliation/updates/6,https://imgcdn.gamefound.com/richtextimage/richtext/246072c4-65e3-4833-835d-a8b32aa4d2ea.jpg,Update 6: Day 3: Meet the new race - Neoflesh Cult! And it’s time to vote for their Queen! — image 1,Awaken Realms,Copyright Awaken Realms; reference only; no reuse license identified,concept-art;gamefound;intruders;models;neoflesh;official;queen,downloaded,1392,801,233040,86e06056d08c515cd63bbbd77a51de59c2d8589d038ae81216d6335a382a93ef,,
ref-0150,art-references/official-gamefound/update-06/002-day-3-meet-the-new-race-neoflesh-cult-and-it-.jpg,official-gamefound,https://gamefound.com/en/projects/awaken-realms/nemesis-retaliation/updates/6,https://imgcdn.gamefound.com/richtextimage/richtext/c98e665f-a17d-4386-affd-07db4d6dfea1.jpg,Update 6: Day 3: Meet the new race - Neoflesh Cult! And it’s time to vote for their Queen! — image 2,Awaken Realms,Copyright Awaken Realms; reference only; no reuse license identified,concept-art;gamefound;intruders;models;neoflesh;official;queen,downloaded,1756,1756,380758,ef371745a81eddfbf93f388efdf449a3de60ae444c3a60feaf2e4455ce9c6c2d,,
ref-0151,art-references/official-gamefound/update-06/003-day-3-meet-the-new-race-neoflesh-cult-and-it-.jpg,official-gamefound,https://gamefound.com/en/projects/awaken-realms/nemesis-retaliation/updates/6,https://imgcdn.gamefound.com/richtextimage/richtext/e535b7aa-758f-4886-afd8-faef32a6ef17.jpg,Update 6: Day 3: Meet the new race - Neoflesh Cult! And it’s time to vote for their Queen! — image 3,Awaken Realms,Copyright Awaken Realms; reference only; no reuse license identified,concept-art;gamefound;intruders;models;neoflesh;official;queen,downloaded,1000,2215,569605,66306ba75f3d21a004ffb33bdb70d7713489db45ed653c2a0d27250cfc732f19,,
ref-0152,art-references/official-gamefound/update-06/004-day-3-meet-the-new-race-neoflesh-cult-and-it-.jpg,official-gamefound,https://gamefound.com/en/projects/awaken-realms/nemesis-retaliation/updates/6,https://imgcdn.gamefound.com/richtextimage/richtext/240433bc-f8dc-4aee-ae80-b37b9e988bd4.jpg,Update 6: Day 3: Meet the new race - Neoflesh Cult! And it’s time to vote for their Queen! — image 4,Awaken Realms,Copyright Awaken Realms; reference only; no reuse license identified,concept-art;gamefound;intruders;models;neoflesh;official;queen,downloaded,473,3000,471457,5f1559c5f73461fca1584bef49371deff500538aad9e8f2ac0981fb4b31310b6,,
ref-0153,art-references/official-gamefound/update-06/005-day-3-meet-the-new-race-neoflesh-cult-and-it-.jpg,official-gamefound,https://gamefound.com/en/projects/awaken-realms/nemesis-retaliation/updates/6,https://imgcdn.gamefound.com/richtextimage/richtext/ac1c481b-ef3e-4708-83ae-0b68a151726b.jpg,Update 6: Day 3: Meet the new race - Neoflesh Cult! And it’s time to vote for their Queen! — image 5,Awaken Realms,Copyright Awaken Realms; reference only; no reuse license identified,concept-art;gamefound;intruders;models;neoflesh;official;queen,downloaded,1000,1000,283543,8e19bffe0ce84e2d20186972d8569567e8013c8618c038c72e54fe801b902d48,,
ref-0154,art-references/official-gamefound/update-06/006-day-3-meet-the-new-race-neoflesh-cult-and-it-.jpg,official-gamefound,https://gamefound.com/en/projects/awaken-realms/nemesis-retaliation/updates/6,https://imgcdn.gamefound.com/projectupdate/projects/2750/c536f271-3e1c-4b25-87bb-d683a321ecde.png,Update 6: Day 3: Meet the new race - Neoflesh Cult! And it’s time to vote for their Queen! — image 6,Awaken Realms,Copyright Awaken Realms; reference only; no reuse license identified,concept-art;gamefound;intruders;models;neoflesh;official;queen,downloaded,800,800,172317,23125becb4a68d79d6386451252068a56d147726f9a3a17b80e78b49911081c5,,
ref-0155,art-references/official-gamefound/update-07/001-day-5-new-weapons-and-armor-a-special-cyber-m.jpg,official-gamefound,https://gamefound.com/en/projects/awaken-realms/nemesis-retaliation/updates/7,https://imgcdn.gamefound.com/richtextimage/richtext/cbcff06a-e628-4931-af60-1df64bd6a150.jpg,Update 7: Day 5: New weapons and armor + a special Cyber Monday Surprise Stretch Goal! — image 1,Awaken Realms,Copyright Awaken Realms; reference only; no reuse license identified,armor;equipment;gamefound;item-cards;items;official;weapons,downloaded,1000,1000,233771,475136220dc431e166f8ba9dd43a28ee7f9aa9ba5de056a41bb4695d1b19ca1a,,
ref-0156,art-references/official-gamefound/update-07/002-day-5-new-weapons-and-armor-a-special-cyber-m.jpg,official-gamefound,https://gamefound.com/en/projects/awaken-realms/nemesis-retaliation/updates/7,https://imgcdn.gamefound.com/richtextimage/richtext/296b3abe-9270-498d-a1aa-e0f945e3b367.jpg,Update 7: Day 5: New weapons and armor + a special Cyber Monday Surprise Stretch Goal! — image 2,Awaken Realms,Copyright Awaken Realms; reference only; no reuse license identified,armor;equipment;gamefound;item-cards;items;official;weapons,downloaded,1000,1325,330774,782c2c9de1d8ad56968463e5fbc74f9f8b57c8984a6f588d3377007f62c24369,,
ref-0157,art-references/official-gamefound/update-07/003-day-5-new-weapons-and-armor-a-special-cyber-m.jpg,official-gamefound,https://gamefound.com/en/projects/awaken-realms/nemesis-retaliation/updates/7,https://imgcdn.gamefound.com/richtextimage/richtext/1e1c09f5-2779-4ea9-aa23-747555b6ec93.jpg,Update 7: Day 5: New weapons and armor + a special Cyber Monday Surprise Stretch Goal! — image 3,Awaken Realms,Copyright Awaken Realms; reference only; no reuse license identified,armor;equipment;gamefound;item-cards;items;official;weapons,downloaded,1498,1632,438704,9157c89d297f31e72811072a705883365890e9d24b0e361a5fa2e2461c0d2ead,,
ref-0158,art-references/official-gamefound/update-07/004-day-5-new-weapons-and-armor-a-special-cyber-m.jpg,official-gamefound,https://gamefound.com/en/projects/awaken-realms/nemesis-retaliation/updates/7,https://imgcdn.gamefound.com/richtextimage/richtext/8cedf6d2-cfa6-4a6e-bc0a-210cfec2f196.png,Update 7: Day 5: New weapons and armor + a special Cyber Monday Surprise Stretch Goal! — image 4,Awaken Realms,Copyright Awaken Realms; reference only; no reuse license identified,armor;equipment;gamefound;item-cards;items;official;weapons,downloaded,1200,800,93229,0e1a84301eaca2e4d3c941f1fe1353f7941b885d64e1680c10d132620cf93073,,
ref-0159,art-references/official-gamefound/update-07/005-day-5-new-weapons-and-armor-a-special-cyber-m.jpg,official-gamefound,https://gamefound.com/en/projects/awaken-realms/nemesis-retaliation/updates/7,https://imgcdn.gamefound.com/projectupdate/projects/2750/0e1b4921-acce-4d6e-b244-f8d6d73810f7.jpg,Update 7: Day 5: New weapons and armor + a special Cyber Monday Surprise Stretch Goal! — image 5,Awaken Realms,Copyright Awaken Realms; reference only; no reuse license identified,armor;equipment;gamefound;item-cards;items;official;weapons,downloaded,800,800,105549,25fa36226da49c8a611aecaba99e7ac7dc63a0f2ff1db999f702d7aa64b18b5f,,
ref-0160,art-references/official-gamefound/update-08/001-day-7-check-out-the-insider-expansion-we-are-.jpg,official-gamefound,https://gamefound.com/en/projects/awaken-realms/nemesis-retaliation/updates/8,https://imgcdn.gamefound.com/richtextimage/richtext/e594c571-ddf6-4306-b7db-37466f8a1f73.jpg,Update 8: Day 7: Check out The Insider expansion! We are adding a new add-on to the selection! — image 1,Awaken Realms,Copyright Awaken Realms; reference only; no reuse license identified,cards;characters;expansion;gamefound;insider;official;tokens,downloaded,1000,1000,170852,4ed6c01a262b894f0a91eb34090113702e18392e8f2fa4a020cb8d814aebe247,,
ref-0161,art-references/official-gamefound/update-08/002-day-7-check-out-the-insider-expansion-we-are-.jpg,official-gamefound,https://gamefound.com/en/projects/awaken-realms/nemesis-retaliation/updates/8,https://imgcdn.gamefound.com/richtextimage/richtext/6f0d58ef-79ab-4dc3-aa5c-d38a1d572030.jpg,Update 8: Day 7: Check out The Insider expansion! We are adding a new add-on to the selection! — image 2,Awaken Realms,Copyright Awaken Realms; reference only; no reuse license identified,cards;characters;expansion;gamefound;insider;official;tokens,downloaded,1000,1000,171644,a6b01fa9ff5c56f26d80e5a199fe66795fa44782e5f9ba59ea0920a17e0ee7c3,,
ref-0162,art-references/official-gamefound/update-08/003-day-7-check-out-the-insider-expansion-we-are-.jpg,official-gamefound,https://gamefound.com/en/projects/awaken-realms/nemesis-retaliation/updates/8,https://imgcdn.gamefound.com/richtextimage/richtext/8690e875-4d36-4f3b-9d89-0c3779680c0a.jpg,Update 8: Day 7: Check out The Insider expansion! We are adding a new add-on to the selection! — image 3,Awaken Realms,Copyright Awaken Realms; reference only; no reuse license identified,cards;characters;expansion;gamefound;insider;official;tokens,downloaded,520,3000,459885,0ae4d2750f115d5f995e94d438c0eeba540ee76d5233df1c2e6703c87728704f,,
ref-0163,art-references/official-gamefound/update-08/002-day-7-check-out-the-insider-expansion-we-are-.jpg,official-gamefound,https://gamefound.com/en/projects/awaken-realms/nemesis-retaliation/updates/8,https://imgcdn.gamefound.com/richtextimage/richtext/378516df-3cb1-4a62-b9ad-4af44944610c.jpg,Update 8: Day 7: Check out The Insider expansion! We are adding a new add-on to the selection! — image 4,Awaken Realms,Copyright Awaken Realms; reference only; no reuse license identified,cards;characters;expansion;gamefound;insider;official;tokens,duplicate,1000,1000,171644,a6b01fa9ff5c56f26d80e5a199fe66795fa44782e5f9ba59ea0920a17e0ee7c3,art-references/official-gamefound/update-08/002-day-7-check-out-the-insider-expansion-we-are-.jpg,
ref-0164,art-references/official-gamefound/update-08/005-day-7-check-out-the-insider-expansion-we-are-.jpg,official-gamefound,https://gamefound.com/en/projects/awaken-realms/nemesis-retaliation/updates/8,https://imgcdn.gamefound.com/projectupdate/projects/2750/e73858cd-856d-45e2-8d60-a6008525b00f.png,Update 8: Day 7: Check out The Insider expansion! We are adding a new add-on to the selection! — image 5,Awaken Realms,Copyright Awaken Realms; reference only; no reuse license identified,cards;characters;expansion;gamefound;insider;official;tokens,downloaded,800,800,61992,2453ef0cdc1f99c29d483c93f65dded8fdf1c827b59a43c5d84bc795fb949fad,,
ref-0165,art-references/official-gamefound/update-09/001-day-9-neoflesh-cultist-vote-and-xyrians-race-.jpg,official-gamefound,https://gamefound.com/en/projects/awaken-realms/nemesis-retaliation/updates/9,https://imgcdn.gamefound.com/richtextimage/richtext/7d15d5a7-d1c4-44de-8d41-f50e7364908b.jpg,Update 9: Day 9: Neoflesh Cultist vote and Xyrians race add-on!  — image 1,Awaken Realms,Copyright Awaken Realms; reference only; no reuse license identified,alien-race;concept-art;gamefound;models;neoflesh;official;xyrians,downloaded,1498,2887,744974,f026a596e8815b38dd03d8d1e856e78d2d13a352128704c18083d481fd87be6d,,
ref-0166,art-references/official-gamefound/update-09/002-day-9-neoflesh-cultist-vote-and-xyrians-race-.jpg,official-gamefound,https://gamefound.com/en/projects/awaken-realms/nemesis-retaliation/updates/9,https://imgcdn.gamefound.com/richtextimage/richtext/069705b3-9efb-47bd-82f9-d42f8fa985ed.jpg,Update 9: Day 9: Neoflesh Cultist vote and Xyrians race add-on!  — image 2,Awaken Realms,Copyright Awaken Realms; reference only; no reuse license identified,alien-race;concept-art;gamefound;models;neoflesh;official;xyrians,downloaded,559,3000,446643,7da07dc8eaf3ecec3e8969d21d45b302d526f5235003fad7be5f7ab139ef8286,,
ref-0167,art-references/official-gamefound/update-09/003-day-9-neoflesh-cultist-vote-and-xyrians-race-.jpg,official-gamefound,https://gamefound.com/en/projects/awaken-realms/nemesis-retaliation/updates/9,https://imgcdn.gamefound.com/richtextimage/richtext/ff43fb52-b64b-4fac-bf9b-6900f871575b.png,Update 9: Day 9: Neoflesh Cultist vote and Xyrians race add-on!  — image 3,Awaken Realms,Copyright Awaken Realms; reference only; no reuse license identified,alien-race;concept-art;gamefound;models;neoflesh;official;xyrians,downloaded,2187,2187,430412,74362a31872ebb953687e48c2406e3ca8e380b7da115342543fd5fd3ac16cdc7,,
ref-0168,art-references/official-gamefound/update-09/004-day-9-neoflesh-cultist-vote-and-xyrians-race-.jpg,official-gamefound,https://gamefound.com/en/projects/awaken-realms/nemesis-retaliation/updates/9,https://imgcdn.gamefound.com/richtextimage/richtext/9dd3ef79-b269-401b-9b17-b22cd08211d5.png,Update 9: Day 9: Neoflesh Cultist vote and Xyrians race add-on!  — image 4,Awaken Realms,Copyright Awaken Realms; reference only; no reuse license identified,alien-race;concept-art;gamefound;models;neoflesh;official;xyrians,downloaded,2187,2187,427671,4eaff3570d87dc495beac9f972328c582d8fa5335176cfaba210190a9b5600c5,,
ref-0169,art-references/official-gamefound/update-09/005-day-9-neoflesh-cultist-vote-and-xyrians-race-.jpg,official-gamefound,https://gamefound.com/en/projects/awaken-realms/nemesis-retaliation/updates/9,https://imgcdn.gamefound.com/richtextimage/richtext/ef35b5a5-34da-4bce-83a4-468f4a0ed943.png,Update 9: Day 9: Neoflesh Cultist vote and Xyrians race add-on!  — image 5,Awaken Realms,Copyright Awaken Realms; reference only; no reuse license identified,alien-race;concept-art;gamefound;models;neoflesh;official;xyrians,downloaded,2187,2187,443514,9911ab5437f539f671e3b3976cd5f1a489cb14742fe6bd2ff6db00790787295f,,
ref-0170,art-references/official-gamefound/update-09/006-day-9-neoflesh-cultist-vote-and-xyrians-race-.jpg,official-gamefound,https://gamefound.com/en/projects/awaken-realms/nemesis-retaliation/updates/9,https://imgcdn.gamefound.com/richtextimage/richtext/7b7fb664-8303-4ed7-b3bf-09fd9c540ab2.jpg,Update 9: Day 9: Neoflesh Cultist vote and Xyrians race add-on!  — image 6,Awaken Realms,Copyright Awaken Realms; reference only; no reuse license identified,alien-race;concept-art;gamefound;models;neoflesh;official;xyrians,downloaded,483,3000,472452,828411e97a570b377f9051210e72aea180e32acfc9d55610af6274ed1da2d7ba,,
ref-0171,art-references/official-gamefound/update-09/007-day-9-neoflesh-cultist-vote-and-xyrians-race-.jpg,official-gamefound,https://gamefound.com/en/projects/awaken-realms/nemesis-retaliation/updates/9,https://imgcdn.gamefound.com/richtextimage/richtext/bc524176-f250-456b-a41b-3c6403100198.jpg,Update 9: Day 9: Neoflesh Cultist vote and Xyrians race add-on!  — image 7,Awaken Realms,Copyright Awaken Realms; reference only; no reuse license identified,alien-race;concept-art;gamefound;models;neoflesh;official;xyrians,downloaded,461,3000,427351,9f5c42a824c44b992d3f40bb533963cd439f819fbeafa1a70875b8bc6509d75a,,
ref-0172,art-references/official-gamefound/update-09/008-day-9-neoflesh-cultist-vote-and-xyrians-race-.jpg,official-gamefound,https://gamefound.com/en/projects/awaken-realms/nemesis-retaliation/updates/9,https://imgcdn.gamefound.com/richtextimage/richtext/c965eed8-ca08-4ba4-a47b-d1e7168b9c80.jpg,Update 9: Day 9: Neoflesh Cultist vote and Xyrians race add-on!  — image 8,Awaken Realms,Copyright Awaken Realms; reference only; no reuse license identified,alien-race;concept-art;gamefound;models;neoflesh;official;xyrians,downloaded,2000,2000,676864,99de19d8e4a02bf555ca979cde3e6ba5499ff1f4dfc00c9f4431adbd0b7fb0e5,,
ref-0173,art-references/official-gamefound/update-09/009-day-9-neoflesh-cultist-vote-and-xyrians-race-.jpg,official-gamefound,https://gamefound.com/en/projects/awaken-realms/nemesis-retaliation/updates/9,https://imgcdn.gamefound.com/projectupdate/projects/2750/8b8676cc-285c-4155-b31d-d21e0543f354.jpg,Update 9: Day 9: Neoflesh Cultist vote and Xyrians race add-on!  — image 9,Awaken Realms,Copyright Awaken Realms; reference only; no reuse license identified,alien-race;concept-art;gamefound;models;neoflesh;official;xyrians,downloaded,800,800,117213,f1940426dc7d0032234305294aef92d86d510d07db80bf70054c087b4f8907a8,,
ref-0174,art-references/official-gamefound/update-10/001-day-11-neoflesh-twitchlings-join-the-neoflesh.jpg,official-gamefound,https://gamefound.com/en/projects/awaken-realms/nemesis-retaliation/updates/10,https://imgcdn.gamefound.com/richtextimage/richtext/692b168b-d986-4164-8911-57061a48b297.png,Update 10: Day 11: Neoflesh Twitchlings join the Neoflesh Cult breed! — image 1,Awaken Realms,Copyright Awaken Realms; reference only; no reuse license identified,gamefound;models;neoflesh;official;twitchlings,downloaded,1058,3000,846127,bd9942cbef34d7d748ff5c5fe084a2dc9ebedfe671f11a4e6cf12e581ff870fa,,
ref-0175,art-references/official-gamefound/update-10/002-day-11-neoflesh-twitchlings-join-the-neoflesh.jpg,official-gamefound,https://gamefound.com/en/projects/awaken-realms/nemesis-retaliation/updates/10,https://imgcdn.gamefound.com/richtextimage/richtext/15fcacfd-5a4a-43db-b3e7-ab6f0312cb5a.png,Update 10: Day 11: Neoflesh Twitchlings join the Neoflesh Cult breed! — image 2,Awaken Realms,Copyright Awaken Realms; reference only; no reuse license identified,gamefound;models;neoflesh;official;twitchlings,downloaded,733,3000,687558,f4686f0f14aeefb7a65ce4c63cdf7c989e1a9ad3305dd3a70203cbbe2e6236a6,,
ref-0176,art-references/official-gamefound/update-10/003-day-11-neoflesh-twitchlings-join-the-neoflesh.jpg,official-gamefound,https://gamefound.com/en/projects/awaken-realms/nemesis-retaliation/updates/10,https://imgcdn.gamefound.com/projectupdate/projects/2750/fe2bedc2-59bc-4bdb-bfb6-495b6fbd5cd2.jpg,Update 10: Day 11: Neoflesh Twitchlings join the Neoflesh Cult breed! — image 3,Awaken Realms,Copyright Awaken Realms; reference only; no reuse license identified,gamefound;models;neoflesh;official;twitchlings,downloaded,800,800,122272,a1bfb0e9b77ebc7a34bf157d2ba373e10255ab18e1be8ccbafc3afb15730595f,,
ref-0177,art-references/official-gamefound/update-11/001-day-13-the-medical-support-character-stretch-.jpg,official-gamefound,https://gamefound.com/en/projects/awaken-realms/nemesis-retaliation/updates/11,https://imgcdn.gamefound.com/richtextimage/richtext/8d8e7761-a588-453c-a28d-bd97360435b6.png,Update 11: Day 13: The Medical Support character Stretch Goal and two new characters add-on! — image 1,Awaken Realms,Copyright Awaken Realms; reference only; no reuse license identified,character;characters;concept-art;equipment;gamefound;medic;medical-support;models;official;sharpshooter;uav-operator,downloaded,570,3000,359051,fc60a3888cf010e3cd05d96f2902b041b79389df7b370b0b111c0252281d3f93,,
ref-0178,art-references/official-gamefound/update-11/002-day-13-the-medical-support-character-stretch-.jpg,official-gamefound,https://gamefound.com/en/projects/awaken-realms/nemesis-retaliation/updates/11,https://imgcdn.gamefound.com/richtextimage/richtext/7288cab7-5635-47d0-896e-feadb338f925.png,Update 11: Day 13: The Medical Support character Stretch Goal and two new characters add-on! — image 2,Awaken Realms,Copyright Awaken Realms; reference only; no reuse license identified,character;characters;concept-art;equipment;gamefound;medic;medical-support;models;official;sharpshooter;uav-operator,downloaded,3000,581,230975,327979d505e9ddffd4dbf44451bdbf99b4287f3cf0bbb8754d1cc7d8b3a1503e,,
ref-0179,art-references/official-gamefound/update-11/003-day-13-the-medical-support-character-stretch-.jpg,official-gamefound,https://gamefound.com/en/projects/awaken-realms/nemesis-retaliation/updates/11,https://imgcdn.gamefound.com/richtextimage/richtext/ee4c61fc-b766-49ed-9619-fa0923fc4d3b.jpg,Update 11: Day 13: The Medical Support character Stretch Goal and two new characters add-on! — image 3,Awaken Realms,Copyright Awaken Realms; reference only; no reuse license identified,character;characters;concept-art;equipment;gamefound;medic;medical-support;models;official;sharpshooter;uav-operator,downloaded,1246,361,69183,22c8a368bb37e2551ca198535d858fc63c94f00808511171fb4d0035bf90fa43,,
ref-0180,art-references/official-gamefound/update-11/004-day-13-the-medical-support-character-stretch-.jpg,official-gamefound,https://gamefound.com/en/projects/awaken-realms/nemesis-retaliation/updates/11,https://imgcdn.gamefound.com/richtextimage/richtext/62de5425-55ae-479b-8a46-36818ded6461.png,Update 11: Day 13: The Medical Support character Stretch Goal and two new characters add-on! — image 4,Awaken Realms,Copyright Awaken Realms; reference only; no reuse license identified,character;characters;concept-art;equipment;gamefound;medic;medical-support;models;official;sharpshooter;uav-operator,downloaded,2000,2000,409381,2e8d15675f61cf6d85d37cb74004c021facdd43abff3a9fb48525cb7f8dd8fc1,,
ref-0181,art-references/official-gamefound/update-11/005-day-13-the-medical-support-character-stretch-.jpg,official-gamefound,https://gamefound.com/en/projects/awaken-realms/nemesis-retaliation/updates/11,https://imgcdn.gamefound.com/richtextimage/richtext/24eaa74e-6482-4259-a14a-80606df67532.png,Update 11: Day 13: The Medical Support character Stretch Goal and two new characters add-on! — image 5,Awaken Realms,Copyright Awaken Realms; reference only; no reuse license identified,character;characters;concept-art;equipment;gamefound;medic;medical-support;models;official;sharpshooter;uav-operator,downloaded,1498,2365,741605,fedbfdcec005aff80b3fd74222bdbc44d43e169b117f270a3da0236598731b23,,
ref-0182,art-references/official-gamefound/update-11/006-day-13-the-medical-support-character-stretch-.jpg,official-gamefound,https://gamefound.com/en/projects/awaken-realms/nemesis-retaliation/updates/11,https://imgcdn.gamefound.com/richtextimage/richtext/54632054-5e37-4d8e-be09-9821464bf830.png,Update 11: Day 13: The Medical Support character Stretch Goal and two new characters add-on! — image 6,Awaken Realms,Copyright Awaken Realms; reference only; no reuse license identified,character;characters;concept-art;equipment;gamefound;medic;medical-support;models;official;sharpshooter;uav-operator,downloaded,1498,2402,675889,4fe79206960740934328358d69ffd3cf9cb5148d4c41eb9d56b127a9064af072,,
ref-0183,art-references/official-gamefound/update-11/007-day-13-the-medical-support-character-stretch-.jpg,official-gamefound,https://gamefound.com/en/projects/awaken-realms/nemesis-retaliation/updates/11,https://imgcdn.gamefound.com/richtextimage/richtext/81d40752-4834-4052-80f2-9860dd436122.png,Update 11: Day 13: The Medical Support character Stretch Goal and two new characters add-on! — image 7,Awaken Realms,Copyright Awaken Realms; reference only; no reuse license identified,character;characters;concept-art;equipment;gamefound;medic;medical-support;models;official;sharpshooter;uav-operator,downloaded,571,3000,453701,6e4ff2cc00a89461f891739bccea17be5b4c480c1c44ea52659eccdac52801a7,,
ref-0184,art-references/official-gamefound/update-11/004-day-13-the-medical-support-character-stretch-.jpg,official-gamefound,https://gamefound.com/en/projects/awaken-realms/nemesis-retaliation/updates/11,https://imgcdn.gamefound.com/richtextimage/richtext/02d3912c-00e9-418e-90d5-65fbbc490650.png,Update 11: Day 13: The Medical Support character Stretch Goal and two new characters add-on! — image 8,Awaken Realms,Copyright Awaken Realms; reference only; no reuse license identified,character;characters;concept-art;equipment;gamefound;medic;medical-support;models;official;sharpshooter;uav-operator,duplicate,2000,2000,409381,2e8d15675f61cf6d85d37cb74004c021facdd43abff3a9fb48525cb7f8dd8fc1,art-references/official-gamefound/update-11/004-day-13-the-medical-support-character-stretch-.jpg,
ref-0185,art-references/official-gamefound/update-11/009-day-13-the-medical-support-character-stretch-.jpg,official-gamefound,https://gamefound.com/en/projects/awaken-realms/nemesis-retaliation/updates/11,https://imgcdn.gamefound.com/projectupdate/projects/2750/d31b43e3-fddc-472e-8fe5-171b6a7159b9.jpg,Update 11: Day 13: The Medical Support character Stretch Goal and two new characters add-on! — image 9,Awaken Realms,Copyright Awaken Realms; reference only; no reuse license identified,character;characters;concept-art;equipment;gamefound;medic;medical-support;models;official;sharpshooter;uav-operator,downloaded,800,800,122438,6819483284b8567bb7f750a11b4d06d17451f502eb2240cd4b142600b7485d84,,
ref-0186,art-references/official-gamefound/update-12/001-day-15-neoflesh-delvers-sangrevores-race-add-.jpg,official-gamefound,https://gamefound.com/en/projects/awaken-realms/nemesis-retaliation/updates/12,https://imgcdn.gamefound.com/richtextimage/richtext/57db0821-0b9e-4218-8568-c1d06d754b5d.png,"Update 12: Day 15: Neoflesh Delvers, Sangrevores race add-on, and final pledges!  — image 1",Awaken Realms,Copyright Awaken Realms; reference only; no reuse license identified,alien-race;delvers;final-components;gamefound;models;neoflesh;official;sangrevores,downloaded,1000,1692,332556,8c8065bddfe15f098962284a64d8008e15fb79f92595c903091804ed1cceb2cd,,
ref-0187,art-references/official-gamefound/update-12/002-day-15-neoflesh-delvers-sangrevores-race-add-.jpg,official-gamefound,https://gamefound.com/en/projects/awaken-realms/nemesis-retaliation/updates/12,https://imgcdn.gamefound.com/richtextimage/richtext/2a6a589e-543a-4bce-bda0-2ecf5756958c.jpg,"Update 12: Day 15: Neoflesh Delvers, Sangrevores race add-on, and final pledges!  — image 2",Awaken Realms,Copyright Awaken Realms; reference only; no reuse license identified,alien-race;delvers;final-components;gamefound;models;neoflesh;official;sangrevores,downloaded,563,3000,461301,3273db5760367f5da55cab10d5bc57bd6a0e1315d86caa31d50284e24d4c3018,,
ref-0188,art-references/official-gamefound/update-12/003-day-15-neoflesh-delvers-sangrevores-race-add-.jpg,official-gamefound,https://gamefound.com/en/projects/awaken-realms/nemesis-retaliation/updates/12,https://imgcdn.gamefound.com/richtextimage/richtext/e1b5bf61-338a-4916-870d-d6d0fb9411ad.jpg,"Update 12: Day 15: Neoflesh Delvers, Sangrevores race add-on, and final pledges!  — image 3",Awaken Realms,Copyright Awaken Realms; reference only; no reuse license identified,alien-race;delvers;final-components;gamefound;models;neoflesh;official;sangrevores,downloaded,900,763,142661,6cc1bebba3635d980251be41bc96b6e4d23cd7632312e7049464d4b6f0194b0a,,
ref-0189,art-references/official-gamefound/update-12/004-day-15-neoflesh-delvers-sangrevores-race-add-.jpg,official-gamefound,https://gamefound.com/en/projects/awaken-realms/nemesis-retaliation/updates/12,https://imgcdn.gamefound.com/richtextimage/richtext/139b847f-f0b4-4988-bf61-3ca863b65efb.jpg,"Update 12: Day 15: Neoflesh Delvers, Sangrevores race add-on, and final pledges!  — image 4",Awaken Realms,Copyright Awaken Realms; reference only; no reuse license identified,alien-race;delvers;final-components;gamefound;models;neoflesh;official;sangrevores,downloaded,826,3000,746861,4cb7eae5f0e3789705dd0c02714b3f2b21844a7677d91267ac99049012476a5d,,
ref-0190,art-references/official-gamefound/update-12/005-day-15-neoflesh-delvers-sangrevores-race-add-.jpg,official-gamefound,https://gamefound.com/en/projects/awaken-realms/nemesis-retaliation/updates/12,https://imgcdn.gamefound.com/richtextimage/richtext/00b6b139-8a28-48b2-9268-a96668725844.jpg,"Update 12: Day 15: Neoflesh Delvers, Sangrevores race add-on, and final pledges!  — image 5",Awaken Realms,Copyright Awaken Realms; reference only; no reuse license identified,alien-race;delvers;final-components;gamefound;models;neoflesh;official;sangrevores,downloaded,663,3000,565019,8aeebf95d7ad09fba3834d49a843ebb4e871b97e89866a9413cbd2aaf5bd2ddb,,
ref-0191,art-references/official-gamefound/update-12/006-day-15-neoflesh-delvers-sangrevores-race-add-.jpg,official-gamefound,https://gamefound.com/en/projects/awaken-realms/nemesis-retaliation/updates/12,https://imgcdn.gamefound.com/richtextimage/richtext/c9f4fdcd-5a8f-42d7-a51c-aa26f4d228e9.jpg,"Update 12: Day 15: Neoflesh Delvers, Sangrevores race add-on, and final pledges!  — image 6",Awaken Realms,Copyright Awaken Realms; reference only; no reuse license identified,alien-race;delvers;final-components;gamefound;models;neoflesh;official;sangrevores,downloaded,377,3000,327133,f10789f9b6140353b6f2da0c6da2495431a3ec0c4d23d0b09321608b36102029,,
ref-0192,art-references/official-gamefound/update-12/007-day-15-neoflesh-delvers-sangrevores-race-add-.jpg,official-gamefound,https://gamefound.com/en/projects/awaken-realms/nemesis-retaliation/updates/12,https://imgcdn.gamefound.com/richtextimage/richtext/f1c0ab15-4424-496a-b152-a3e261432172.jpg,"Update 12: Day 15: Neoflesh Delvers, Sangrevores race add-on, and final pledges!  — image 7",Awaken Realms,Copyright Awaken Realms; reference only; no reuse license identified,alien-race;delvers;final-components;gamefound;models;neoflesh;official;sangrevores,downloaded,1000,2074,336357,b6b8c0ed28c341be46a3a17be4687ad594dd402eeaeee8e5b9374f1952c39b8e,,
ref-0193,art-references/official-gamefound/update-12/008-day-15-neoflesh-delvers-sangrevores-race-add-.jpg,official-gamefound,https://gamefound.com/en/projects/awaken-realms/nemesis-retaliation/updates/12,https://imgcdn.gamefound.com/richtextimage/richtext/dda50d55-f1ac-4f2f-882b-80429b5ffab4.jpg,"Update 12: Day 15: Neoflesh Delvers, Sangrevores race add-on, and final pledges!  — image 8",Awaken Realms,Copyright Awaken Realms; reference only; no reuse license identified,alien-race;delvers;final-components;gamefound;models;neoflesh;official;sangrevores,downloaded,2000,2000,771288,7c050229eb8a007acf883a65617c329e22b1026a7d2924daf740d150b1fd9914,,
ref-0194,art-references/official-gamefound/update-12/009-day-15-neoflesh-delvers-sangrevores-race-add-.jpg,official-gamefound,https://gamefound.com/en/projects/awaken-realms/nemesis-retaliation/updates/12,https://imgcdn.gamefound.com/richtextimage/richtext/b11cffab-a5e0-47a8-820b-303b213c4c4b.jpg,"Update 12: Day 15: Neoflesh Delvers, Sangrevores race add-on, and final pledges!  — image 9",Awaken Realms,Copyright Awaken Realms; reference only; no reuse license identified,alien-race;delvers;final-components;gamefound;models;neoflesh;official;sangrevores,downloaded,2000,2000,832925,d695948ee74d4893bf0a28a8eed03c4f391aae9e2b7bbf78a14011474feffc36,,
ref-0195,art-references/official-gamefound/update-12/010-day-15-neoflesh-delvers-sangrevores-race-add-.jpg,official-gamefound,https://gamefound.com/en/projects/awaken-realms/nemesis-retaliation/updates/12,https://imgcdn.gamefound.com/richtextimage/richtext/90104d94-4533-4ede-9d6e-7e16f1ecff65.jpg,"Update 12: Day 15: Neoflesh Delvers, Sangrevores race add-on, and final pledges!  — image 10",Awaken Realms,Copyright Awaken Realms; reference only; no reuse license identified,alien-race;delvers;final-components;gamefound;models;neoflesh;official;sangrevores,downloaded,2000,2000,945226,8b6ca5a9661951e451c680abd0a2631061f884d28c44218d8f1e4d000ca068dd,,
ref-0196,art-references/official-gamefound/update-12/011-day-15-neoflesh-delvers-sangrevores-race-add-.jpg,official-gamefound,https://gamefound.com/en/projects/awaken-realms/nemesis-retaliation/updates/12,https://imgcdn.gamefound.com/richtextimage/richtext/9526f934-2746-4b3e-8615-24f2d12f2f57.jpg,"Update 12: Day 15: Neoflesh Delvers, Sangrevores race add-on, and final pledges!  — image 11",Awaken Realms,Copyright Awaken Realms; reference only; no reuse license identified,alien-race;delvers;final-components;gamefound;models;neoflesh;official;sangrevores,downloaded,2000,2000,605865,93dbccbf02328455054334cafd10667a1acbc6776a90af06eeda407c99e2ea39,,
ref-0197,art-references/official-gamefound/update-12/012-day-15-neoflesh-delvers-sangrevores-race-add-.jpg,official-gamefound,https://gamefound.com/en/projects/awaken-realms/nemesis-retaliation/updates/12,https://imgcdn.gamefound.com/richtextimage/richtext/bc70fd29-daff-49b9-9999-0919ecaa69a3.jpg,"Update 12: Day 15: Neoflesh Delvers, Sangrevores race add-on, and final pledges!  — image 12",Awaken Realms,Copyright Awaken Realms; reference only; no reuse license identified,alien-race;delvers;final-components;gamefound;models;neoflesh;official;sangrevores,downloaded,2000,2000,635108,e6b4375a3455c9207c5f29468367c9a02c2920a38d7bea78a492ca9cc5f239b4,,
ref-0198,art-references/official-gamefound/update-12/013-day-15-neoflesh-delvers-sangrevores-race-add-.jpg,official-gamefound,https://gamefound.com/en/projects/awaken-realms/nemesis-retaliation/updates/12,https://imgcdn.gamefound.com/projectupdate/projects/2750/09d81534-3105-45db-88ad-370ff5eabb15.jpg,"Update 12: Day 15: Neoflesh Delvers, Sangrevores race add-on, and final pledges!  — image 13",Awaken Realms,Copyright Awaken Realms; reference only; no reuse license identified,alien-race;delvers;final-components;gamefound;models;neoflesh;official;sangrevores,downloaded,800,800,98046,e6a74bff004ae3753c2c5b2a05168ab72b23afcb9be667781c26cd038aff83bd,,
ref-0199,art-references/official-gamefound/update-13/001-day-17-the-ranged-shooter-delver-quick-gamepl.jpg,official-gamefound,https://gamefound.com/en/projects/awaken-realms/nemesis-retaliation/updates/13,https://imgcdn.gamefound.com/richtextimage/richtext/b846c05c-2579-4d5b-8257-2d703d0131bb.png,"Update 13: Day 17: The Ranged Shooter Delver, quick gameplay FAQ, and old characters explained! — image 1",Awaken Realms,Copyright Awaken Realms; reference only; no reuse license identified,character;delver;gamefound;gameplay;legacy-characters;models;neoflesh;official,downloaded,942,3000,764457,7a5e0d641f29614aaa5cba003db7e9aa725431b6003374481fd60110804e1b20,,
ref-0200,art-references/official-gamefound/update-13/002-day-17-the-ranged-shooter-delver-quick-gamepl.jpg,official-gamefound,https://gamefound.com/en/projects/awaken-realms/nemesis-retaliation/updates/13,https://imgcdn.gamefound.com/richtextimage/richtext/4f471a9e-819d-42d5-9fbb-b4c336785681.png,"Update 13: Day 17: The Ranged Shooter Delver, quick gameplay FAQ, and old characters explained! — image 2",Awaken Realms,Copyright Awaken Realms; reference only; no reuse license identified,character;delver;gamefound;gameplay;legacy-characters;models;neoflesh;official,downloaded,589,3000,508458,ee437a0cc89ea08649ba1bf5b4dcf99f1cfb5180346f13f15e4ff58c790e068f,,
ref-0201,art-references/official-gamefound/update-13/003-day-17-the-ranged-shooter-delver-quick-gamepl.jpg,official-gamefound,https://gamefound.com/en/projects/awaken-realms/nemesis-retaliation/updates/13,https://imgcdn.gamefound.com/richtextimage/richtext/e5b15e18-f26b-43c5-908f-695f2f2504db.jpg,"Update 13: Day 17: The Ranged Shooter Delver, quick gameplay FAQ, and old characters explained! — image 3",Awaken Realms,Copyright Awaken Realms; reference only; no reuse license identified,character;delver;gamefound;gameplay;legacy-characters;models;neoflesh;official,downloaded,1000,2868,673329,3c358b11a8a4b0288069f538e66c9cf9dd67dd2b73b8c872b5ebf8f45588172d,,
ref-0202,art-references/official-gamefound/update-13/004-day-17-the-ranged-shooter-delver-quick-gamepl.jpg,official-gamefound,https://gamefound.com/en/projects/awaken-realms/nemesis-retaliation/updates/13,https://imgcdn.gamefound.com/richtextimage/richtext/76e74e59-b65c-4446-a755-a66379cacca5.png,"Update 13: Day 17: The Ranged Shooter Delver, quick gameplay FAQ, and old characters explained! — image 4",Awaken Realms,Copyright Awaken Realms; reference only; no reuse license identified,character;delver;gamefound;gameplay;legacy-characters;models;neoflesh;official,downloaded,1844,1823,247288,5caef2abe1f50b4f5c8ea32dfdadd2776bd679ebaa18c4549331148e352b30c0,,
ref-0203,art-references/official-gamefound/update-13/005-day-17-the-ranged-shooter-delver-quick-gamepl.jpg,official-gamefound,https://gamefound.com/en/projects/awaken-realms/nemesis-retaliation/updates/13,https://imgcdn.gamefound.com/richtextimage/richtext/c824c0f0-371a-40ec-a732-c713d3a89ec0.png,"Update 13: Day 17: The Ranged Shooter Delver, quick gameplay FAQ, and old characters explained! — image 5",Awaken Realms,Copyright Awaken Realms; reference only; no reuse license identified,character;delver;gamefound;gameplay;legacy-characters;models;neoflesh;official,downloaded,1912,1801,233636,3081ca7c28f1e2805702b1d6bc857907cfc6b4c886e398daeefcb5c6b1890593,,
ref-0204,art-references/official-gamefound/update-13/006-day-17-the-ranged-shooter-delver-quick-gamepl.jpg,official-gamefound,https://gamefound.com/en/projects/awaken-realms/nemesis-retaliation/updates/13,https://imgcdn.gamefound.com/richtextimage/richtext/50c38438-c098-46ef-845a-2fb1bb29ae18.png,"Update 13: Day 17: The Ranged Shooter Delver, quick gameplay FAQ, and old characters explained! — image 6",Awaken Realms,Copyright Awaken Realms; reference only; no reuse license identified,character;delver;gamefound;gameplay;legacy-characters;models;neoflesh;official,downloaded,1882,1846,248393,1c582914f4b99e64fd49cd0b05ba5effe17a4fb7bbe3e249855529362be108f4,,
ref-0205,art-references/official-gamefound/update-13/007-day-17-the-ranged-shooter-delver-quick-gamepl.jpg,official-gamefound,https://gamefound.com/en/projects/awaken-realms/nemesis-retaliation/updates/13,https://imgcdn.gamefound.com/richtextimage/richtext/e9205dfe-37e2-478f-8b48-f64d181bc78e.jpg,"Update 13: Day 17: The Ranged Shooter Delver, quick gameplay FAQ, and old characters explained! — image 7",Awaken Realms,Copyright Awaken Realms; reference only; no reuse license identified,character;delver;gamefound;gameplay;legacy-characters;models;neoflesh;official,downloaded,2000,2000,781567,567cb7874fe860598ea732b23165e5f0ccde84cc939af63915b2956410836faa,,
ref-0206,art-references/official-gamefound/update-13/008-day-17-the-ranged-shooter-delver-quick-gamepl.jpg,official-gamefound,https://gamefound.com/en/projects/awaken-realms/nemesis-retaliation/updates/13,https://imgcdn.gamefound.com/projectupdate/projects/2750/680c7bca-afeb-4154-b3b2-372d37c20ea9.jpg,"Update 13: Day 17: The Ranged Shooter Delver, quick gameplay FAQ, and old characters explained! — image 8",Awaken Realms,Copyright Awaken Realms; reference only; no reuse license identified,character;delver;gamefound;gameplay;legacy-characters;models;neoflesh;official,downloaded,800,800,167843,146e3da24295dce72180e663c2686d939d002166f54327ba0d3e2f47cad42adb,,
ref-0207,art-references/official-gamefound/update-14/001-day-19-last-72h-time-for-the-exploder.jpg,official-gamefound,https://gamefound.com/en/projects/awaken-realms/nemesis-retaliation/updates/14,https://imgcdn.gamefound.com/richtextimage/richtext/430a06da-7d5b-4696-8d60-ebd2088170a1.jpg,Update 14: Day 19: Last 72h! Time for the Exploder! — image 1,Awaken Realms,Copyright Awaken Realms; reference only; no reuse license identified,exploder;gamefound;gameplay;models;neoflesh;official,downloaded,683,3000,590554,eb8546b20323a7be9565bb1b1677518676e6836dc4a86a40e81b20041963a9a7,,
ref-0208,art-references/official-gamefound/update-14/002-day-19-last-72h-time-for-the-exploder.jpg,official-gamefound,https://gamefound.com/en/projects/awaken-realms/nemesis-retaliation/updates/14,https://imgcdn.gamefound.com/richtextimage/richtext/e20efa7b-7bd0-471f-9ce5-090b53fdd20b.jpg,Update 14: Day 19: Last 72h! Time for the Exploder! — image 2,Awaken Realms,Copyright Awaken Realms; reference only; no reuse license identified,exploder;gamefound;gameplay;models;neoflesh;official,downloaded,558,3000,468947,7db90bf77edb9cfab375ad0e7357715c25257da396893a7def121f0cf8acfd5b,,
ref-0209,art-references/official-gamefound/update-14/003-day-19-last-72h-time-for-the-exploder.jpg,official-gamefound,https://gamefound.com/en/projects/awaken-realms/nemesis-retaliation/updates/14,https://imgcdn.gamefound.com/richtextimage/richtext/802878e7-1278-4e0f-8800-47ac20be45af.jpg,Update 14: Day 19: Last 72h! Time for the Exploder! — image 3,Awaken Realms,Copyright Awaken Realms; reference only; no reuse license identified,exploder;gamefound;gameplay;models;neoflesh;official,downloaded,1000,2255,372379,22a24bd0d893f0bd6cd602ecc9bfd75b34ee90156de844c6bee00cedfcc3b56d,,
ref-0210,art-references/official-gamefound/update-14/004-day-19-last-72h-time-for-the-exploder.jpg,official-gamefound,https://gamefound.com/en/projects/awaken-realms/nemesis-retaliation/updates/14,https://imgcdn.gamefound.com/richtextimage/richtext/86ad4adb-5a56-4d90-8aff-f1e733d6d91b.png,Update 14: Day 19: Last 72h! Time for the Exploder! — image 4,Awaken Realms,Copyright Awaken Realms; reference only; no reuse license identified,exploder;gamefound;gameplay;models;neoflesh;official,downloaded,2578,2223,427343,32473325fb616602b8545507f19db4c245a05a189bb67b0c99cd23f011b8f07e,,
ref-0211,art-references/official-gamefound/update-14/005-day-19-last-72h-time-for-the-exploder.jpg,official-gamefound,https://gamefound.com/en/projects/awaken-realms/nemesis-retaliation/updates/14,https://imgcdn.gamefound.com/richtextimage/richtext/e632033b-41cc-450c-9cd1-6824db088e9c.png,Update 14: Day 19: Last 72h! Time for the Exploder! — image 5,Awaken Realms,Copyright Awaken Realms; reference only; no reuse license identified,exploder;gamefound;gameplay;models;neoflesh;official,downloaded,2578,2223,413533,076de0837e9a54d98bcd10c80e9fa24a3915306a536d460686ff0aec2f9c027d,,
ref-0212,art-references/official-gamefound/update-14/006-day-19-last-72h-time-for-the-exploder.jpg,official-gamefound,https://gamefound.com/en/projects/awaken-realms/nemesis-retaliation/updates/14,https://imgcdn.gamefound.com/richtextimage/richtext/4c330f43-0094-4adc-9ad0-38d06f861de7.png,Update 14: Day 19: Last 72h! Time for the Exploder! — image 6,Awaken Realms,Copyright Awaken Realms; reference only; no reuse license identified,exploder;gamefound;gameplay;models;neoflesh;official,downloaded,2578,2223,421895,b763a662e2708ef471bc1555a809fbc106928b0da9c7adab2bb342b8db13abb0,,
ref-0213,art-references/official-gamefound/update-14/007-day-19-last-72h-time-for-the-exploder.jpg,official-gamefound,https://gamefound.com/en/projects/awaken-realms/nemesis-retaliation/updates/14,https://imgcdn.gamefound.com/richtextimage/richtext/5f39915f-8d6e-47e1-9e53-246fad60c51f.jpg,Update 14: Day 19: Last 72h! Time for the Exploder! — image 7,Awaken Realms,Copyright Awaken Realms; reference only; no reuse license identified,exploder;gamefound;gameplay;models;neoflesh;official,downloaded,1000,1000,204067,d91b6a9211eba0f8d0b4a81228bc84fca2b977ef521ad049995187e9b8c828ad,,
ref-0214,art-references/official-gamefound/update-14/008-day-19-last-72h-time-for-the-exploder.jpg,official-gamefound,https://gamefound.com/en/projects/awaken-realms/nemesis-retaliation/updates/14,https://imgcdn.gamefound.com/projectupdate/projects/2750/461c8dad-219e-4e58-9b47-3dfaba5d15c3.jpg,Update 14: Day 19: Last 72h! Time for the Exploder! — image 8,Awaken Realms,Copyright Awaken Realms; reference only; no reuse license identified,exploder;gamefound;gameplay;models;neoflesh;official,downloaded,800,800,133435,98ca1a1199c105fd6f297f697ea822bf704eb52c351d0c30f80dec02afd42a75,,
ref-0215,art-references/official-gamefound/update-15/001-day-21-last-24-hours-the-final-shield-robot-d.jpg,official-gamefound,https://gamefound.com/en/projects/awaken-realms/nemesis-retaliation/updates/15,https://imgcdn.gamefound.com/richtextimage/richtext/55cf894d-2d65-4bde-a7de-c925b5847c9b.jpg,Update 15: Day 21: Last 24 hours! The final Shield Robot Delver vote and our Platypus! — image 1,Awaken Realms,Copyright Awaken Realms; reference only; no reuse license identified,concept-art;final-components;gamefound;models;neoflesh;official;platypus;shield-robot;tokens,downloaded,734,3000,627933,5e9474caf54d8f1bf778f7950ae7c9b529101c496b3c8d910491db56235489ad,,
ref-0216,art-references/official-gamefound/update-15/002-day-21-last-24-hours-the-final-shield-robot-d.jpg,official-gamefound,https://gamefound.com/en/projects/awaken-realms/nemesis-retaliation/updates/15,https://imgcdn.gamefound.com/richtextimage/richtext/fef5bb0e-7c55-4e64-9282-f3650ccfc70c.jpg,Update 15: Day 21: Last 24 hours! The final Shield Robot Delver vote and our Platypus! — image 2,Awaken Realms,Copyright Awaken Realms; reference only; no reuse license identified,concept-art;final-components;gamefound;models;neoflesh;official;platypus;shield-robot;tokens,downloaded,1024,277,25090,dffc5f53fd71e44a87b512411aa5f9cdb66f23b5d2f881e09ee9784e4989b7f9,,
ref-0217,art-references/official-gamefound/update-15/003-day-21-last-24-hours-the-final-shield-robot-d.jpg,official-gamefound,https://gamefound.com/en/projects/awaken-realms/nemesis-retaliation/updates/15,https://imgcdn.gamefound.com/richtextimage/richtext/4ad439f2-8a39-46d3-b340-e795b18baa8b.jpg,Update 15: Day 21: Last 24 hours! The final Shield Robot Delver vote and our Platypus! — image 3,Awaken Realms,Copyright Awaken Realms; reference only; no reuse license identified,concept-art;final-components;gamefound;models;neoflesh;official;platypus;shield-robot;tokens,downloaded,571,3000,489584,6d956557e95a218c83d0d3bd88346016bd74ba5448819caecd68a44f62b3a3d9,,
ref-0218,art-references/official-gamefound/update-15/004-day-21-last-24-hours-the-final-shield-robot-d.jpg,official-gamefound,https://gamefound.com/en/projects/awaken-realms/nemesis-retaliation/updates/15,https://imgcdn.gamefound.com/richtextimage/richtext/5dce2598-f3f2-41d8-963f-8a3972ca6664.jpg,Update 15: Day 21: Last 24 hours! The final Shield Robot Delver vote and our Platypus! — image 4,Awaken Realms,Copyright Awaken Realms; reference only; no reuse license identified,concept-art;final-components;gamefound;models;neoflesh;official;platypus;shield-robot;tokens,downloaded,675,3000,654468,9096160681c1fc255afce9c76915d14dad079e2c1a35923efd74013dad826722,,
ref-0219,art-references/official-gamefound/update-15/005-day-21-last-24-hours-the-final-shield-robot-d.jpg,official-gamefound,https://gamefound.com/en/projects/awaken-realms/nemesis-retaliation/updates/15,https://imgcdn.gamefound.com/richtextimage/richtext/1b712ae5-5ad4-4425-bcc5-fed4e3aabb2d.jpg,Update 15: Day 21: Last 24 hours! The final Shield Robot Delver vote and our Platypus! — image 5,Awaken Realms,Copyright Awaken Realms; reference only; no reuse license identified,concept-art;final-components;gamefound;models;neoflesh;official;platypus;shield-robot;tokens,downloaded,1000,1497,255290,1768c7dd657f8162bec84b2ea5627517a077d9473b5be9705f855a264fd61423,,
ref-0220,art-references/official-gamefound/update-15/006-day-21-last-24-hours-the-final-shield-robot-d.jpg,official-gamefound,https://gamefound.com/en/projects/awaken-realms/nemesis-retaliation/updates/15,https://imgcdn.gamefound.com/richtextimage/richtext/f1f7484e-c164-407b-bc70-3c48a7206476.jpg,Update 15: Day 21: Last 24 hours! The final Shield Robot Delver vote and our Platypus! — image 6,Awaken Realms,Copyright Awaken Realms; reference only; no reuse license identified,concept-art;final-components;gamefound;models;neoflesh;official;platypus;shield-robot;tokens,downloaded,854,3000,718657,263ff5778c145e7fb4b0e50a9885f86c3d2ad2d2d12a2b392b0f2f6bce528200,,
ref-0221,art-references/official-gamefound/update-15/007-day-21-last-24-hours-the-final-shield-robot-d.jpg,official-gamefound,https://gamefound.com/en/projects/awaken-realms/nemesis-retaliation/updates/15,https://imgcdn.gamefound.com/richtextimage/richtext/d1a58189-cf6a-43f6-9b36-f1436978e4be.png,Update 15: Day 21: Last 24 hours! The final Shield Robot Delver vote and our Platypus! — image 7,Awaken Realms,Copyright Awaken Realms; reference only; no reuse license identified,concept-art;final-components;gamefound;models;neoflesh;official;platypus;shield-robot;tokens,downloaded,2199,1779,277946,21beb0da594b3099bb532b0d122b3dbe6f7eb4c76cbf5d21bda169bd1cd3c06e,,
ref-0222,art-references/official-gamefound/update-15/008-day-21-last-24-hours-the-final-shield-robot-d.jpg,official-gamefound,https://gamefound.com/en/projects/awaken-realms/nemesis-retaliation/updates/15,https://imgcdn.gamefound.com/richtextimage/richtext/4c78c5ee-3450-4714-bb40-25aed02f5797.png,Update 15: Day 21: Last 24 hours! The final Shield Robot Delver vote and our Platypus! — image 8,Awaken Realms,Copyright Awaken Realms; reference only; no reuse license identified,concept-art;final-components;gamefound;models;neoflesh;official;platypus;shield-robot;tokens,downloaded,1978,1786,260791,f5b57e22252ee189e890121778a6a1f6e20df20e04e0d514485e149d07e97633,,
ref-0223,art-references/official-gamefound/update-15/009-day-21-last-24-hours-the-final-shield-robot-d.jpg,official-gamefound,https://gamefound.com/en/projects/awaken-realms/nemesis-retaliation/updates/15,https://imgcdn.gamefound.com/richtextimage/richtext/d4ddb165-4ef7-4078-8676-8a35a428b149.png,Update 15: Day 21: Last 24 hours! The final Shield Robot Delver vote and our Platypus! — image 9,Awaken Realms,Copyright Awaken Realms; reference only; no reuse license identified,concept-art;final-components;gamefound;models;neoflesh;official;platypus;shield-robot;tokens,downloaded,2141,1753,280983,ecbebc7ac1a69c7f4265a4cc4bfa97fd722d81a906e0243ead04186145bbf4e4,,
ref-0224,art-references/official-gamefound/update-15/010-day-21-last-24-hours-the-final-shield-robot-d.jpg,official-gamefound,https://gamefound.com/en/projects/awaken-realms/nemesis-retaliation/updates/15,https://imgcdn.gamefound.com/richtextimage/richtext/15c226b5-f79a-45fb-94b1-da97f645c51a.jpg,Update 15: Day 21: Last 24 hours! The final Shield Robot Delver vote and our Platypus! — image 10,Awaken Realms,Copyright Awaken Realms; reference only; no reuse license identified,concept-art;final-components;gamefound;models;neoflesh;official;platypus;shield-robot;tokens,downloaded,2000,2000,468384,f7202387ae9e08a135149b3cd866cf6bf22df99193bf7e9004350a66e2f87119,,
ref-0225,art-references/official-gamefound/update-15/011-day-21-last-24-hours-the-final-shield-robot-d.jpg,official-gamefound,https://gamefound.com/en/projects/awaken-realms/nemesis-retaliation/updates/15,https://imgcdn.gamefound.com/projectupdate/projects/2750/454906e6-1cb4-4975-8675-abbd698f6092.jpg,Update 15: Day 21: Last 24 hours! The final Shield Robot Delver vote and our Platypus! — image 11,Awaken Realms,Copyright Awaken Realms; reference only; no reuse license identified,concept-art;final-components;gamefound;models;neoflesh;official;platypus;shield-robot;tokens,downloaded,800,800,75067,11cadae3b4ea9f38add635b2e3730a6b732abfeb2e3b03c7c50b86575b54c37e,,
ref-0226,art-references/official-gamefound/update-17/001-first-post-campaign-update-check-out-some-new.jpg,official-gamefound,https://gamefound.com/en/projects/awaken-realms/nemesis-retaliation/updates/17,https://imgcdn.gamefound.com/richtextimage/richtext/7304a696-bf0e-4a48-9b1b-c6aaa5437323.jpg,Update 17: First post-campaign update! Check out some new artwork and learn about the AR NEXT 2024 show! — image 1,Awaken Realms,Copyright Awaken Realms; reference only; no reuse license identified,concept-art;gamefound;illustration;official;official-art,downloaded,2159,3000,834782,8879f2d40c5332f743c713d93693d0d7925e55ea3b254b43e581b75b66651def,,
ref-0227,art-references/official-gamefound/update-17/002-first-post-campaign-update-check-out-some-new.jpg,official-gamefound,https://gamefound.com/en/projects/awaken-realms/nemesis-retaliation/updates/17,https://imgcdn.gamefound.com/richtextimage/richtext/38a5165c-8115-40c4-af67-d5e71a0576c1.jpg,Update 17: First post-campaign update! Check out some new artwork and learn about the AR NEXT 2024 show! — image 2,Awaken Realms,Copyright Awaken Realms; reference only; no reuse license identified,concept-art;gamefound;illustration;official;official-art,downloaded,2166,3000,878191,da2949ac4085269302db5b4299d7fad7aaeb328e2c19b018ff25131fc8cc8ced,,
ref-0228,art-references/official-gamefound/update-17/003-first-post-campaign-update-check-out-some-new.jpg,official-gamefound,https://gamefound.com/en/projects/awaken-realms/nemesis-retaliation/updates/17,https://imgcdn.gamefound.com/richtextimage/richtext/84de90fb-eade-4d88-9bd3-d3d014462554.jpg,Update 17: First post-campaign update! Check out some new artwork and learn about the AR NEXT 2024 show! — image 3,Awaken Realms,Copyright Awaken Realms; reference only; no reuse license identified,concept-art;gamefound;illustration;official;official-art,downloaded,2166,3000,991724,3f06402c01794c7fbd7d5eeb79196ebb302e474504936c50053884feb8f983aa,,
ref-0229,art-references/official-gamefound/update-17/004-first-post-campaign-update-check-out-some-new.jpg,official-gamefound,https://gamefound.com/en/projects/awaken-realms/nemesis-retaliation/updates/17,https://imgcdn.gamefound.com/richtextimage/richtext/e7882c27-6e09-4c4a-bec6-6b6dc640b7a3.jpg,Update 17: First post-campaign update! Check out some new artwork and learn about the AR NEXT 2024 show! — image 4,Awaken Realms,Copyright Awaken Realms; reference only; no reuse license identified,concept-art;gamefound;illustration;official;official-art,downloaded,2166,3000,986644,ca1ecea1cb113e29470eeeffa184fb3fddb0054c763b2c9732c760d948e28114,,
ref-0230,art-references/official-gamefound/update-17/005-first-post-campaign-update-check-out-some-new.jpg,official-gamefound,https://gamefound.com/en/projects/awaken-realms/nemesis-retaliation/updates/17,https://imgcdn.gamefound.com/richtextimage/richtext/8fa60f04-f3dd-4585-9d13-6a3eac10a03e.jpg,Update 17: First post-campaign update! Check out some new artwork and learn about the AR NEXT 2024 show! — image 5,Awaken Realms,Copyright Awaken Realms; reference only; no reuse license identified,concept-art;gamefound;illustration;official;official-art,downloaded,2166,3000,724024,127b6a666e2c8fddce63b88d344938be41c5ee15c8ac2e8ab55b47b715616b0e,,
ref-0231,art-references/official-gamefound/update-17/006-first-post-campaign-update-check-out-some-new.jpg,official-gamefound,https://gamefound.com/en/projects/awaken-realms/nemesis-retaliation/updates/17,https://imgcdn.gamefound.com/richtextimage/richtext/57f42945-6b4d-4146-95fa-4681790b1b1d.jpg,Update 17: First post-campaign update! Check out some new artwork and learn about the AR NEXT 2024 show! — image 6,Awaken Realms,Copyright Awaken Realms; reference only; no reuse license identified,concept-art;gamefound;illustration;official;official-art,downloaded,2166,3000,980817,b8fbd748676ca6e8d66fac8dfd98948eba003f1269d1a32301adbbe882afaf84,,
ref-0232,art-references/official-gamefound/update-17/007-first-post-campaign-update-check-out-some-new.jpg,official-gamefound,https://gamefound.com/en/projects/awaken-realms/nemesis-retaliation/updates/17,https://imgcdn.gamefound.com/richtextimage/richtext/d4ebcbfd-9bdd-4fcb-a0f3-9ff72bd0c7bd.jpg,Update 17: First post-campaign update! Check out some new artwork and learn about the AR NEXT 2024 show! — image 7,Awaken Realms,Copyright Awaken Realms; reference only; no reuse license identified,concept-art;gamefound;illustration;official;official-art,downloaded,2166,3000,678784,3458644280e0629b43fb7c25b39e9e1163cea82934cc387ca446ae84f831f7f4,,
ref-0233,art-references/official-gamefound/update-17/008-first-post-campaign-update-check-out-some-new.jpg,official-gamefound,https://gamefound.com/en/projects/awaken-realms/nemesis-retaliation/updates/17,https://imgcdn.gamefound.com/richtextimage/richtext/96080baa-7d61-4020-b207-37bbae609565.jpg,Update 17: First post-campaign update! Check out some new artwork and learn about the AR NEXT 2024 show! — image 8,Awaken Realms,Copyright Awaken Realms; reference only; no reuse license identified,concept-art;gamefound;illustration;official;official-art,downloaded,2166,3000,672121,8203c990101b3dd52309ede7077787cd06a983d9ea96101858557e48cc126c25,,
ref-0234,art-references/official-gamefound/update-17/009-first-post-campaign-update-check-out-some-new.jpg,official-gamefound,https://gamefound.com/en/projects/awaken-realms/nemesis-retaliation/updates/17,https://imgcdn.gamefound.com/projectupdate/projects/2750/ab1936e0-4b11-4c2b-91c4-856e061100b4.jpg,Update 17: First post-campaign update! Check out some new artwork and learn about the AR NEXT 2024 show! — image 9,Awaken Realms,Copyright Awaken Realms; reference only; no reuse license identified,concept-art;gamefound;illustration;official;official-art,downloaded,800,800,103407,ca4b24a35ce83a1a2f73b25ea74c7a887a9b06a64622663555a7d17858a2d6bc,,
ref-0235,art-references/official-gamefound/update-20/001-development-update-2-check-out-new-artwork-an.jpg,official-gamefound,https://gamefound.com/en/projects/awaken-realms/nemesis-retaliation/updates/20,https://imgcdn.gamefound.com/richtextimage/richtext/f89625fa-d33d-41cd-811e-b76bc673ab26.jpg,Update 20: Development update #2 / Check out new artwork and learn more about TTS tests! — image 1,Awaken Realms,Copyright Awaken Realms; reference only; no reuse license identified,concept-art;development;gamefound;illustration;official;official-art;prototype,downloaded,2166,3000,1313244,a55f775859be43eb27020948ef19719313e7b318261dc579201848adea1432f9,,
ref-0236,art-references/official-gamefound/update-20/002-development-update-2-check-out-new-artwork-an.jpg,official-gamefound,https://gamefound.com/en/projects/awaken-realms/nemesis-retaliation/updates/20,https://imgcdn.gamefound.com/richtextimage/richtext/deeecdb9-f914-42c1-bd0b-a796b98ea8d6.jpg,Update 20: Development update #2 / Check out new artwork and learn more about TTS tests! — image 2,Awaken Realms,Copyright Awaken Realms; reference only; no reuse license identified,concept-art;development;gamefound;illustration;official;official-art;prototype,downloaded,2166,3000,1063654,e47fa3c01cf77654cf104e79606f9d5dd5ffa4a2db7ee4d1284fa36657d18e99,,
ref-0237,art-references/official-gamefound/update-20/003-development-update-2-check-out-new-artwork-an.jpg,official-gamefound,https://gamefound.com/en/projects/awaken-realms/nemesis-retaliation/updates/20,https://imgcdn.gamefound.com/richtextimage/richtext/4af4f939-ca13-42fb-b232-42dcd222ecbb.jpg,Update 20: Development update #2 / Check out new artwork and learn more about TTS tests! — image 3,Awaken Realms,Copyright Awaken Realms; reference only; no reuse license identified,concept-art;development;gamefound;illustration;official;official-art;prototype,downloaded,2149,3000,1542893,777d6c619867d133f2f5d60b7ea2ecf944751deb3e9cf11338274ea8bf5afa29,,
ref-0238,art-references/official-gamefound/update-20/004-development-update-2-check-out-new-artwork-an.jpg,official-gamefound,https://gamefound.com/en/projects/awaken-realms/nemesis-retaliation/updates/20,https://imgcdn.gamefound.com/richtextimage/richtext/9735e601-5ff2-41f0-8876-02a47bee5bde.jpg,Update 20: Development update #2 / Check out new artwork and learn more about TTS tests! — image 4,Awaken Realms,Copyright Awaken Realms; reference only; no reuse license identified,concept-art;development;gamefound;illustration;official;official-art;prototype,downloaded,2166,3000,1277169,4977fbbdd4635f87884810f0bd8dd0cccc8d4604635502a22dd3d64e294563e3,,
ref-0239,art-references/official-gamefound/update-20/005-development-update-2-check-out-new-artwork-an.jpg,official-gamefound,https://gamefound.com/en/projects/awaken-realms/nemesis-retaliation/updates/20,https://imgcdn.gamefound.com/richtextimage/richtext/7414fbfe-dd9c-4c7a-bee2-39008be6315a.jpg,Update 20: Development update #2 / Check out new artwork and learn more about TTS tests! — image 5,Awaken Realms,Copyright Awaken Realms; reference only; no reuse license identified,concept-art;development;gamefound;illustration;official;official-art;prototype,downloaded,2159,3000,839995,0af8a23b9caf7091ff8e7ffee0ac7df197a388a4f938dfe1935faa258738ac5a,,
ref-0240,art-references/official-gamefound/update-20/006-development-update-2-check-out-new-artwork-an.jpg,official-gamefound,https://gamefound.com/en/projects/awaken-realms/nemesis-retaliation/updates/20,https://imgcdn.gamefound.com/richtextimage/richtext/61f053e9-fc39-4ccc-9f7e-e910afaaf773.jpg,Update 20: Development update #2 / Check out new artwork and learn more about TTS tests! — image 6,Awaken Realms,Copyright Awaken Realms; reference only; no reuse license identified,concept-art;development;gamefound;illustration;official;official-art;prototype,downloaded,2166,3000,1110345,35c0a9d79443a621a31adcc4395331e885a34cce6fecb7a9fa3d02dad826e51e,,
ref-0241,art-references/official-gamefound/update-20/007-development-update-2-check-out-new-artwork-an.jpg,official-gamefound,https://gamefound.com/en/projects/awaken-realms/nemesis-retaliation/updates/20,https://imgcdn.gamefound.com/richtextimage/richtext/969106c3-01a3-4f61-8a30-d85d69849a72.jpg,Update 20: Development update #2 / Check out new artwork and learn more about TTS tests! — image 7,Awaken Realms,Copyright Awaken Realms; reference only; no reuse license identified,concept-art;development;gamefound;illustration;official;official-art;prototype,downloaded,2166,3000,841358,ba2ec0060c30fbcf9f57b7709e34ca31a7441c5156047a29ea95dd461113e976,,
ref-0242,art-references/official-gamefound/update-17/006-first-post-campaign-update-check-out-some-new.jpg,official-gamefound,https://gamefound.com/en/projects/awaken-realms/nemesis-retaliation/updates/20,https://imgcdn.gamefound.com/richtextimage/richtext/97dc693c-fd35-4060-991d-ef1c73f88d5a.jpg,Update 20: Development update #2 / Check out new artwork and learn more about TTS tests! — image 8,Awaken Realms,Copyright Awaken Realms; reference only; no reuse license identified,concept-art;development;gamefound;illustration;official;official-art;prototype,duplicate,2166,3000,980817,b8fbd748676ca6e8d66fac8dfd98948eba003f1269d1a32301adbbe882afaf84,art-references/official-gamefound/update-17/006-first-post-campaign-update-check-out-some-new.jpg,
ref-0243,art-references/official-gamefound/update-20/009-development-update-2-check-out-new-artwork-an.jpg,official-gamefound,https://gamefound.com/en/projects/awaken-realms/nemesis-retaliation/updates/20,https://imgcdn.gamefound.com/richtextimage/richtext/8ebdcefe-1e7f-4571-9708-67604ba1e4e2.jpg,Update 20: Development update #2 / Check out new artwork and learn more about TTS tests! — image 9,Awaken Realms,Copyright Awaken Realms; reference only; no reuse license identified,concept-art;development;gamefound;illustration;official;official-art;prototype,downloaded,1566,2538,1261505,3b73f10b55b1768d61a894ea033d09cd4df30e2c1e869b4ab4c9af604b8778b7,,
ref-0244,art-references/official-gamefound/update-20/010-development-update-2-check-out-new-artwork-an.jpg,official-gamefound,https://gamefound.com/en/projects/awaken-realms/nemesis-retaliation/updates/20,https://imgcdn.gamefound.com/richtextimage/richtext/8f8b4734-f5b5-4966-ac3b-79b7269275cc.jpg,Update 20: Development update #2 / Check out new artwork and learn more about TTS tests! — image 10,Awaken Realms,Copyright Awaken Realms; reference only; no reuse license identified,concept-art;development;gamefound;illustration;official;official-art;prototype,downloaded,2166,3000,1297320,6304b179d4353a8a36734c667dcbc58e504b8216103fcfb5b58f57889c7ba8b8,,
ref-0245,art-references/official-gamefound/update-20/011-development-update-2-check-out-new-artwork-an.jpg,official-gamefound,https://gamefound.com/en/projects/awaken-realms/nemesis-retaliation/updates/20,https://imgcdn.gamefound.com/richtextimage/richtext/21a4eebd-b293-4043-a7e5-10f99a3eee50.jpg,Update 20: Development update #2 / Check out new artwork and learn more about TTS tests! — image 11,Awaken Realms,Copyright Awaken Realms; reference only; no reuse license identified,concept-art;development;gamefound;illustration;official;official-art;prototype,downloaded,2166,3000,1156208,2f4f71a8421b003d2f38ef0110fe6960086b4d8862db5dfc9f2ffa6ccd82993d,,
ref-0246,art-references/official-gamefound/update-20/012-development-update-2-check-out-new-artwork-an.jpg,official-gamefound,https://gamefound.com/en/projects/awaken-realms/nemesis-retaliation/updates/20,https://imgcdn.gamefound.com/projectupdate/projects/2750/2ac65122-115a-4446-a868-cf854b9b4d57.jpg,Update 20: Development update #2 / Check out new artwork and learn more about TTS tests! — image 12,Awaken Realms,Copyright Awaken Realms; reference only; no reuse license identified,concept-art;development;gamefound;illustration;official;official-art;prototype,downloaded,800,800,81159,005c4256525df2a62c1042664b18d4befc1094e8fefd89c1fd537e8bad25c71a,,
ref-0247,art-references/official-gamefound/update-21/001-development-update-3-tts-mod-available-v0-1-r.jpg,official-gamefound,https://gamefound.com/en/projects/awaken-realms/nemesis-retaliation/updates/21,https://imgcdn.gamefound.com/richtextimage/richtext/ebbea3b7-948e-4a0e-9fea-dd00fc42754c.png,"Update 21: Development update #3 / TTS mod available, v0.1 rulebook is here and Neoflesh Cult miniatures! — image 1",Awaken Realms,Copyright Awaken Realms; reference only; no reuse license identified,development;gamefound;miniatures;models;neoflesh;official;prototype;rulebook,downloaded,1260,1164,122143,fd96e866f77da8103e2a2eac65922b15c720d6468dc7a39cd96dc2f24afb7de1,,
ref-0248,art-references/official-gamefound/update-21/002-development-update-3-tts-mod-available-v0-1-r.jpg,official-gamefound,https://gamefound.com/en/projects/awaken-realms/nemesis-retaliation/updates/21,https://imgcdn.gamefound.com/richtextimage/richtext/273c6fc4-ef1b-46e4-bddd-c6ce2b8f65d8.png,"Update 21: Development update #3 / TTS mod available, v0.1 rulebook is here and Neoflesh Cult miniatures! — image 2",Awaken Realms,Copyright Awaken Realms; reference only; no reuse license identified,development;gamefound;miniatures;models;neoflesh;official;prototype;rulebook,downloaded,1260,1164,123937,17b1a9ad2b3ed31d08c45961bfc40738f80d8869b9fcd640bc8628c797b38ec4,,
ref-0249,art-references/official-gamefound/update-21/003-development-update-3-tts-mod-available-v0-1-r.jpg,official-gamefound,https://gamefound.com/en/projects/awaken-realms/nemesis-retaliation/updates/21,https://imgcdn.gamefound.com/richtextimage/richtext/1644b85d-eca8-453a-9046-79bf607e3a5c.png,"Update 21: Development update #3 / TTS mod available, v0.1 rulebook is here and Neoflesh Cult miniatures! — image 3",Awaken Realms,Copyright Awaken Realms; reference only; no reuse license identified,development;gamefound;miniatures;models;neoflesh;official;prototype;rulebook,downloaded,1260,1164,123964,3595c045f1dec3f325d8d629dad183ff13a162ed3af0e0ea79c0f25aa5e03d15,,
ref-0250,art-references/official-gamefound/update-21/004-development-update-3-tts-mod-available-v0-1-r.jpg,official-gamefound,https://gamefound.com/en/projects/awaken-realms/nemesis-retaliation/updates/21,https://imgcdn.gamefound.com/richtextimage/richtext/f3bbeca1-5063-4ef5-8c4d-ca0b00f5b0ea.png,"Update 21: Development update #3 / TTS mod available, v0.1 rulebook is here and Neoflesh Cult miniatures! — image 4",Awaken Realms,Copyright Awaken Realms; reference only; no reuse license identified,development;gamefound;miniatures;models;neoflesh;official;prototype;rulebook,downloaded,1260,1164,117222,ca8f09fc3cb3b736a8ea1add711f6524938fef1742b04e387e01eef07c3550ff,,
ref-0251,art-references/official-gamefound/update-21/005-development-update-3-tts-mod-available-v0-1-r.jpg,official-gamefound,https://gamefound.com/en/projects/awaken-realms/nemesis-retaliation/updates/21,https://imgcdn.gamefound.com/richtextimage/richtext/94680c41-e571-40b6-b560-36db4434b1f3.png,"Update 21: Development update #3 / TTS mod available, v0.1 rulebook is here and Neoflesh Cult miniatures! — image 5",Awaken Realms,Copyright Awaken Realms; reference only; no reuse license identified,development;gamefound;miniatures;models;neoflesh;official;prototype;rulebook,downloaded,1668,2551,612928,d8824c8e1c253342d198dc323d40ca7e1859d2785ea1ae5c762c0c81b6e1dea2,,
ref-0252,art-references/official-gamefound/update-21/006-development-update-3-tts-mod-available-v0-1-r.jpg,official-gamefound,https://gamefound.com/en/projects/awaken-realms/nemesis-retaliation/updates/21,https://imgcdn.gamefound.com/richtextimage/richtext/b6b54172-2cbc-4ba9-80ca-db06b59d8598.png,"Update 21: Development update #3 / TTS mod available, v0.1 rulebook is here and Neoflesh Cult miniatures! — image 6",Awaken Realms,Copyright Awaken Realms; reference only; no reuse license identified,development;gamefound;miniatures;models;neoflesh;official;prototype;rulebook,downloaded,1668,2551,588247,7a82796250a4864dec3630b2f8767832401fe0f3608d21f67bad25d8b343e496,,
ref-0253,art-references/official-gamefound/update-21/007-development-update-3-tts-mod-available-v0-1-r.jpg,official-gamefound,https://gamefound.com/en/projects/awaken-realms/nemesis-retaliation/updates/21,https://imgcdn.gamefound.com/richtextimage/richtext/4ba012fc-0b03-4a79-8df1-b7649b5de407.png,"Update 21: Development update #3 / TTS mod available, v0.1 rulebook is here and Neoflesh Cult miniatures! — image 7",Awaken Realms,Copyright Awaken Realms; reference only; no reuse license identified,development;gamefound;miniatures;models;neoflesh;official;prototype;rulebook,downloaded,1547,1365,148474,90798b3fd80e78cce487c9ffcf4c3b59769e9379e3778c907c4f510b0188e699,,
ref-0254,art-references/official-gamefound/update-21/008-development-update-3-tts-mod-available-v0-1-r.jpg,official-gamefound,https://gamefound.com/en/projects/awaken-realms/nemesis-retaliation/updates/21,https://imgcdn.gamefound.com/richtextimage/richtext/5e7cac87-c32b-4455-9f71-2b82ac1c0486.png,"Update 21: Development update #3 / TTS mod available, v0.1 rulebook is here and Neoflesh Cult miniatures! — image 8",Awaken Realms,Copyright Awaken Realms; reference only; no reuse license identified,development;gamefound;miniatures;models;neoflesh;official;prototype;rulebook,downloaded,1547,1365,148646,ce342c84fca938902f339b1da6cf7ac0ffdd88486d8f2240c540f21b094666b3,,
ref-0255,art-references/official-gamefound/update-21/009-development-update-3-tts-mod-available-v0-1-r.jpg,official-gamefound,https://gamefound.com/en/projects/awaken-realms/nemesis-retaliation/updates/21,https://imgcdn.gamefound.com/richtextimage/richtext/e90575ae-8fce-4761-b819-89966a7a28f8.png,"Update 21: Development update #3 / TTS mod available, v0.1 rulebook is here and Neoflesh Cult miniatures! — image 9",Awaken Realms,Copyright Awaken Realms; reference only; no reuse license identified,development;gamefound;miniatures;models;neoflesh;official;prototype;rulebook,downloaded,1452,1387,175283,7586b089bbd34b6de63bf284e095a3dd7d54d8314826ce7b54bde1722567f4ad,,
ref-0256,art-references/official-gamefound/update-21/010-development-update-3-tts-mod-available-v0-1-r.jpg,official-gamefound,https://gamefound.com/en/projects/awaken-realms/nemesis-retaliation/updates/21,https://imgcdn.gamefound.com/richtextimage/richtext/1685c7ea-7c03-463d-9c2a-ec2448db6a20.png,"Update 21: Development update #3 / TTS mod available, v0.1 rulebook is here and Neoflesh Cult miniatures! — image 10",Awaken Realms,Copyright Awaken Realms; reference only; no reuse license identified,development;gamefound;miniatures;models;neoflesh;official;prototype;rulebook,downloaded,1452,1387,164649,2eff843f6d9642cccec67832d608c20477ecc24a3b610dcd7c7b4f4749c73305,,
ref-0257,art-references/official-gamefound/update-21/011-development-update-3-tts-mod-available-v0-1-r.jpg,official-gamefound,https://gamefound.com/en/projects/awaken-realms/nemesis-retaliation/updates/21,https://imgcdn.gamefound.com/richtextimage/richtext/8c3c69fe-1af9-4e0a-8df1-42e735c75844.png,"Update 21: Development update #3 / TTS mod available, v0.1 rulebook is here and Neoflesh Cult miniatures! — image 11",Awaken Realms,Copyright Awaken Realms; reference only; no reuse license identified,development;gamefound;miniatures;models;neoflesh;official;prototype;rulebook,downloaded,1419,1446,209461,8dfa29908e63812aa84f1f230aba4a67c11aef1c64e0c781bb7b132d1d7323e7,,
ref-0258,art-references/official-gamefound/update-21/012-development-update-3-tts-mod-available-v0-1-r.jpg,official-gamefound,https://gamefound.com/en/projects/awaken-realms/nemesis-retaliation/updates/21,https://imgcdn.gamefound.com/richtextimage/richtext/a6d97c1b-1656-4d24-ab15-18ad74314070.png,"Update 21: Development update #3 / TTS mod available, v0.1 rulebook is here and Neoflesh Cult miniatures! — image 12",Awaken Realms,Copyright Awaken Realms; reference only; no reuse license identified,development;gamefound;miniatures;models;neoflesh;official;prototype;rulebook,downloaded,1419,1446,201335,404e0e05e74d3fe1bf08e72b1f54afd1da79824e8aab4860c1a8a93e4d8b3e08,,
ref-0259,art-references/official-gamefound/update-21/013-development-update-3-tts-mod-available-v0-1-r.jpg,official-gamefound,https://gamefound.com/en/projects/awaken-realms/nemesis-retaliation/updates/21,https://imgcdn.gamefound.com/richtextimage/richtext/a91e34a7-0367-4ce7-88d5-3a03d015ec32.png,"Update 21: Development update #3 / TTS mod available, v0.1 rulebook is here and Neoflesh Cult miniatures! — image 13",Awaken Realms,Copyright Awaken Realms; reference only; no reuse license identified,development;gamefound;miniatures;models;neoflesh;official;prototype;rulebook,downloaded,1432,1203,168444,a05a214b7082609733078fb8fb4927680f245b686f9301c69bfabad0cfc0bc05,,
ref-0260,art-references/official-gamefound/update-21/014-development-update-3-tts-mod-available-v0-1-r.jpg,official-gamefound,https://gamefound.com/en/projects/awaken-realms/nemesis-retaliation/updates/21,https://imgcdn.gamefound.com/richtextimage/richtext/762f1959-b531-4097-908b-97f2d7d727ab.png,"Update 21: Development update #3 / TTS mod available, v0.1 rulebook is here and Neoflesh Cult miniatures! — image 14",Awaken Realms,Copyright Awaken Realms; reference only; no reuse license identified,development;gamefound;miniatures;models;neoflesh;official;prototype;rulebook,downloaded,1426,1203,174755,fc290644b6c539370af65593bc1be97c36927e9c046f1727c6409d5fc105d8f1,,
ref-0261,art-references/official-gamefound/update-21/015-development-update-3-tts-mod-available-v0-1-r.jpg,official-gamefound,https://gamefound.com/en/projects/awaken-realms/nemesis-retaliation/updates/21,https://imgcdn.gamefound.com/richtextimage/richtext/1cde3f1e-ad57-4ed5-824d-8bbf42c45471.png,"Update 21: Development update #3 / TTS mod available, v0.1 rulebook is here and Neoflesh Cult miniatures! — image 15",Awaken Realms,Copyright Awaken Realms; reference only; no reuse license identified,development;gamefound;miniatures;models;neoflesh;official;prototype;rulebook,downloaded,1260,1164,123574,c972b4a3ab32e5c803c53f980d7560efc7632984cd9cded9058aeae19bbab8ce,,
ref-0262,art-references/official-gamefound/update-21/016-development-update-3-tts-mod-available-v0-1-r.jpg,official-gamefound,https://gamefound.com/en/projects/awaken-realms/nemesis-retaliation/updates/21,https://imgcdn.gamefound.com/richtextimage/richtext/7cb72ac9-c8d6-46de-a6d8-0a3c44476e2a.png,"Update 21: Development update #3 / TTS mod available, v0.1 rulebook is here and Neoflesh Cult miniatures! — image 16",Awaken Realms,Copyright Awaken Realms; reference only; no reuse license identified,development;gamefound;miniatures;models;neoflesh;official;prototype;rulebook,downloaded,1260,1164,130389,d2958abeeb75bc86ef1af3325cbf7fcb8fbb6b94706e58739689f8b4f2033da1,,
ref-0263,art-references/official-gamefound/update-21/017-development-update-3-tts-mod-available-v0-1-r.jpg,official-gamefound,https://gamefound.com/en/projects/awaken-realms/nemesis-retaliation/updates/21,https://imgcdn.gamefound.com/richtextimage/richtext/f1688123-8ee5-499e-96f6-1a7639c1c256.png,"Update 21: Development update #3 / TTS mod available, v0.1 rulebook is here and Neoflesh Cult miniatures! — image 17",Awaken Realms,Copyright Awaken Realms; reference only; no reuse license identified,development;gamefound;miniatures;models;neoflesh;official;prototype;rulebook,downloaded,1668,2551,577614,190ff6dbe6597ae637ecd94f08437d47e798004c25fd974a8f4b35119a8af1cc,,
ref-0264,art-references/official-gamefound/update-21/018-development-update-3-tts-mod-available-v0-1-r.jpg,official-gamefound,https://gamefound.com/en/projects/awaken-realms/nemesis-retaliation/updates/21,https://imgcdn.gamefound.com/richtextimage/richtext/fd8bff90-8ebd-4bc5-8318-85ec26b565f4.png,"Update 21: Development update #3 / TTS mod available, v0.1 rulebook is here and Neoflesh Cult miniatures! — image 18",Awaken Realms,Copyright Awaken Realms; reference only; no reuse license identified,development;gamefound;miniatures;models;neoflesh;official;prototype;rulebook,downloaded,1547,1365,143461,e686109a4a3e1cdc32c484350108e73385331196af1d014e8121b592c90b6357,,
ref-0265,art-references/official-gamefound/update-21/019-development-update-3-tts-mod-available-v0-1-r.jpg,official-gamefound,https://gamefound.com/en/projects/awaken-realms/nemesis-retaliation/updates/21,https://imgcdn.gamefound.com/richtextimage/richtext/eb4d648d-1004-4a89-9220-5fc54bff1a93.png,"Update 21: Development update #3 / TTS mod available, v0.1 rulebook is here and Neoflesh Cult miniatures! — image 19",Awaken Realms,Copyright Awaken Realms; reference only; no reuse license identified,development;gamefound;miniatures;models;neoflesh;official;prototype;rulebook,downloaded,1452,1387,184580,96cea9995db22257f7ace0de647312902ceed6be047ef0fc68df6f09e1ea87d0,,
ref-0266,art-references/official-gamefound/update-21/020-development-update-3-tts-mod-available-v0-1-r.jpg,official-gamefound,https://gamefound.com/en/projects/awaken-realms/nemesis-retaliation/updates/21,https://imgcdn.gamefound.com/richtextimage/richtext/cec49d3b-ef06-405e-a0da-ac0e69680ba5.png,"Update 21: Development update #3 / TTS mod available, v0.1 rulebook is here and Neoflesh Cult miniatures! — image 20",Awaken Realms,Copyright Awaken Realms; reference only; no reuse license identified,development;gamefound;miniatures;models;neoflesh;official;prototype;rulebook,downloaded,1419,1446,221809,5fde7718c5c2ded8ade90831a8dac5cc93884485b32111924132d1aa221d961e,,
ref-0267,art-references/official-gamefound/update-21/021-development-update-3-tts-mod-available-v0-1-r.jpg,official-gamefound,https://gamefound.com/en/projects/awaken-realms/nemesis-retaliation/updates/21,https://imgcdn.gamefound.com/richtextimage/richtext/d4910e08-f0c4-4657-9434-e812eeba427c.png,"Update 21: Development update #3 / TTS mod available, v0.1 rulebook is here and Neoflesh Cult miniatures! — image 21",Awaken Realms,Copyright Awaken Realms; reference only; no reuse license identified,development;gamefound;miniatures;models;neoflesh;official;prototype;rulebook,downloaded,1435,1209,163178,03c61f0cf925bfdebd7e5413b376a56f80c0b5cea89a5947ad86236bcbbce855,,
ref-0268,art-references/official-gamefound/update-21/022-development-update-3-tts-mod-available-v0-1-r.jpg,official-gamefound,https://gamefound.com/en/projects/awaken-realms/nemesis-retaliation/updates/21,https://imgcdn.gamefound.com/richtextimage/richtext/7f84b880-8ea7-42f3-a5c3-9ba311a3837e.jpg,"Update 21: Development update #3 / TTS mod available, v0.1 rulebook is here and Neoflesh Cult miniatures! — image 22",Awaken Realms,Copyright Awaken Realms; reference only; no reuse license identified,development;gamefound;miniatures;models;neoflesh;official;prototype;rulebook,downloaded,1280,1625,388085,0cf187c87bb3fe4c62fafa7554ff5819ea1879ef56f02b9bcacb25fe5f290c4e,,
ref-0269,art-references/official-gamefound/update-21/023-development-update-3-tts-mod-available-v0-1-r.jpg,official-gamefound,https://gamefound.com/en/projects/awaken-realms/nemesis-retaliation/updates/21,https://imgcdn.gamefound.com/projectupdate/projects/2750/747e45f0-0ab1-424d-9611-c9de910f0776.png,"Update 21: Development update #3 / TTS mod available, v0.1 rulebook is here and Neoflesh Cult miniatures! — image 23",Awaken Realms,Copyright Awaken Realms; reference only; no reuse license identified,development;gamefound;miniatures;models;neoflesh;official;prototype;rulebook,downloaded,800,800,87287,0e3e2594e7a81cd1e28c99d4920da734677722b999c4869d7d470150fe665e0f,,
ref-0270,art-references/official-gamefound/update-23/001-development-update-4-tts-rulebook-feedback-ne.jpg,official-gamefound,https://gamefound.com/en/projects/awaken-realms/nemesis-retaliation/updates/23,https://imgcdn.gamefound.com/richtextimage/richtext/4897ba99-a8c5-4e92-8781-489e6183fbbb.jpg,"Update 23: Development update #4 / TTS & Rulebook feedback, New minis samples, and the video surprise! — image 1",Awaken Realms,Copyright Awaken Realms; reference only; no reuse license identified,development;gamefound;miniatures;models;official;prototype,downloaded,1809,2048,233007,1417478b1763541512135471f43ba1621bded3e65aab2c6640946fa57f6e7d94,,
ref-0271,art-references/official-gamefound/update-23/002-development-update-4-tts-rulebook-feedback-ne.jpg,official-gamefound,https://gamefound.com/en/projects/awaken-realms/nemesis-retaliation/updates/23,https://imgcdn.gamefound.com/richtextimage/richtext/dc5e3d16-e3f5-4e94-a158-be44f59fca47.jpg,"Update 23: Development update #4 / TTS & Rulebook feedback, New minis samples, and the video surprise! — image 2",Awaken Realms,Copyright Awaken Realms; reference only; no reuse license identified,development;gamefound;miniatures;models;official;prototype,downloaded,2048,1831,368741,b7a9dab71d2781f2c3cbba58938fb4188f81de6ffca25ad39e67f0885d7a3951,,
ref-0272,art-references/official-gamefound/update-23/003-development-update-4-tts-rulebook-feedback-ne.jpg,official-gamefound,https://gamefound.com/en/projects/awaken-realms/nemesis-retaliation/updates/23,https://imgcdn.gamefound.com/richtextimage/richtext/89eba503-aaf1-4294-a3aa-0391657fa1a8.jpg,"Update 23: Development update #4 / TTS & Rulebook feedback, New minis samples, and the video surprise! — image 3",Awaken Realms,Copyright Awaken Realms; reference only; no reuse license identified,development;gamefound;miniatures;models;official;prototype,downloaded,1936,2048,333902,3feba81d43bff0ff5e14b012dcbb50080c25119da7f4bac593c10d725e357970,,
ref-0273,art-references/official-gamefound/update-23/004-development-update-4-tts-rulebook-feedback-ne.jpg,official-gamefound,https://gamefound.com/en/projects/awaken-realms/nemesis-retaliation/updates/23,https://imgcdn.gamefound.com/richtextimage/richtext/7845f790-cab3-4449-94b0-f0b4e9eb3f4d.jpg,"Update 23: Development update #4 / TTS & Rulebook feedback, New minis samples, and the video surprise! — image 4",Awaken Realms,Copyright Awaken Realms; reference only; no reuse license identified,development;gamefound;miniatures;models;official;prototype,downloaded,2048,1832,369841,b523d6eafdfa801ea81bd90c6c1d001829c9045761139b96f5c56d84c4241a5b,,
ref-0274,art-references/official-gamefound/update-23/005-development-update-4-tts-rulebook-feedback-ne.jpg,official-gamefound,https://gamefound.com/en/projects/awaken-realms/nemesis-retaliation/updates/23,https://imgcdn.gamefound.com/richtextimage/richtext/6d0e93e9-d909-4e48-84f4-f9faa1443d1d.jpg,"Update 23: Development update #4 / TTS & Rulebook feedback, New minis samples, and the video surprise! — image 5",Awaken Realms,Copyright Awaken Realms; reference only; no reuse license identified,development;gamefound;miniatures;models;official;prototype,downloaded,2048,1484,306806,9e3faad04dfc66b0f23681b21e526291dd0500c3b5de48b1da8736ef3890f92f,,
ref-0275,art-references/official-gamefound/update-23/006-development-update-4-tts-rulebook-feedback-ne.jpg,official-gamefound,https://gamefound.com/en/projects/awaken-realms/nemesis-retaliation/updates/23,https://imgcdn.gamefound.com/richtextimage/richtext/1826d7c9-17f0-48d7-b0f3-53eeb685f0e1.jpg,"Update 23: Development update #4 / TTS & Rulebook feedback, New minis samples, and the video surprise! — image 6",Awaken Realms,Copyright Awaken Realms; reference only; no reuse license identified,development;gamefound;miniatures;models;official;prototype,downloaded,2048,1587,283940,fe6797ddaecffe60aaba1b7db0aaf88ca010ec0874331313c129f1393bd81547,,
ref-0276,art-references/official-gamefound/update-23/007-development-update-4-tts-rulebook-feedback-ne.jpg,official-gamefound,https://gamefound.com/en/projects/awaken-realms/nemesis-retaliation/updates/23,https://imgcdn.gamefound.com/richtextimage/richtext/cdc2b2ac-0ebd-42e1-9f43-da73134b21f9.jpg,"Update 23: Development update #4 / TTS & Rulebook feedback, New minis samples, and the video surprise! — image 7",Awaken Realms,Copyright Awaken Realms; reference only; no reuse license identified,development;gamefound;miniatures;models;official;prototype,downloaded,2048,1892,287541,d4303343f45f4e853f0d2f1100319976f4259ece6e5af844956e8f1b230de3d7,,
ref-0277,art-references/official-gamefound/update-23/008-development-update-4-tts-rulebook-feedback-ne.jpg,official-gamefound,https://gamefound.com/en/projects/awaken-realms/nemesis-retaliation/updates/23,https://imgcdn.gamefound.com/richtextimage/richtext/38bd137a-91e6-4c68-8bbf-55da4e868dae.jpg,"Update 23: Development update #4 / TTS & Rulebook feedback, New minis samples, and the video surprise! — image 8",Awaken Realms,Copyright Awaken Realms; reference only; no reuse license identified,development;gamefound;miniatures;models;official;prototype,downloaded,2048,1851,244576,2f6f8d153c16de9f642a0e70d1b6666dd077899d1a0556d6002c16f6371050b5,,
ref-0278,art-references/official-gamefound/update-23/009-development-update-4-tts-rulebook-feedback-ne.jpg,official-gamefound,https://gamefound.com/en/projects/awaken-realms/nemesis-retaliation/updates/23,https://imgcdn.gamefound.com/richtextimage/richtext/7a9b8eea-bafd-4889-8150-b0651cc915e5.jpg,"Update 23: Development update #4 / TTS & Rulebook feedback, New minis samples, and the video surprise! — image 9",Awaken Realms,Copyright Awaken Realms; reference only; no reuse license identified,development;gamefound;miniatures;models;official;prototype,downloaded,2048,1632,242726,cd0ab46a90e18ebf8cb3b22ca7b983dee61cb206c59fe114874cc1b4d02c63f5,,
ref-0279,art-references/official-gamefound/update-23/010-development-update-4-tts-rulebook-feedback-ne.jpg,official-gamefound,https://gamefound.com/en/projects/awaken-realms/nemesis-retaliation/updates/23,https://imgcdn.gamefound.com/richtextimage/richtext/66d592ee-28f1-4863-9cef-d607186184f8.jpg,"Update 23: Development update #4 / TTS & Rulebook feedback, New minis samples, and the video surprise! — image 10",Awaken Realms,Copyright Awaken Realms; reference only; no reuse license identified,development;gamefound;miniatures;models;official;prototype,downloaded,2048,1472,223409,c8a5d36818c77529b77bc33d831e23d1c5b7553230a34d74bf09e6d5ad5af1f1,,
ref-0280,art-references/official-gamefound/update-23/011-development-update-4-tts-rulebook-feedback-ne.jpg,official-gamefound,https://gamefound.com/en/projects/awaken-realms/nemesis-retaliation/updates/23,https://imgcdn.gamefound.com/richtextimage/richtext/644c2634-88bb-403a-a35a-6d974049173a.jpg,"Update 23: Development update #4 / TTS & Rulebook feedback, New minis samples, and the video surprise! — image 11",Awaken Realms,Copyright Awaken Realms; reference only; no reuse license identified,development;gamefound;miniatures;models;official;prototype,downloaded,2048,1333,231229,0186deccb3931870d6733b11f134f6c9460bac2259cbabe808b77628fdc5cc74,,
ref-0281,art-references/official-gamefound/update-23/012-development-update-4-tts-rulebook-feedback-ne.jpg,official-gamefound,https://gamefound.com/en/projects/awaken-realms/nemesis-retaliation/updates/23,https://imgcdn.gamefound.com/projectupdate/projects/2750/09405e95-cdf9-45d0-af0f-b7a27660b0a8.jpg,"Update 23: Development update #4 / TTS & Rulebook feedback, New minis samples, and the video surprise! — image 12",Awaken Realms,Copyright Awaken Realms; reference only; no reuse license identified,development;gamefound;miniatures;models;official;prototype,downloaded,800,800,84550,bc5d95198b7631f203fd72c28c1085cd51723f8c145588c873d957823af093b4,,
ref-0282,art-references/official-gamefound/update-24/001-pledge-manager-closes-on-july-1st-new-samples.jpg,official-gamefound,https://gamefound.com/en/projects/awaken-realms/nemesis-retaliation/updates/24,https://imgcdn.gamefound.com/richtextimage/richtext/69644476-c964-4f06-91b6-93d350ccc5af.jpg,Update 24: Pledge Manager CLOSES on July 1st! / new samples of 3D-printed models are here! — image 1,Awaken Realms,Copyright Awaken Realms; reference only; no reuse license identified,development;gamefound;miniatures;models;official;prototype,downloaded,1561,1772,387307,7f86ed0a61219df71a01613059801eb118f7057c1187ea9ffc21c2aea546efb9,,
ref-0283,art-references/official-gamefound/update-24/002-pledge-manager-closes-on-july-1st-new-samples.jpg,official-gamefound,https://gamefound.com/en/projects/awaken-realms/nemesis-retaliation/updates/24,https://imgcdn.gamefound.com/richtextimage/richtext/5584d9fd-675e-4522-8cc9-9dbcf00aa362.jpg,Update 24: Pledge Manager CLOSES on July 1st! / new samples of 3D-printed models are here! — image 2,Awaken Realms,Copyright Awaken Realms; reference only; no reuse license identified,development;gamefound;miniatures;models;official;prototype,downloaded,2048,1747,257824,dc8f698234984c96d02e711d39caca60024f31c030ddbcb5f8fcdb51489dd78d,,
ref-0284,art-references/official-gamefound/update-24/003-pledge-manager-closes-on-july-1st-new-samples.jpg,official-gamefound,https://gamefound.com/en/projects/awaken-realms/nemesis-retaliation/updates/24,https://imgcdn.gamefound.com/richtextimage/richtext/bb2ce2ad-b7bf-4583-a4a2-30c8612c7eff.jpg,Update 24: Pledge Manager CLOSES on July 1st! / new samples of 3D-printed models are here! — image 3,Awaken Realms,Copyright Awaken Realms; reference only; no reuse license identified,development;gamefound;miniatures;models;official;prototype,downloaded,2048,1608,188843,9e58bebb787bba7708c9261cf7237d744f7761c11637498dcbf5c76d4e212e1e,,
ref-0285,art-references/official-gamefound/update-24/004-pledge-manager-closes-on-july-1st-new-samples.jpg,official-gamefound,https://gamefound.com/en/projects/awaken-realms/nemesis-retaliation/updates/24,https://imgcdn.gamefound.com/richtextimage/richtext/19a9d2c5-9eee-4b45-bedf-6aa60149fa38.jpg,Update 24: Pledge Manager CLOSES on July 1st! / new samples of 3D-printed models are here! — image 4,Awaken Realms,Copyright Awaken Realms; reference only; no reuse license identified,development;gamefound;miniatures;models;official;prototype,downloaded,2048,1501,239329,4574d0a30d2af81327bd4387c796087d031479aaa4d486474b9913c0b5850bbe,,
ref-0286,art-references/official-gamefound/update-24/005-pledge-manager-closes-on-july-1st-new-samples.jpg,official-gamefound,https://gamefound.com/en/projects/awaken-realms/nemesis-retaliation/updates/24,https://imgcdn.gamefound.com/richtextimage/richtext/4b8b79c1-780d-45b9-94db-f48f2f8ab8a4.jpg,Update 24: Pledge Manager CLOSES on July 1st! / new samples of 3D-printed models are here! — image 5,Awaken Realms,Copyright Awaken Realms; reference only; no reuse license identified,development;gamefound;miniatures;models;official;prototype,downloaded,2048,1101,169378,b742dca76b2a0e07cf48fef16a8dadeb4c48cc2079d87f4e14eef77fb7da68d6,,
ref-0287,art-references/official-gamefound/update-24/006-pledge-manager-closes-on-july-1st-new-samples.jpg,official-gamefound,https://gamefound.com/en/projects/awaken-realms/nemesis-retaliation/updates/24,https://imgcdn.gamefound.com/richtextimage/richtext/43c1cad6-ed62-47cf-b531-2f2fa61e15a3.jpg,Update 24: Pledge Manager CLOSES on July 1st! / new samples of 3D-printed models are here! — image 6,Awaken Realms,Copyright Awaken Realms; reference only; no reuse license identified,development;gamefound;miniatures;models;official;prototype,downloaded,2048,1586,349276,29d512e028270a1455c1f524460515d71a50d0ea1d6e3183406becf29e7f81d7,,
ref-0288,art-references/official-gamefound/update-24/007-pledge-manager-closes-on-july-1st-new-samples.jpg,official-gamefound,https://gamefound.com/en/projects/awaken-realms/nemesis-retaliation/updates/24,https://imgcdn.gamefound.com/richtextimage/richtext/780ebf72-4299-4d94-927e-c296f4660a74.jpg,Update 24: Pledge Manager CLOSES on July 1st! / new samples of 3D-printed models are here! — image 7,Awaken Realms,Copyright Awaken Realms; reference only; no reuse license identified,development;gamefound;miniatures;models;official;prototype,downloaded,2048,1439,215735,507aadcca9b2a4f049f98a37b1679d635ff9ff3aa22003d5bb97014a01e7f219,,
ref-0289,art-references/official-gamefound/update-24/008-pledge-manager-closes-on-july-1st-new-samples.jpg,official-gamefound,https://gamefound.com/en/projects/awaken-realms/nemesis-retaliation/updates/24,https://imgcdn.gamefound.com/richtextimage/richtext/16ff7129-c23b-4836-b969-66940ff7eb48.jpg,Update 24: Pledge Manager CLOSES on July 1st! / new samples of 3D-printed models are here! — image 8,Awaken Realms,Copyright Awaken Realms; reference only; no reuse license identified,development;gamefound;miniatures;models;official;prototype,downloaded,2048,1996,239969,7ee8944b640987a3b087b7d1026d2187d57ca48ca613fc58ad081206a633ea21,,
ref-0290,art-references/official-gamefound/update-24/009-pledge-manager-closes-on-july-1st-new-samples.jpg,official-gamefound,https://gamefound.com/en/projects/awaken-realms/nemesis-retaliation/updates/24,https://imgcdn.gamefound.com/richtextimage/richtext/36b015d8-c496-4e70-9e67-7111cc1502aa.jpg,Update 24: Pledge Manager CLOSES on July 1st! / new samples of 3D-printed models are here! — image 9,Awaken Realms,Copyright Awaken Realms; reference only; no reuse license identified,development;gamefound;miniatures;models;official;prototype,downloaded,1991,2048,260508,4c94ae836ae7f8a4bdc3e0518ff1d4f8c77ba092a23287b42b4b3000e5ca50b4,,
ref-0291,art-references/official-gamefound/update-24/010-pledge-manager-closes-on-july-1st-new-samples.jpg,official-gamefound,https://gamefound.com/en/projects/awaken-realms/nemesis-retaliation/updates/24,https://imgcdn.gamefound.com/richtextimage/richtext/c4065c9b-4e0a-495b-8c7e-4975c286ce8c.jpg,Update 24: Pledge Manager CLOSES on July 1st! / new samples of 3D-printed models are here! — image 10,Awaken Realms,Copyright Awaken Realms; reference only; no reuse license identified,development;gamefound;miniatures;models;official;prototype,downloaded,1000,1000,159344,ec07b583e129190b85b1f582e9f9c8acab131812b99e18a50c47d45f5d47fb66,,
ref-0292,art-references/official-gamefound/update-24/011-pledge-manager-closes-on-july-1st-new-samples.jpg,official-gamefound,https://gamefound.com/en/projects/awaken-realms/nemesis-retaliation/updates/24,https://imgcdn.gamefound.com/projectupdate/projects/2750/715f74b7-66a4-4312-a3c4-020d05fe24ec.png,Update 24: Pledge Manager CLOSES on July 1st! / new samples of 3D-printed models are here! — image 11,Awaken Realms,Copyright Awaken Realms; reference only; no reuse license identified,development;gamefound;miniatures;models;official;prototype,downloaded,800,800,178192,aa93521cad7d8206632ed34c1a26ecf5293a0283feab3956cf5049faea67cfd2,,
ref-0293,art-references/official-gamefound/update-25/001-1st-wave-production-info-nemesis-retaliation-.jpg,official-gamefound,https://gamefound.com/en/projects/awaken-realms/nemesis-retaliation/updates/25,https://imgcdn.gamefound.com/richtextimage/richtext/f21d4714-0614-4960-9058-130c34e21322.jpg,Update 25: 1st wave production info / Nemesis: Retaliation prototype 2.0 and Untold Stories #4 — image 1,Awaken Realms,Copyright Awaken Realms; reference only; no reuse license identified,cards;components;final-components;gamefound;map;models;official;prototype;prototype-2,downloaded,3000,2250,1493711,a154567338849bd9cd787079e99519d3c85c60e955c34434154d315d4feb8543,,
ref-0294,art-references/official-gamefound/update-25/002-1st-wave-production-info-nemesis-retaliation-.jpg,official-gamefound,https://gamefound.com/en/projects/awaken-realms/nemesis-retaliation/updates/25,https://imgcdn.gamefound.com/richtextimage/richtext/cf5fecfa-33b7-43e8-bb85-e7690a0f3f7b.jpg,Update 25: 1st wave production info / Nemesis: Retaliation prototype 2.0 and Untold Stories #4 — image 2,Awaken Realms,Copyright Awaken Realms; reference only; no reuse license identified,cards;components;final-components;gamefound;map;models;official;prototype;prototype-2,downloaded,3000,1688,1109115,5130f4c40a6bd9c71ce8e464dfa1118c63dba7622422a668337148ec08ac2513,,
ref-0295,art-references/official-gamefound/update-25/003-1st-wave-production-info-nemesis-retaliation-.jpg,official-gamefound,https://gamefound.com/en/projects/awaken-realms/nemesis-retaliation/updates/25,https://imgcdn.gamefound.com/richtextimage/richtext/5a69a0d6-02bd-4677-ad99-da9a453c7d98.jpg,Update 25: 1st wave production info / Nemesis: Retaliation prototype 2.0 and Untold Stories #4 — image 3,Awaken Realms,Copyright Awaken Realms; reference only; no reuse license identified,cards;components;final-components;gamefound;map;models;official;prototype;prototype-2,downloaded,3000,1688,1020790,83f4cd50e9c17016475a2592018c1c621426e3da663fed0892cf2bb41910e323,,
ref-0296,art-references/official-gamefound/update-25/004-1st-wave-production-info-nemesis-retaliation-.jpg,official-gamefound,https://gamefound.com/en/projects/awaken-realms/nemesis-retaliation/updates/25,https://imgcdn.gamefound.com/richtextimage/richtext/c78e813d-c04f-41bb-87e6-c2e0fdb57dca.jpg,Update 25: 1st wave production info / Nemesis: Retaliation prototype 2.0 and Untold Stories #4 — image 4,Awaken Realms,Copyright Awaken Realms; reference only; no reuse license identified,cards;components;final-components;gamefound;map;models;official;prototype;prototype-2,downloaded,3000,2250,1454181,a4b9f8f1f621dfe64198d991edd9edddf9dc05bc779ed1d795b6200940f412cc,,
ref-0297,art-references/official-gamefound/update-25/005-1st-wave-production-info-nemesis-retaliation-.jpg,official-gamefound,https://gamefound.com/en/projects/awaken-realms/nemesis-retaliation/updates/25,https://imgcdn.gamefound.com/richtextimage/richtext/f4ed5a3b-051e-4602-b445-0491ff70c3b5.jpg,Update 25: 1st wave production info / Nemesis: Retaliation prototype 2.0 and Untold Stories #4 — image 5,Awaken Realms,Copyright Awaken Realms; reference only; no reuse license identified,cards;components;final-components;gamefound;map;models;official;prototype;prototype-2,downloaded,3000,2250,1714418,d0128eaca38e577c627e53b02f5347465fdc5217e0723ff18b2e9b0331d55d45,,
ref-0298,art-references/official-gamefound/update-25/006-1st-wave-production-info-nemesis-retaliation-.jpg,official-gamefound,https://gamefound.com/en/projects/awaken-realms/nemesis-retaliation/updates/25,https://imgcdn.gamefound.com/richtextimage/richtext/7508ed68-e9e5-45f0-880e-9374e3e02c20.jpg,Update 25: 1st wave production info / Nemesis: Retaliation prototype 2.0 and Untold Stories #4 — image 6,Awaken Realms,Copyright Awaken Realms; reference only; no reuse license identified,cards;components;final-components;gamefound;map;models;official;prototype;prototype-2,downloaded,3000,2250,1864125,4ce992f0f64d15a4ddd35c09cb404a7b925e3fb97a0850e5d114cd376c393ec9,,
ref-0299,art-references/official-gamefound/update-25/007-1st-wave-production-info-nemesis-retaliation-.jpg,official-gamefound,https://gamefound.com/en/projects/awaken-realms/nemesis-retaliation/updates/25,https://imgcdn.gamefound.com/richtextimage/richtext/a46bcee9-fe36-4ca6-827c-2822e10ef04f.jpg,Update 25: 1st wave production info / Nemesis: Retaliation prototype 2.0 and Untold Stories #4 — image 7,Awaken Realms,Copyright Awaken Realms; reference only; no reuse license identified,cards;components;final-components;gamefound;map;models;official;prototype;prototype-2,downloaded,3000,2250,2043528,fe5d2523394f487efab6882b8331665628e93651e8e765110eb70af47f4d360a,,
ref-0300,art-references/official-gamefound/update-25/008-1st-wave-production-info-nemesis-retaliation-.jpg,official-gamefound,https://gamefound.com/en/projects/awaken-realms/nemesis-retaliation/updates/25,https://imgcdn.gamefound.com/richtextimage/richtext/92b26d64-ddc7-4975-9426-e3d32ee38844.png,Update 25: 1st wave production info / Nemesis: Retaliation prototype 2.0 and Untold Stories #4 — image 8,Awaken Realms,Copyright Awaken Realms; reference only; no reuse license identified,cards;components;final-components;gamefound;map;models;official;prototype;prototype-2,downloaded,3000,1875,149232,b8550cb280d847ac82997b502bbf43bf47e346af0ef797be9b4963dd5a38c521,,
ref-0301,art-references/official-gamefound/update-25/009-1st-wave-production-info-nemesis-retaliation-.jpg,official-gamefound,https://gamefound.com/en/projects/awaken-realms/nemesis-retaliation/updates/25,https://imgcdn.gamefound.com/richtextimage/richtext/982e7495-6ee6-40a5-9def-5e0f4307a2c4.png,Update 25: 1st wave production info / Nemesis: Retaliation prototype 2.0 and Untold Stories #4 — image 9,Awaken Realms,Copyright Awaken Realms; reference only; no reuse license identified,cards;components;final-components;gamefound;map;models;official;prototype;prototype-2,downloaded,3000,1875,156635,c603fc6cf4400372d0ba28f88990424eea4d5c3ce071201c2d83b78acbb67534,,
ref-0302,art-references/official-gamefound/update-25/010-1st-wave-production-info-nemesis-retaliation-.jpg,official-gamefound,https://gamefound.com/en/projects/awaken-realms/nemesis-retaliation/updates/25,https://imgcdn.gamefound.com/richtextimage/richtext/ecdd065b-838c-4d13-9784-2044027a145c.png,Update 25: 1st wave production info / Nemesis: Retaliation prototype 2.0 and Untold Stories #4 — image 10,Awaken Realms,Copyright Awaken Realms; reference only; no reuse license identified,cards;components;final-components;gamefound;map;models;official;prototype;prototype-2,downloaded,3000,1875,158956,01271f117f55101e8dc2d0f952ee54b7ab77f7bf143fb2478c04e0e83edaf549,,
ref-0303,art-references/official-gamefound/update-25/011-1st-wave-production-info-nemesis-retaliation-.jpg,official-gamefound,https://gamefound.com/en/projects/awaken-realms/nemesis-retaliation/updates/25,https://imgcdn.gamefound.com/richtextimage/richtext/3416358c-a42a-419e-9bb6-4afb13e422be.png,Update 25: 1st wave production info / Nemesis: Retaliation prototype 2.0 and Untold Stories #4 — image 11,Awaken Realms,Copyright Awaken Realms; reference only; no reuse license identified,cards;components;final-components;gamefound;map;models;official;prototype;prototype-2,downloaded,3000,1875,146581,5fcd5d071b4670082df5456511e0904029e6dc8e0cb719343bb1762a3aa1e6f5,,
ref-0304,art-references/official-gamefound/update-25/012-1st-wave-production-info-nemesis-retaliation-.jpg,official-gamefound,https://gamefound.com/en/projects/awaken-realms/nemesis-retaliation/updates/25,https://imgcdn.gamefound.com/richtextimage/richtext/1fe1501e-1d01-4c46-9375-861b24034d8c.jpg,Update 25: 1st wave production info / Nemesis: Retaliation prototype 2.0 and Untold Stories #4 — image 12,Awaken Realms,Copyright Awaken Realms; reference only; no reuse license identified,cards;components;final-components;gamefound;map;models;official;prototype;prototype-2,downloaded,500,460,55138,adfad1bb7500dc8d406dc076533470ea5bb626d8d142fd2f950b17f3e959467d,,
ref-0305,art-references/official-gamefound/update-25/013-1st-wave-production-info-nemesis-retaliation-.jpg,official-gamefound,https://gamefound.com/en/projects/awaken-realms/nemesis-retaliation/updates/25,https://imgcdn.gamefound.com/richtextimage/richtext/da587268-c7d8-43e4-8bdb-425d9cb34af1.jpg,Update 25: 1st wave production info / Nemesis: Retaliation prototype 2.0 and Untold Stories #4 — image 13,Awaken Realms,Copyright Awaken Realms; reference only; no reuse license identified,cards;components;final-components;gamefound;map;models;official;prototype;prototype-2,downloaded,1719,1719,461382,4b66cf77dcb0dc7ae2cde2ef34eb6fe971d92e035d8640c69b293210da857a88,,
ref-0306,art-references/official-gamefound/update-25/014-1st-wave-production-info-nemesis-retaliation-.jpg,official-gamefound,https://gamefound.com/en/projects/awaken-realms/nemesis-retaliation/updates/25,https://imgcdn.gamefound.com/projectupdate/projects/2750/94190a9a-c362-4587-a574-c70ac3669bde.jpg,Update 25: 1st wave production info / Nemesis: Retaliation prototype 2.0 and Untold Stories #4 — image 14,Awaken Realms,Copyright Awaken Realms; reference only; no reuse license identified,cards;components;final-components;gamefound;map;models;official;prototype;prototype-2,downloaded,600,600,87367,b044c70715d25e54b037d86b21edba2ee8d0e6dbecbc84d6ab94216aa84ddc3f,,
ref-0307,art-references/official-gamefound/update-32/001-nemesis-retaliation-2-0-prototype-news.jpg,official-gamefound,https://gamefound.com/en/projects/awaken-realms/nemesis-retaliation/updates/32,https://imgcdn.gamefound.com/richtextimage/richtext/8f5ff181-4e9e-4594-b1c9-fc0e5e5457f8.jpg,Update 32: Nemesis Retaliation 2.0 prototype news — image 1,Awaken Realms,Copyright Awaken Realms; reference only; no reuse license identified,board-ui;cards;components;gamefound;map;official;prototype;prototype-2,downloaded,3000,2250,1171857,fc567ca54e43abaf529d7704888f13864c9a0bfb3580f10605dc15eeec1e6039,,
ref-0308,art-references/official-gamefound/update-32/002-nemesis-retaliation-2-0-prototype-news.jpg,official-gamefound,https://gamefound.com/en/projects/awaken-realms/nemesis-retaliation/updates/32,https://imgcdn.gamefound.com/richtextimage/richtext/1f6933ad-d8bd-45f0-bcf0-2b405140dfaa.jpg,Update 32: Nemesis Retaliation 2.0 prototype news — image 2,Awaken Realms,Copyright Awaken Realms; reference only; no reuse license identified,board-ui;cards;components;gamefound;map;official;prototype;prototype-2,downloaded,3000,2250,1264119,fb26fa6bfc9ce660ec9cb11e87e006db07858edb9e3c4c429c745efaaa6da8c8,,
ref-0309,art-references/official-gamefound/update-32/003-nemesis-retaliation-2-0-prototype-news.jpg,official-gamefound,https://gamefound.com/en/projects/awaken-realms/nemesis-retaliation/updates/32,https://imgcdn.gamefound.com/richtextimage/richtext/4f830f0a-6cd8-4a18-9200-97f926a3f4a3.jpg,Update 32: Nemesis Retaliation 2.0 prototype news — image 3,Awaken Realms,Copyright Awaken Realms; reference only; no reuse license identified,board-ui;cards;components;gamefound;map;official;prototype;prototype-2,downloaded,3000,2250,1194412,7fbdc34a77d1e2bafc871825cc66c5847b7379e64f42749e0ddbb2d1a5dc2dcc,,
ref-0310,art-references/official-gamefound/update-32/004-nemesis-retaliation-2-0-prototype-news.jpg,official-gamefound,https://gamefound.com/en/projects/awaken-realms/nemesis-retaliation/updates/32,https://imgcdn.gamefound.com/richtextimage/richtext/eb609ec8-60c9-4ecc-8512-6d5ab38b62b1.jpg,Update 32: Nemesis Retaliation 2.0 prototype news — image 4,Awaken Realms,Copyright Awaken Realms; reference only; no reuse license identified,board-ui;cards;components;gamefound;map;official;prototype;prototype-2,downloaded,3000,2250,979440,0435ac29fa9f4566efb19eff8c494c877d1cb05bb11a91c91c912351250e4289,,
ref-0311,art-references/official-gamefound/update-32/005-nemesis-retaliation-2-0-prototype-news.jpg,official-gamefound,https://gamefound.com/en/projects/awaken-realms/nemesis-retaliation/updates/32,https://imgcdn.gamefound.com/richtextimage/richtext/664c0dc6-fc85-408c-8da3-9ede92532a57.png,Update 32: Nemesis Retaliation 2.0 prototype news — image 5,Awaken Realms,Copyright Awaken Realms; reference only; no reuse license identified,board-ui;cards;components;gamefound;map;official;prototype;prototype-2,downloaded,1238,1224,196040,e5f9774093a42f140ce93eef94e5bb81eecf4005837729457f370254a393f0fa,,
ref-0312,art-references/official-gamefound/update-01/005-update-1-the-first-very-ever-sneak-peek.jpg,official-gamefound,https://gamefound.com/en/projects/awaken-realms/nemesis-retaliation/updates/32,https://imgcdn.gamefound.com/projectupdate/projects/2750/947f944c-96d0-412c-b411-cc9fe1fd0237.png,Update 32: Nemesis Retaliation 2.0 prototype news — image 6,Awaken Realms,Copyright Awaken Realms; reference only; no reuse license identified,board-ui;cards;components;gamefound;map;official;prototype;prototype-2,duplicate,800,800,121460,73752d44e9db9fcb3306510e9bea69830107c873eda367a07302e0a8541e6ec6,art-references/official-gamefound/update-01/005-update-1-the-first-very-ever-sneak-peek.jpg,
ref-0313,art-references/official-gamefound/update-34/001-the-pledge-manager-closes-on-march-12th-at-8-.jpg,official-gamefound,https://gamefound.com/en/projects/awaken-realms/nemesis-retaliation/updates/34,https://imgcdn.gamefound.com/richtextimage/richtext/1248a7b9-f1f2-4fdb-9c14-61ad8972988c.jpg,Update 34: The Pledge Manager CLOSES on March 12th at 8 PM CET! / Retaliation development news! — image 1,Awaken Realms,Copyright Awaken Realms; reference only; no reuse license identified,cards;components;gamefound;late-development;models;official;prototype;tokens,downloaded,450,166,11639,5d1ff90877c69086b6a0b677474ea2d3508ec17f153b85c1c72738e3c4a556df,,
ref-0314,art-references/official-gamefound/update-34/002-the-pledge-manager-closes-on-march-12th-at-8-.jpg,official-gamefound,https://gamefound.com/en/projects/awaken-realms/nemesis-retaliation/updates/34,https://imgcdn.gamefound.com/richtextimage/richtext/49184e35-770f-4f69-9db5-b0586fbc509a.png,Update 34: The Pledge Manager CLOSES on March 12th at 8 PM CET! / Retaliation development news! — image 2,Awaken Realms,Copyright Awaken Realms; reference only; no reuse license identified,cards;components;gamefound;late-development;models;official;prototype;tokens,downloaded,1368,944,246451,6f6638cf87325e81691c4665e1a4f1c5effa6a80a2bbf687a1bfe82db589f7c6,,
ref-0315,art-references/official-gamefound/update-34/003-the-pledge-manager-closes-on-march-12th-at-8-.jpg,official-gamefound,https://gamefound.com/en/projects/awaken-realms/nemesis-retaliation/updates/34,https://imgcdn.gamefound.com/richtextimage/richtext/8b209b9f-5c0c-44df-9c1e-cdc55d9c372b.jpg,Update 34: The Pledge Manager CLOSES on March 12th at 8 PM CET! / Retaliation development news! — image 3,Awaken Realms,Copyright Awaken Realms; reference only; no reuse license identified,cards;components;gamefound;late-development;models;official;prototype;tokens,downloaded,2166,3000,1028518,07869c108532d129f7bb9ec70478c3e34f2ad03373de1782118c404a537e9a09,,
ref-0316,art-references/official-gamefound/update-34/004-the-pledge-manager-closes-on-march-12th-at-8-.jpg,official-gamefound,https://gamefound.com/en/projects/awaken-realms/nemesis-retaliation/updates/34,https://imgcdn.gamefound.com/richtextimage/richtext/f2b3ad59-6210-4170-b30a-854a5b7729a3.jpg,Update 34: The Pledge Manager CLOSES on March 12th at 8 PM CET! / Retaliation development news! — image 4,Awaken Realms,Copyright Awaken Realms; reference only; no reuse license identified,cards;components;gamefound;late-development;models;official;prototype;tokens,downloaded,1937,3000,930013,43b781a78e636952df02e6db1e554dd52b9cd83069efb4e667d9258054fa58df,,
ref-0317,art-references/official-gamefound/update-34/005-the-pledge-manager-closes-on-march-12th-at-8-.jpg,official-gamefound,https://gamefound.com/en/projects/awaken-realms/nemesis-retaliation/updates/34,https://imgcdn.gamefound.com/richtextimage/richtext/917aee11-bfff-41ae-8855-0d38e91160d3.jpg,Update 34: The Pledge Manager CLOSES on March 12th at 8 PM CET! / Retaliation development news! — image 5,Awaken Realms,Copyright Awaken Realms; reference only; no reuse license identified,cards;components;gamefound;late-development;models;official;prototype;tokens,downloaded,1990,3000,747462,f9b53547d0e8d51feab615692f69b4b7206ffbfa5e350e5ab47ff74794c6d8d2,,
ref-0318,art-references/official-gamefound/update-34/006-the-pledge-manager-closes-on-march-12th-at-8-.jpg,official-gamefound,https://gamefound.com/en/projects/awaken-realms/nemesis-retaliation/updates/34,https://imgcdn.gamefound.com/richtextimage/richtext/c5cd98ad-d388-423f-b738-846426a6d9bb.jpg,Update 34: The Pledge Manager CLOSES on March 12th at 8 PM CET! / Retaliation development news! — image 6,Awaken Realms,Copyright Awaken Realms; reference only; no reuse license identified,cards;components;gamefound;late-development;models;official;prototype;tokens,downloaded,2166,3000,855816,afc04e1de609b59fb341407e2104bde11e33054baca768af7dbd0dabb8de36bc,,
ref-0319,art-references/official-gamefound/update-34/007-the-pledge-manager-closes-on-march-12th-at-8-.jpg,official-gamefound,https://gamefound.com/en/projects/awaken-realms/nemesis-retaliation/updates/34,https://imgcdn.gamefound.com/richtextimage/richtext/cc740dde-dc86-4ffe-849d-e4fb4515a11a.jpg,Update 34: The Pledge Manager CLOSES on March 12th at 8 PM CET! / Retaliation development news! — image 7,Awaken Realms,Copyright Awaken Realms; reference only; no reuse license identified,cards;components;gamefound;late-development;models;official;prototype;tokens,downloaded,2166,3000,782091,a4de585e886957b397bbec837d0e8765e5d0e43cd42333cccbef8932394d1a8f,,
ref-0320,art-references/official-gamefound/update-34/008-the-pledge-manager-closes-on-march-12th-at-8-.jpg,official-gamefound,https://gamefound.com/en/projects/awaken-realms/nemesis-retaliation/updates/34,https://imgcdn.gamefound.com/richtextimage/richtext/542615a0-a33a-406c-876e-ce38c2c03305.jpg,Update 34: The Pledge Manager CLOSES on March 12th at 8 PM CET! / Retaliation development news! — image 8,Awaken Realms,Copyright Awaken Realms; reference only; no reuse license identified,cards;components;gamefound;late-development;models;official;prototype;tokens,downloaded,2166,3000,867557,454042839ac44d7db9a5279ff21ea152f0cd82ad17b07ff013a8e098a7af3bf6,,
ref-0321,art-references/official-gamefound/update-34/009-the-pledge-manager-closes-on-march-12th-at-8-.jpg,official-gamefound,https://gamefound.com/en/projects/awaken-realms/nemesis-retaliation/updates/34,https://imgcdn.gamefound.com/richtextimage/richtext/1706a4c2-dec4-475a-8ae8-47e55a7bc76e.jpg,Update 34: The Pledge Manager CLOSES on March 12th at 8 PM CET! / Retaliation development news! — image 9,Awaken Realms,Copyright Awaken Realms; reference only; no reuse license identified,cards;components;gamefound;late-development;models;official;prototype;tokens,downloaded,2048,1924,353105,3119bd4370941866479e7d82e3558211d9c855e6e7742a5b9fbd784f89514c0f,,
ref-0322,art-references/official-gamefound/update-34/010-the-pledge-manager-closes-on-march-12th-at-8-.jpg,official-gamefound,https://gamefound.com/en/projects/awaken-realms/nemesis-retaliation/updates/34,https://imgcdn.gamefound.com/richtextimage/richtext/a819a042-1581-4c91-84ce-1b6d98d773ac.jpg,Update 34: The Pledge Manager CLOSES on March 12th at 8 PM CET! / Retaliation development news! — image 10,Awaken Realms,Copyright Awaken Realms; reference only; no reuse license identified,cards;components;gamefound;late-development;models;official;prototype;tokens,downloaded,2048,1435,265536,02d122ce468ab31546df5ace48f591dc70f63bcbe37ba4daf8fa21390148c1fe,,
ref-0323,art-references/official-gamefound/update-34/011-the-pledge-manager-closes-on-march-12th-at-8-.jpg,official-gamefound,https://gamefound.com/en/projects/awaken-realms/nemesis-retaliation/updates/34,https://imgcdn.gamefound.com/richtextimage/richtext/afef7221-90de-4ed3-958b-717fbcdb48c0.jpg,Update 34: The Pledge Manager CLOSES on March 12th at 8 PM CET! / Retaliation development news! — image 11,Awaken Realms,Copyright Awaken Realms; reference only; no reuse license identified,cards;components;gamefound;late-development;models;official;prototype;tokens,downloaded,2048,1571,207955,88f9b40ee07661c2a435c8632afb7e7aa3520a4a6fb611b1165301170aa5cc0f,,
ref-0324,art-references/official-gamefound/update-34/012-the-pledge-manager-closes-on-march-12th-at-8-.jpg,official-gamefound,https://gamefound.com/en/projects/awaken-realms/nemesis-retaliation/updates/34,https://imgcdn.gamefound.com/richtextimage/richtext/0996f7c9-c7bc-498b-8897-5120789310d4.jpg,Update 34: The Pledge Manager CLOSES on March 12th at 8 PM CET! / Retaliation development news! — image 12,Awaken Realms,Copyright Awaken Realms; reference only; no reuse license identified,cards;components;gamefound;late-development;models;official;prototype;tokens,downloaded,2048,1797,309076,b2a5dd3765729c385147f8603f430d0a7093d60ba9b1afe942ce08a585d17485,,
ref-0325,art-references/official-gamefound/update-34/013-the-pledge-manager-closes-on-march-12th-at-8-.jpg,official-gamefound,https://gamefound.com/en/projects/awaken-realms/nemesis-retaliation/updates/34,https://imgcdn.gamefound.com/richtextimage/richtext/7b587ae7-38e8-4f4b-b98a-4a212c44223a.jpg,Update 34: The Pledge Manager CLOSES on March 12th at 8 PM CET! / Retaliation development news! — image 13,Awaken Realms,Copyright Awaken Realms; reference only; no reuse license identified,cards;components;gamefound;late-development;models;official;prototype;tokens,downloaded,1708,2048,233364,3ac4d30c1417bc2db420d57a59b3cc7f0c5c5d47ebdbf6f2550e5d6c9e2746f0,,
ref-0326,art-references/official-gamefound/update-34/014-the-pledge-manager-closes-on-march-12th-at-8-.jpg,official-gamefound,https://gamefound.com/en/projects/awaken-realms/nemesis-retaliation/updates/34,https://imgcdn.gamefound.com/richtextimage/richtext/55191fc6-b44c-447f-9b12-8c48011fa871.jpg,Update 34: The Pledge Manager CLOSES on March 12th at 8 PM CET! / Retaliation development news! — image 14,Awaken Realms,Copyright Awaken Realms; reference only; no reuse license identified,cards;components;gamefound;late-development;models;official;prototype;tokens,downloaded,2048,1161,179639,d769e9f7e3e6668d420dcf445a3690b92b6591ffe99ce1f57246dda853c314b0,,
ref-0327,art-references/official-gamefound/update-34/015-the-pledge-manager-closes-on-march-12th-at-8-.jpg,official-gamefound,https://gamefound.com/en/projects/awaken-realms/nemesis-retaliation/updates/34,https://imgcdn.gamefound.com/richtextimage/richtext/be4b1379-63be-461c-a097-dd17f2ece162.jpg,Update 34: The Pledge Manager CLOSES on March 12th at 8 PM CET! / Retaliation development news! — image 15,Awaken Realms,Copyright Awaken Realms; reference only; no reuse license identified,cards;components;gamefound;late-development;models;official;prototype;tokens,downloaded,1487,2048,212330,fef838ed65fc094720c522b2e001cf99fdb26d70c632c98910886633c1214b4d,,
ref-0328,art-references/official-gamefound/update-34/016-the-pledge-manager-closes-on-march-12th-at-8-.jpg,official-gamefound,https://gamefound.com/en/projects/awaken-realms/nemesis-retaliation/updates/34,https://imgcdn.gamefound.com/richtextimage/richtext/343a4627-9bfb-41e8-aeb6-57a2d9ff3dae.jpg,Update 34: The Pledge Manager CLOSES on March 12th at 8 PM CET! / Retaliation development news! — image 16,Awaken Realms,Copyright Awaken Realms; reference only; no reuse license identified,cards;components;gamefound;late-development;models;official;prototype;tokens,downloaded,2048,1631,136787,1c0c70b543c32d252f346946d10bb01b41c016ad53b1c263115e58782b0f97df,,
ref-0329,art-references/official-gamefound/update-34/017-the-pledge-manager-closes-on-march-12th-at-8-.jpg,official-gamefound,https://gamefound.com/en/projects/awaken-realms/nemesis-retaliation/updates/34,https://imgcdn.gamefound.com/projectupdate/projects/2750/04b09ad4-9461-4069-8e27-1e196dbaaffb.png,Update 34: The Pledge Manager CLOSES on March 12th at 8 PM CET! / Retaliation development news! — image 17,Awaken Realms,Copyright Awaken Realms; reference only; no reuse license identified,cards;components;gamefound;late-development;models;official;prototype;tokens,downloaded,800,800,161247,727039599f5559d925ae3f153d4182c82712e00a1d2db616cc3d0a976581aa39,,
ref-0330,art-references/official-gamefound/update-34/001-the-pledge-manager-closes-on-march-12th-at-8-.jpg,official-gamefound,https://gamefound.com/en/projects/awaken-realms/nemesis-retaliation/updates/35,https://imgcdn.gamefound.com/richtextimage/richtext/171fb2f5-8719-40fe-b7b7-f7032e5abab1.jpg,Update 35: The Pledge Manager IS CLOSING in less than 24 HOURS! / Playmat & Rulebooks showcase and more! — image 1,Awaken Realms,Copyright Awaken Realms; reference only; no reuse license identified,components;gamefound;late-development;map;official;playmat;rulebooks,duplicate,450,166,11639,5d1ff90877c69086b6a0b677474ea2d3508ec17f153b85c1c72738e3c4a556df,art-references/official-gamefound/update-34/001-the-pledge-manager-closes-on-march-12th-at-8-.jpg,
ref-0331,art-references/official-gamefound/update-34/002-the-pledge-manager-closes-on-march-12th-at-8-.jpg,official-gamefound,https://gamefound.com/en/projects/awaken-realms/nemesis-retaliation/updates/35,https://imgcdn.gamefound.com/richtextimage/richtext/1b727001-409e-42db-ab4e-5e702781b887.png,Update 35: The Pledge Manager IS CLOSING in less than 24 HOURS! / Playmat & Rulebooks showcase and more! — image 2,Awaken Realms,Copyright Awaken Realms; reference only; no reuse license identified,components;gamefound;late-development;map;official;playmat;rulebooks,duplicate,1368,944,246451,6f6638cf87325e81691c4665e1a4f1c5effa6a80a2bbf687a1bfe82db589f7c6,art-references/official-gamefound/update-34/002-the-pledge-manager-closes-on-march-12th-at-8-.jpg,
ref-0332,art-references/official-gamefound/update-35/003-the-pledge-manager-is-closing-in-less-than-24.jpg,official-gamefound,https://gamefound.com/en/projects/awaken-realms/nemesis-retaliation/updates/35,https://imgcdn.gamefound.com/richtextimage/richtext/fd28269b-ed82-4b97-8324-50c509c1d7b5.jpg,Update 35: The Pledge Manager IS CLOSING in less than 24 HOURS! / Playmat & Rulebooks showcase and more! — image 3,Awaken Realms,Copyright Awaken Realms; reference only; no reuse license identified,components;gamefound;late-development;map;official;playmat;rulebooks,downloaded,2048,1545,676546,56ab858f23d0af355f14fb32af643a6fe2b40d09971de0b07475b0811641fd2d,,
ref-0333,art-references/official-gamefound/update-35/004-the-pledge-manager-is-closing-in-less-than-24.jpg,official-gamefound,https://gamefound.com/en/projects/awaken-realms/nemesis-retaliation/updates/35,https://imgcdn.gamefound.com/richtextimage/richtext/00aa84c4-68b3-4243-a327-56025c9efbb5.jpg,Update 35: The Pledge Manager IS CLOSING in less than 24 HOURS! / Playmat & Rulebooks showcase and more! — image 4,Awaken Realms,Copyright Awaken Realms; reference only; no reuse license identified,components;gamefound;late-development;map;official;playmat;rulebooks,downloaded,2048,1138,488918,8aed960fa55acd16b8fe35e958694de19b026d6148950d9620dff480644347ce,,
ref-0334,art-references/official-gamefound/update-35/005-the-pledge-manager-is-closing-in-less-than-24.jpg,official-gamefound,https://gamefound.com/en/projects/awaken-realms/nemesis-retaliation/updates/35,https://imgcdn.gamefound.com/richtextimage/richtext/9258b17f-7471-4573-8ba4-fe7ad4f1a977.jpg,Update 35: The Pledge Manager IS CLOSING in less than 24 HOURS! / Playmat & Rulebooks showcase and more! — image 5,Awaken Realms,Copyright Awaken Realms; reference only; no reuse license identified,components;gamefound;late-development;map;official;playmat;rulebooks,downloaded,2048,1286,499501,2992b2d7c517636540676b969a4c85c4ed28cd0364e01b1fe6378f5196a65cf6,,
ref-0335,art-references/official-gamefound/update-35/006-the-pledge-manager-is-closing-in-less-than-24.jpg,official-gamefound,https://gamefound.com/en/projects/awaken-realms/nemesis-retaliation/updates/35,https://imgcdn.gamefound.com/richtextimage/richtext/cf5fcf48-7ab2-4e15-af71-0266c5ebbe55.jpg,Update 35: The Pledge Manager IS CLOSING in less than 24 HOURS! / Playmat & Rulebooks showcase and more! — image 6,Awaken Realms,Copyright Awaken Realms; reference only; no reuse license identified,components;gamefound;late-development;map;official;playmat;rulebooks,downloaded,2048,1645,985066,0b5c474bc955a6a3711fdce9c372d0c9ab045fdca68b427644df6267a70c9092,,
ref-0336,art-references/official-gamefound/update-35/007-the-pledge-manager-is-closing-in-less-than-24.jpg,official-gamefound,https://gamefound.com/en/projects/awaken-realms/nemesis-retaliation/updates/35,https://imgcdn.gamefound.com/richtextimage/richtext/438021fa-dea8-483c-81e4-fc2e3a19be24.jpg,Update 35: The Pledge Manager IS CLOSING in less than 24 HOURS! / Playmat & Rulebooks showcase and more! — image 7,Awaken Realms,Copyright Awaken Realms; reference only; no reuse license identified,components;gamefound;late-development;map;official;playmat;rulebooks,downloaded,2048,1338,619790,81dce67e32a5669445871bb0d5ecc4e281cf75cb65c3ef0d308e33f4b7056191,,
ref-0337,art-references/official-gamefound/update-35/008-the-pledge-manager-is-closing-in-less-than-24.jpg,official-gamefound,https://gamefound.com/en/projects/awaken-realms/nemesis-retaliation/updates/35,https://imgcdn.gamefound.com/richtextimage/richtext/fc6e40aa-1b05-4ffb-bc04-ff85f3662117.jpg,Update 35: The Pledge Manager IS CLOSING in less than 24 HOURS! / Playmat & Rulebooks showcase and more! — image 8,Awaken Realms,Copyright Awaken Realms; reference only; no reuse license identified,components;gamefound;late-development;map;official;playmat;rulebooks,downloaded,2048,1365,498826,a22733288aea70cacc2668cbbdf7f792f67c8b647f0b9a18154cd88e4a421f41,,
ref-0338,art-references/official-gamefound/update-35/009-the-pledge-manager-is-closing-in-less-than-24.jpg,official-gamefound,https://gamefound.com/en/projects/awaken-realms/nemesis-retaliation/updates/35,https://imgcdn.gamefound.com/richtextimage/richtext/5b268b95-02a3-460a-9440-3461018e990e.png,Update 35: The Pledge Manager IS CLOSING in less than 24 HOURS! / Playmat & Rulebooks showcase and more! — image 9,Awaken Realms,Copyright Awaken Realms; reference only; no reuse license identified,components;gamefound;late-development;map;official;playmat;rulebooks,downloaded,634,853,111452,9e8a461f37e7c3b79eee86e6cee1ad65a15432a6f65c22cd4ca095193243cb8b,,
ref-0339,art-references/official-gamefound/update-35/010-the-pledge-manager-is-closing-in-less-than-24.jpg,official-gamefound,https://gamefound.com/en/projects/awaken-realms/nemesis-retaliation/updates/35,https://imgcdn.gamefound.com/richtextimage/richtext/309bd790-4bef-4ab7-bff9-1668424b38d3.png,Update 35: The Pledge Manager IS CLOSING in less than 24 HOURS! / Playmat & Rulebooks showcase and more! — image 10,Awaken Realms,Copyright Awaken Realms; reference only; no reuse license identified,components;gamefound;late-development;map;official;playmat;rulebooks,downloaded,538,847,84496,947d98ebfcec1545ceb45c531095b939c48499ebb6c4bea7b64daa752e6e4868,,
ref-0340,art-references/official-gamefound/update-35/011-the-pledge-manager-is-closing-in-less-than-24.jpg,official-gamefound,https://gamefound.com/en/projects/awaken-realms/nemesis-retaliation/updates/35,https://imgcdn.gamefound.com/richtextimage/richtext/b6eeb4ca-e456-4e4f-ae3b-cb444dfb8236.png,Update 35: The Pledge Manager IS CLOSING in less than 24 HOURS! / Playmat & Rulebooks showcase and more! — image 11,Awaken Realms,Copyright Awaken Realms; reference only; no reuse license identified,components;gamefound;late-development;map;official;playmat;rulebooks,downloaded,554,856,97590,f6810b4a7705cc27d6e7b4a8db793806585b4471fd5de7b66a328ce1ff6e2c1a,,
ref-0341,art-references/official-gamefound/update-35/012-the-pledge-manager-is-closing-in-less-than-24.jpg,official-gamefound,https://gamefound.com/en/projects/awaken-realms/nemesis-retaliation/updates/35,https://imgcdn.gamefound.com/richtextimage/richtext/302214ca-81c5-44b2-b432-45ec394ef127.png,Update 35: The Pledge Manager IS CLOSING in less than 24 HOURS! / Playmat & Rulebooks showcase and more! — image 12,Awaken Realms,Copyright Awaken Realms; reference only; no reuse license identified,components;gamefound;late-development;map;official;playmat;rulebooks,downloaded,633,853,125955,16400ef921f957cafeb8e739efcef3cb4bf84082f62424e8c830d164382ff087,,
ref-0342,art-references/official-gamefound/update-35/013-the-pledge-manager-is-closing-in-less-than-24.jpg,official-gamefound,https://gamefound.com/en/projects/awaken-realms/nemesis-retaliation/updates/35,https://imgcdn.gamefound.com/richtextimage/richtext/dcc82c01-9807-4e1c-b28f-41a1fc7e5585.png,Update 35: The Pledge Manager IS CLOSING in less than 24 HOURS! / Playmat & Rulebooks showcase and more! — image 13,Awaken Realms,Copyright Awaken Realms; reference only; no reuse license identified,components;gamefound;late-development;map;official;playmat;rulebooks,downloaded,554,853,87753,627b44754d706d42344091df7428c1c65806fa90b0256b6e645ff3efe376085e,,
ref-0343,art-references/official-gamefound/update-35/014-the-pledge-manager-is-closing-in-less-than-24.jpg,official-gamefound,https://gamefound.com/en/projects/awaken-realms/nemesis-retaliation/updates/35,https://imgcdn.gamefound.com/projectupdate/projects/2750/050cd5a2-0d83-4414-8be3-b84a2487312e.jpg,Update 35: The Pledge Manager IS CLOSING in less than 24 HOURS! / Playmat & Rulebooks showcase and more! — image 14,Awaken Realms,Copyright Awaken Realms; reference only; no reuse license identified,components;gamefound;late-development;map;official;playmat;rulebooks,downloaded,800,800,158792,9fa802c96528bf95b48902fb7d1dc2182951cb7bc29731115b9587b0c0c572b8,,
ref-0344,art-references/official-gamefound/update-36/001-us-tariffs-nemesis-retaliation-production-new.jpg,official-gamefound,https://gamefound.com/en/projects/awaken-realms/nemesis-retaliation/updates/36,https://imgcdn.gamefound.com/richtextimage/richtext/ee0bd7dc-7580-4dfe-bce3-ece56d9c78aa.jpg,Update 36: US Tariffs / Nemesis Retaliation Production news / LANG versions update — image 1,Awaken Realms,Copyright Awaken Realms; reference only; no reuse license identified,cards;final-components;gamefound;models;official;production;tokens,downloaded,2048,1724,582128,aac884bc8a328aa60f9232e52f84da7d147b3cda8414d449ebd734a3834bc785,,
ref-0345,art-references/official-gamefound/update-36/002-us-tariffs-nemesis-retaliation-production-new.jpg,official-gamefound,https://gamefound.com/en/projects/awaken-realms/nemesis-retaliation/updates/36,https://imgcdn.gamefound.com/richtextimage/richtext/2536ce29-32f6-4664-b817-5af27d636916.jpg,Update 36: US Tariffs / Nemesis Retaliation Production news / LANG versions update — image 2,Awaken Realms,Copyright Awaken Realms; reference only; no reuse license identified,cards;final-components;gamefound;models;official;production;tokens,downloaded,2048,1365,373509,5c7b32ad7ba1ab4eb185f143b1d0b8d35dec7686eaae05d77414f165b59504d6,,
ref-0346,art-references/official-gamefound/update-36/003-us-tariffs-nemesis-retaliation-production-new.jpg,official-gamefound,https://gamefound.com/en/projects/awaken-realms/nemesis-retaliation/updates/36,https://imgcdn.gamefound.com/richtextimage/richtext/3c15f503-7fa7-4934-bc01-b76de8312902.jpg,Update 36: US Tariffs / Nemesis Retaliation Production news / LANG versions update — image 3,Awaken Realms,Copyright Awaken Realms; reference only; no reuse license identified,cards;final-components;gamefound;models;official;production;tokens,downloaded,2048,1186,530093,541ad51a1d4d3701372e030b2055f689464192d95e76c5c472d716fa88d73e2f,,
ref-0347,art-references/official-gamefound/update-36/004-us-tariffs-nemesis-retaliation-production-new.jpg,official-gamefound,https://gamefound.com/en/projects/awaken-realms/nemesis-retaliation/updates/36,https://imgcdn.gamefound.com/richtextimage/richtext/193113f6-d28a-4fa6-8364-f5aa4533f7d2.jpg,Update 36: US Tariffs / Nemesis Retaliation Production news / LANG versions update — image 4,Awaken Realms,Copyright Awaken Realms; reference only; no reuse license identified,cards;final-components;gamefound;models;official;production;tokens,downloaded,1120,1494,104180,700f9d8e3113a7239004a32637d3a0c6c3820e6333072771464a65e82ce0a1bd,,
ref-0348,art-references/official-gamefound/update-36/005-us-tariffs-nemesis-retaliation-production-new.jpg,official-gamefound,https://gamefound.com/en/projects/awaken-realms/nemesis-retaliation/updates/36,https://imgcdn.gamefound.com/richtextimage/richtext/0ce80db2-9a94-4f5b-91f5-4f3d07f78e03.jpg,Update 36: US Tariffs / Nemesis Retaliation Production news / LANG versions update — image 5,Awaken Realms,Copyright Awaken Realms; reference only; no reuse license identified,cards;final-components;gamefound;models;official;production;tokens,downloaded,1706,1279,418254,41f6c217c09f0b9f1b6d770699dc36f997bd98feb4ed1cbf65bb6cde51ff6388,,
ref-0349,art-references/official-gamefound/update-36/006-us-tariffs-nemesis-retaliation-production-new.jpg,official-gamefound,https://gamefound.com/en/projects/awaken-realms/nemesis-retaliation/updates/36,https://imgcdn.gamefound.com/richtextimage/richtext/883df550-8483-4dc5-93ef-c4c7606dd96e.png,Update 36: US Tariffs / Nemesis Retaliation Production news / LANG versions update — image 6,Awaken Realms,Copyright Awaken Realms; reference only; no reuse license identified,cards;final-components;gamefound;models;official;production;tokens,downloaded,720,540,155962,a6574b7fe5123a6fd24d7438aaf057efb282aeb998b38418441657698bee520b,,
ref-0350,art-references/official-gamefound/update-36/007-us-tariffs-nemesis-retaliation-production-new.jpg,official-gamefound,https://gamefound.com/en/projects/awaken-realms/nemesis-retaliation/updates/36,https://imgcdn.gamefound.com/richtextimage/richtext/96b10e0c-59c5-4a5d-b856-39494c72b523.png,Update 36: US Tariffs / Nemesis Retaliation Production news / LANG versions update — image 7,Awaken Realms,Copyright Awaken Realms; reference only; no reuse license identified,cards;final-components;gamefound;models;official;production;tokens,downloaded,720,540,131854,aa3b3647e925916f264296d931ae5dbc95563b7f8d100c04bcc620195c1bdef0,,
ref-0351,art-references/official-gamefound/update-36/008-us-tariffs-nemesis-retaliation-production-new.jpg,official-gamefound,https://gamefound.com/en/projects/awaken-realms/nemesis-retaliation/updates/36,https://imgcdn.gamefound.com/richtextimage/richtext/67a0a410-c8d6-49fd-b5e1-70d04971e4fd.png,Update 36: US Tariffs / Nemesis Retaliation Production news / LANG versions update — image 8,Awaken Realms,Copyright Awaken Realms; reference only; no reuse license identified,cards;final-components;gamefound;models;official;production;tokens,downloaded,720,540,126671,c21fe955ff56f61c85032cd02dd46cce67bdbd8722fa67f57eec45eed911939e,,
ref-0352,art-references/official-gamefound/update-36/009-us-tariffs-nemesis-retaliation-production-new.jpg,official-gamefound,https://gamefound.com/en/projects/awaken-realms/nemesis-retaliation/updates/36,https://imgcdn.gamefound.com/richtextimage/richtext/161b5740-d33e-4509-99bb-d14fbe7eeac1.jpg,Update 36: US Tariffs / Nemesis Retaliation Production news / LANG versions update — image 9,Awaken Realms,Copyright Awaken Realms; reference only; no reuse license identified,cards;final-components;gamefound;models;official;production;tokens,downloaded,1280,1707,331033,4fcb5f453bf430515a670dfd1249dc3487bef139c87c105d16029029b45a1dcf,,
ref-0353,art-references/official-gamefound/update-36/010-us-tariffs-nemesis-retaliation-production-new.jpg,official-gamefound,https://gamefound.com/en/projects/awaken-realms/nemesis-retaliation/updates/36,https://imgcdn.gamefound.com/richtextimage/richtext/3e23a6b7-f081-43ec-966c-e730d4bf6dfe.jpg,Update 36: US Tariffs / Nemesis Retaliation Production news / LANG versions update — image 10,Awaken Realms,Copyright Awaken Realms; reference only; no reuse license identified,cards;final-components;gamefound;models;official;production;tokens,downloaded,3000,2250,1461976,86530cebcac9b8a9b549ba05fccb64a9a4089ff26f4f98fdc7a4014bcf2a57fd,,
ref-0354,art-references/official-gamefound/update-36/011-us-tariffs-nemesis-retaliation-production-new.jpg,official-gamefound,https://gamefound.com/en/projects/awaken-realms/nemesis-retaliation/updates/36,https://imgcdn.gamefound.com/richtextimage/richtext/ac5dddd4-2590-45d5-81bb-f8bdb7e33bb0.jpg,Update 36: US Tariffs / Nemesis Retaliation Production news / LANG versions update — image 11,Awaken Realms,Copyright Awaken Realms; reference only; no reuse license identified,cards;final-components;gamefound;models;official;production;tokens,downloaded,3000,2250,1304681,a345f7d8c6f609b8e97470173e29182d39cb490f70a72c2e35640cbfb7c36aef,,
ref-0355,art-references/official-gamefound/update-36/012-us-tariffs-nemesis-retaliation-production-new.jpg,official-gamefound,https://gamefound.com/en/projects/awaken-realms/nemesis-retaliation/updates/36,https://imgcdn.gamefound.com/richtextimage/richtext/6691fa0b-d0b5-4294-8898-25ff67ad15d1.jpg,Update 36: US Tariffs / Nemesis Retaliation Production news / LANG versions update — image 12,Awaken Realms,Copyright Awaken Realms; reference only; no reuse license identified,cards;final-components;gamefound;models;official;production;tokens,downloaded,3000,2250,1317123,8e79e7dc7470e2d298c7fbb17edb9e9dbe729dc0789f7a803e84cbcbf67b573c,,
ref-0356,art-references/official-gamefound/update-36/013-us-tariffs-nemesis-retaliation-production-new.jpg,official-gamefound,https://gamefound.com/en/projects/awaken-realms/nemesis-retaliation/updates/36,https://imgcdn.gamefound.com/richtextimage/richtext/7b9b923d-6c8d-47be-83cc-0c6157a2c97c.jpg,Update 36: US Tariffs / Nemesis Retaliation Production news / LANG versions update — image 13,Awaken Realms,Copyright Awaken Realms; reference only; no reuse license identified,cards;final-components;gamefound;models;official;production;tokens,downloaded,3000,2250,1306592,5670b1c6fa21e9b313cc61bb46d9599b24143e3c9403a7a64648633beffd8684,,
ref-0357,art-references/official-gamefound/update-36/014-us-tariffs-nemesis-retaliation-production-new.jpg,official-gamefound,https://gamefound.com/en/projects/awaken-realms/nemesis-retaliation/updates/36,https://imgcdn.gamefound.com/projectupdate/projects/2750/5c472a1e-9ed4-4fe8-aad2-9e9f28a26742.jpg,Update 36: US Tariffs / Nemesis Retaliation Production news / LANG versions update — image 14,Awaken Realms,Copyright Awaken Realms; reference only; no reuse license identified,cards;final-components;gamefound;models;official;production;tokens,downloaded,800,800,96844,e40cf0001f5f64c95fc0d1b94f62ba95dfdd913dac4eed0a5530b65b7bdf04a0,,
ref-0358,art-references/official-publisher/001-nemesis-retaliation-game-logo.jpg,official-publisher,https://awakenrealms.com/games/awaken-realms/nemesis-retaliation,https://awakenrealms.com/assets/logo-ClUnjQD1.webp,Nemesis: Retaliation game logo,Awaken Realms,Copyright Awaken Realms; reference only; no reuse license identified,branding;logo;official;publisher,downloaded,600,320,15658,f03bdfa974fa7d7aec4c15889bac0d3df1a95060c3916b688f2ce1fd69fcadf3,,
ref-0359,art-references/official-publisher/002-publisher-gallery-slide-1.jpg,official-publisher,https://awakenrealms.com/games/awaken-realms/nemesis-retaliation,https://awakenrealms.com/assets/2-B21_Fy1T.webp,Publisher gallery slide 1,Awaken Realms,Copyright Awaken Realms; reference only; no reuse license identified,gallery;key-art;official;publisher,downloaded,725,500,91307,b41c850b5a2ed795cc92ced19a652cff0d2b204363a756f85bfa130dc98b79eb,,
ref-0360,art-references/official-publisher/003-publisher-gallery-slide-2.jpg,official-publisher,https://awakenrealms.com/games/awaken-realms/nemesis-retaliation,https://awakenrealms.com/assets/3-BPPCNwzS.webp,Publisher gallery slide 2,Awaken Realms,Copyright Awaken Realms; reference only; no reuse license identified,gallery;key-art;official;publisher,downloaded,725,500,53819,bf10c2b70e12511b9e1896d09d42f9f1b527f60681a59f000ea3d393a707b0e2,,
ref-0361,art-references/official-publisher/004-publisher-gallery-slide-3.jpg,official-publisher,https://awakenrealms.com/games/awaken-realms/nemesis-retaliation,https://awakenrealms.com/assets/4-C5JF04b7.webp,Publisher gallery slide 3,Awaken Realms,Copyright Awaken Realms; reference only; no reuse license identified,gallery;key-art;official;publisher,downloaded,725,500,44943,339e548392c6638e672edff01299a5ac8d3aad8946ea92c38c4442e79fadf3e2,,
ref-0362,art-references/official-publisher/005-publisher-gallery-slide-4.jpg,official-publisher,https://awakenrealms.com/games/awaken-realms/nemesis-retaliation,https://awakenrealms.com/assets/5-D75SHmdN.webp,Publisher gallery slide 4,Awaken Realms,Copyright Awaken Realms; reference only; no reuse license identified,gallery;key-art;official;publisher,downloaded,725,500,56495,951b1faffa1b4c3d5baaa335e3c940cf966364373804ca575813404e25492265,,
ref-0363,art-references/official-publisher/006-publisher-gallery-slide-5.jpg,official-publisher,https://awakenrealms.com/games/awaken-realms/nemesis-retaliation,https://awakenrealms.com/assets/6-qvxruiZ4.webp,Publisher gallery slide 5,Awaken Realms,Copyright Awaken Realms; reference only; no reuse license identified,gallery;key-art;official;publisher,downloaded,725,500,47387,fd7965310338569009c09f15b6ff2da4edaf4c26c74c8c051db5543800464c3d,,
ref-0364,art-references/community-bgg/9545072-doors-painted.jpg,community-bgg,https://boardgamegeek.com/image/9545072/nemesis-retaliation,https://cf.geekdo-images.com/JzTW3hYy-7zGe-jcYWpniA__large/img/cVu6QigmsCPBuDuRSHrmhceOs-I=/fit-in/1024x1024/filters:no_upscale():strip_icc()/pic9545072.jpg,Doors Painted,mariobgamer,Assume all rights reserved; reference only; verify on image page,bgg;community;doors;final-state-reference;models;paint-reference;photo;terrain,downloaded,1024,768,206803,01cbbbdc11cb78b30f3c0615e2b4b3b283f091c9efb4d9b6b03019e70967cc1c,,BGG recommendations at collection: 46
ref-0365,art-references/community-bgg/9540138-primeblood-queen-drone-adult-larva-eggs.jpg,community-bgg,https://boardgamegeek.com/image/9540138/nemesis-retaliation,https://cf.geekdo-images.com/xL6Y9GqTKRpu1at54SBouA__large/img/Gbyljl_tK3a4gZYaNVJkY_N380U=/fit-in/1024x1024/filters:no_upscale():strip_icc()/pic9540138.jpg,"Primeblood Queen, Drone, Adult, Larva, Eggs",gintoki_sakata,Assume all rights reserved; reference only; verify on image page,bgg;community;final-state-reference;intruders;photo;primeblood-queen;terrain,downloaded,1024,1024,130902,224f2b2f5f6c7e0ffc5165323f5e9aa3da0430ccc7e23c9e2309016a801d7d5a,,BGG recommendations at collection: 14
ref-0366,art-references/community-bgg/9186104-primeblood-tokens-in-plated-steel.jpg,community-bgg,https://boardgamegeek.com/image/9186104/nemesis-retaliation,https://cf.geekdo-images.com/CaYCGgMi4BjPOBtvEYGsRw__large/img/n1paqa0S5CEoSEV8h-Ce34bqr_4=/fit-in/1024x1024/filters:no_upscale():strip_icc()/pic9186104.jpg,Primeblood Tokens in Plated Steel,MathurinKerbouchard,Assume all rights reserved; reference only; verify on image page,bgg;community;final-state-reference;intruders;photo;tokens,downloaded,1024,771,157607,6b10903c546db513673d9c68a087a18fa05b3df4fc6dc437f97c81258b322097,,BGG recommendations at collection: 12
ref-0367,art-references/community-bgg/9582571-doors.jpg,community-bgg,https://boardgamegeek.com/image/9582571/nemesis-retaliation,https://cf.geekdo-images.com/OMHjEiyNMoz0vxU-zsbqWg__large/img/CVI99llx0rtKwyROf58LTAzoif8=/fit-in/1024x1024/filters:no_upscale():strip_icc()/pic9582571.jpg,Doors,gintoki_sakata,Assume all rights reserved; reference only; verify on image page,bgg;community;doors;final-state-reference;photo;terrain,downloaded,1024,987,145365,d77449684c64a2fd7c852396865af0983fffe685091138967eefadc2395dfa1a,,BGG recommendations at collection: 11
ref-0368,art-references/community-bgg/9426934-custom-3d-printed-lander-token.jpg,community-bgg,https://boardgamegeek.com/image/9426934/nemesis-retaliation,https://cf.geekdo-images.com/YjhfkGAn2fnr5oOIah8dow__large/img/oI3wNaESiM6luaFw9vUruz4HKmw=/fit-in/1024x1024/filters:no_upscale():strip_icc()/pic9426934.jpg,Custom 3d-printed Lander token,MrBluedive,Assume all rights reserved; reference only; verify on image page,bgg;community;final-state-reference;photo;tokens,downloaded,1024,682,121276,e26acfa19829dc989582a0227945181fce19f4a94e4db8171ac42e8ee7734433,,BGG recommendations at collection: 9
ref-0369,art-references/community-bgg/9148021-base-game-characters.jpg,community-bgg,https://boardgamegeek.com/image/9148021/nemesis-retaliation,https://cf.geekdo-images.com/twNqEPE78RjLoOroqvC2IA__large/img/Zg5qfScVRGnjPp-96n-WIC3r1_c=/fit-in/1024x1024/filters:no_upscale():strip_icc()/pic9148021.jpg,Base game characters,AlexanderKawczynski,Assume all rights reserved; reference only; verify on image page,bgg;character;community;final-state-reference;photo,downloaded,1024,581,139672,2490d311eb26b95540785aa6ab75e0edcb7128100c701ec8a3599dd972ed4a38,,BGG recommendations at collection: 9
ref-0370,art-references/community-bgg/9098676-core-box-characters.jpg,community-bgg,https://boardgamegeek.com/image/9098676/nemesis-retaliation,https://cf.geekdo-images.com/55N7k1AC3oQmwf2_z1o8PQ__large/img/5cSxhnjuEOooeNgEa8pH5SCnNnU=/fit-in/1024x1024/filters:no_upscale():strip_icc()/pic9098676.jpg,Core box characters,Renmaster10,Assume all rights reserved; reference only; verify on image page,bgg;character;community;final-state-reference;photo,downloaded,1024,768,163699,6c4cbc41ad64d72a56ecd72ab4b12258bb012061f4d93e3f121f30b32cc661db,,BGG recommendations at collection: 8
ref-0371,art-references/community-bgg/9014152-characters-sundrop.jpg,community-bgg,https://boardgamegeek.com/image/9014152/nemesis-retaliation,https://cf.geekdo-images.com/5M0M4WCO7EvkzQOVcu9VjQ__large/img/ITusllpBk-Vq0qL4QGQBC0-vyHM=/fit-in/1024x1024/filters:no_upscale():strip_icc()/pic9014152.jpg,Characters - Sundrop,PlayedItOnce,Assume all rights reserved; reference only; verify on image page,bgg;character;community;final-state-reference;models;paint-reference;photo,downloaded,1024,683,141256,68895d26f273d8a82a62bd5c1b6da03521605a486fb1f5ceed2c3b8c3e453ab3,,BGG recommendations at collection: 8
ref-0372,art-references/community-bgg/9630465-core-box-intruders.jpg,community-bgg,https://boardgamegeek.com/image/9630465/nemesis-retaliation,https://cf.geekdo-images.com/WxaCcZx5mscvDnz8TObFFA__large/img/a2TP97F2d6OyO69wdXjhod0AyLs=/fit-in/1024x1024/filters:no_upscale():strip_icc()/pic9630465.jpg,Core box intruders,gustafGustaf,Assume all rights reserved; reference only; verify on image page,bgg;community;final-state-reference;intruders;photo,downloaded,1024,576,100659,9e33a83f936bde6ee00118a7d82ad3396aaafc9d7e7adbcb3ce860d929adf7f5,,BGG recommendations at collection: 7
ref-0373,art-references/community-bgg/9465470-first-game-5-player-setup.jpg,community-bgg,https://boardgamegeek.com/image/9465470/nemesis-retaliation,https://cf.geekdo-images.com/8YKi1YFH6uTbaGIUEnGb1w__large/img/kVfhcyysylTDQKhf0ZmIhHKXoIY=/fit-in/1024x1024/filters:no_upscale():strip_icc()/pic9465470.jpg,First game. 5 player setup,Futbolero,Assume all rights reserved; reference only; verify on image page,bgg;community;final-state-reference;map;photo,downloaded,1024,473,128922,fb161aa53d63c75871b89fea9a5479d02a27e8471a39a98440173a4340ddde8a,,BGG recommendations at collection: 5
ref-0374,art-references/community-bgg/9286574-retaliation-terrain-painted.jpg,community-bgg,https://boardgamegeek.com/image/9286574/nemesis-retaliation,https://cf.geekdo-images.com/8ZFlRzrIYvw6yfxyLUgQ_g__large/img/uJfZr14Jh_-wwtoW2_aHpE9aLU8=/fit-in/1024x1024/filters:no_upscale():strip_icc()/pic9286574.jpg,Retaliation terrain painted ,obiwancoleman,Assume all rights reserved; reference only; verify on image page,bgg;community;final-state-reference;models;paint-reference;photo;terrain,downloaded,1024,768,116171,e5aafde6208d3e54aac38c371f28cedd27ecb36e9f1eb421500c5efe7ab8cd62,,BGG recommendations at collection: 5
ref-0375,art-references/community-bgg/9022839-solo-two-handed-setup-took-a-long-time-first-game.jpg,community-bgg,https://boardgamegeek.com/image/9022839/nemesis-retaliation,https://cf.geekdo-images.com/GDVm9p_MHpdDhLx3KkXisA__large/img/BYxuDATkhG5SuhC8FEtt9GtQUTE=/fit-in/1024x1024/filters:no_upscale():strip_icc()/pic9022839.jpg,Solo two-handed setup took a long time first game,TwoDeeSix,Assume all rights reserved; reference only; verify on image page,bgg;community;final-state-reference;map;photo,downloaded,1024,577,165401,237f252d3ca3fc8052a6cd8840dc98779221e3349732a3838c5a237bb9a718ee,,BGG recommendations at collection: 5
ref-0376,art-references/community-bgg/9493337-nemesis-retailiation-premium-components-with-painted-eggs.jpg,community-bgg,https://boardgamegeek.com/image/9493337/nemesis-retaliation,https://cf.geekdo-images.com/EX4jcSCWbz7bV5JAvZ09CQ__large/img/Ci5IDDTxAGE7pOoKUadrmTDE-Ms=/fit-in/1024x1024/filters:no_upscale():strip_icc()/pic9493337.jpg,Nemesis: Retailiation premium components with painted eggs,josh_tta,Assume all rights reserved; reference only; verify on image page,bgg;community;final-components;final-state-reference;models;paint-reference;photo;terrain,downloaded,819,1024,160128,19c6040b77098e80a32fb84604eaa3b4c3e63b75afa5b9c41a68060e56dd5d24,,BGG recommendations at collection: 3
ref-0377,art-references/community-bgg/9408088-ukrainian-edition-2026-geekach-game-setup.jpg,community-bgg,https://boardgamegeek.com/image/9408088/nemesis-retaliation,https://cf.geekdo-images.com/14G2DUd_jw5ebb2vY9ZbJw__large/img/97ACMI6R0PkyB5YfXIq2wzrgkmU=/fit-in/1024x1024/filters:no_upscale():strip_icc()/pic9408088.png,"Ukrainian edition, 2026 Geekach, Game setup",punk_rock,Assume all rights reserved; reference only; verify on image page,bgg;community;final-state-reference;map;photo,downloaded,1024,576,65953,0260052c6dd8f85279536976c95c1b12c3a15345b298f9ac99f126b4bfeba651,,BGG recommendations at collection: 2
ref-0378,art-references/community-bgg/9408084-ukrainian-edition-2026-geekach-item-and-equipment-cards.jpg,community-bgg,https://boardgamegeek.com/image/9408084/nemesis-retaliation,https://cf.geekdo-images.com/DlxfsXcjIknpwYU6XdfXrA__large/img/QjdqkPPruYQ_h1VVoEHpUmqcJdY=/fit-in/1024x1024/filters:no_upscale():strip_icc()/pic9408084.png,"Ukrainian edition, 2026 Geekach, Item and Equipment cards",punk_rock,Assume all rights reserved; reference only; verify on image page,bgg;cards;community;final-state-reference;items;photo,downloaded,1024,498,109619,1c43d6a02268131982a512a5043c070e85caa04115d0737524a524676ecf7e80,,BGG recommendations at collection: 3
ref-0379,art-references/community-bgg/9408085-ukrainian-edition-2026-geekach-objective-and-mission-cards.jpg,community-bgg,https://boardgamegeek.com/image/9408085/nemesis-retaliation,https://cf.geekdo-images.com/cJoUqzFzVcylgOqEo1MW-w__large/img/1OO36MGSxehv9o0Qde6f_bngIMo=/fit-in/1024x1024/filters:no_upscale():strip_icc()/pic9408085.png,"Ukrainian edition, 2026 Geekach, Objective and mission cards",punk_rock,Assume all rights reserved; reference only; verify on image page,bgg;cards;community;final-state-reference;objectives;photo,downloaded,1024,423,101377,359bf12d398254387c57a48e46b1e5f4bafebbba42571df486e6b0c8bcb764eb,,BGG recommendations at collection: 2
ref-0380,art-references/community-bgg/9408082-ukrainian-edition-2026-geekach-exploration-event-and-intrude.jpg,community-bgg,https://boardgamegeek.com/image/9408082/nemesis-retaliation,https://cf.geekdo-images.com/jJkAEUhEi6i6gDCGgmrE5w__large/img/ZQZiGQKxfScLEExKQQs82FRaCQM=/fit-in/1024x1024/filters:no_upscale():strip_icc()/pic9408082.png,"Ukrainian edition, 2026 Geekach, Exploration, Event and Intruder cards",punk_rock,Assume all rights reserved; reference only; verify on image page,bgg;cards;community;final-state-reference;intruders;photo,downloaded,1024,963,211078,fbb9eaa70341394554d72700fd46693c2d804f97e5a18ae9ddf86c4c469e493a,,BGG recommendations at collection: 2
ref-0381,art-references/community-bgg/9408081-ukrainian-edition-2026-geekach-action-cards.jpg,community-bgg,https://boardgamegeek.com/image/9408081/nemesis-retaliation,https://cf.geekdo-images.com/4cr5406sbjY3FzNo2tfjRg__large/img/dNvSET7mLvcgsPuL9mAsQDohYlg=/fit-in/1024x1024/filters:no_upscale():strip_icc()/pic9408081.png,"Ukrainian edition, 2026 Geekach, Action cards",punk_rock,Assume all rights reserved; reference only; verify on image page,action-cards;bgg;cards;community;final-state-reference;photo,downloaded,1024,383,91241,c61049431c68b295f46631fa178b343ad637e8d037a471691a033f44b18827ce,,BGG recommendations at collection: 2
ref-0382,art-references/community-bgg/9138817-base-game-and-stretch-goal-character-tiles.jpg,community-bgg,https://boardgamegeek.com/image/9138817/nemesis-retaliation,https://cf.geekdo-images.com/9eyIz0jcuAti7ajW7dxZqg__large/img/uSheHP20n1QMyZAmKlkf7HZl-QE=/fit-in/1024x1024/filters:no_upscale():strip_icc()/pic9138817.jpg,Base game and stretch goal character tiles,avarell,Assume all rights reserved; reference only; verify on image page,bgg;character;community;final-state-reference;photo,downloaded,1024,768,214465,60951db64fda9ea28b7d33311eefe7a028a030599291dbe0f3356be194bced95,,BGG recommendations at collection: 2
ref-0383,art-references/community-bgg/9019395-full-acrylic-token-set.jpg,community-bgg,https://boardgamegeek.com/image/9019395/nemesis-retaliation,https://cf.geekdo-images.com/9L9LjGqn2BlIrtY7O8VWJg__large/img/RozdTmKlwu2IEcvHe2_YWcPdt8I=/fit-in/1024x1024/filters:no_upscale():strip_icc()/pic9019395.jpg,Full acrylic token set,TwoDeeSix,Assume all rights reserved; reference only; verify on image page,bgg;community;final-state-reference;photo;tokens,downloaded,1024,675,141240,2163b1c775ce5f43a5cfbdfd2189f414aa72f534d9f7c1abe794fb6538abe42c,,BGG recommendations at collection: 2
ref-0384,art-references/community-bgg/9017227-card-packs-english-core-game.jpg,community-bgg,https://boardgamegeek.com/image/9017227/nemesis-retaliation,https://cf.geekdo-images.com/VQpmGZiEQtYg2U8k4R-H2A__large/img/fgn1UpNfJHQIVWtdtR3mPqgEBmI=/fit-in/1024x1024/filters:no_upscale():strip_icc()/pic9017227.jpg,Card packs English core game,TwoDeeSix,Assume all rights reserved; reference only; verify on image page,bgg;cards;community;final-state-reference;photo,downloaded,1024,643,119176,b75962f4c841de335ba98bbf60548e149ae7a8a8cd86eda7579478e1ad637fe6,,BGG recommendations at collection: 2
ref-0385,art-references/community-bgg/9019413-item-cards.jpg,community-bgg,https://boardgamegeek.com/image/9019413/nemesis-retaliation,https://cf.geekdo-images.com/MD7AblioWWxpFVSjGNeTNg__large/img/SLzTuNrfH1aVCplqgeOkLvH2H1c=/fit-in/1024x1024/filters:no_upscale():strip_icc()/pic9019413.jpg,Item cards,TwoDeeSix,Assume all rights reserved; reference only; verify on image page,bgg;cards;community;final-state-reference;item-cards;items;photo,downloaded,1024,577,99868,9accc26ea4bc425449f5d0e5f413e09c6e27eba3757ca95765db086360e0cbc0,,BGG recommendations at collection: 1
ref-0386,art-references/community-bgg/9017222-dashboards.jpg,community-bgg,https://boardgamegeek.com/image/9017222/nemesis-retaliation,https://cf.geekdo-images.com/FX51VV7kqz9CxPrgp5BqjQ__large/img/VJq7WHK0h_sacHn2HOp32FoqvgE=/fit-in/1024x1024/filters:no_upscale():strip_icc()/pic9017222.jpg,Dashboards,TwoDeeSix,Assume all rights reserved; reference only; verify on image page,bgg;community;dashboard;final-state-reference;map;photo,downloaded,1024,556,137336,ff8be441f11326f22f160ebcf5ba29da55f275a47a6bf1859c211abb48612c66,,BGG recommendations at collection: 1
ref-0387,art-references/community-bgg/9259307-character-dashboard.jpg,community-bgg,https://boardgamegeek.com/image/9259307/nemesis-retaliation,https://cf.geekdo-images.com/KuWTJZmuiHekZpqnkb70OQ__large/img/xTT5tG4SMNK1lmTqcxDdZ50OugE=/fit-in/1024x1024/filters:no_upscale():strip_icc()/pic9259307.jpg,Character Dashboard,bbosveld,Assume all rights reserved; reference only; verify on image page,bgg;character;community;dashboard;final-state-reference;map;photo,downloaded,1024,768,144951,3b0eb55a947d8be9b776655e2373a9958b8067808a7e0c7d565574e9cb166f51,,BGG recommendations at collection: 0
ref-0388,art-references/community-bgg/9336244-still-looking-for-that-last-needed-room.jpg,community-bgg,https://boardgamegeek.com/image/9336244/nemesis-retaliation,https://cf.geekdo-images.com/8Nao7X41he5CR-zQMuu5Kw__large/img/yuNrFLxw2DKpHehEP1fAefVwlCQ=/fit-in/1024x1024/filters:no_upscale():strip_icc()/pic9336244.jpg,Still looking for that last needed room,Asmoridin,Assume all rights reserved; reference only; verify on image page,bgg;community;final-state-reference;map;photo;rooms,downloaded,1024,768,240308,87ac5a69d1d5a91d3c9a90727a34c2616f75f84f2e79b8990cd6d9f6a52d846b,,BGG recommendations at collection: 1
ref-0389,art-references/community-bgg/9445137-corridors-of-death-1.jpg,community-bgg,https://boardgamegeek.com/image/9445137/nemesis-retaliation,https://cf.geekdo-images.com/EQVVcmQDIgsqUzar5WHRrw__large/img/9AwRxO-bZMTKr8JlaLtr35JftyQ=/fit-in/1024x1024/filters:no_upscale():strip_icc()/pic9445137.jpg,corridors of death 1,TheDiceTreasures,Assume all rights reserved; reference only; verify on image page,bgg;community;corridors;final-state-reference;map;photo,downloaded,1024,576,129980,fd2e239699dd05e9b0e23e79086a1c5f5a6b1aec985e16536ba1e8d4ef22268e,,BGG recommendations at collection: 2
ref-0390,art-references/community-bgg/9017455-terrain-pack-unboxed.jpg,community-bgg,https://boardgamegeek.com/image/9017455/nemesis-retaliation,https://cf.geekdo-images.com/yGJUX8pO-Q4d4iE29PWSuA__large/img/gJFjzwtseARAnKOsRUyDGb73m_0=/fit-in/1024x1024/filters:no_upscale():strip_icc()/pic9017455.jpg,Terrain Pack unboxed,TwoDeeSix,Assume all rights reserved; reference only; verify on image page,bgg;community;final-components;final-state-reference;photo;terrain,downloaded,1024,531,125731,eb656b3eb9223fe6ce69c11b4b1380d682fd9498a0acb6a91dfaf753859d5ce4,,BGG recommendations at collection: 4
ref-0391,art-references/community-bgg/9021032-3d-doors-all-functional.jpg,community-bgg,https://boardgamegeek.com/image/9021032/nemesis-retaliation,https://cf.geekdo-images.com/d9BpC4jfPza_3IfPuHjXmQ__large/img/JvR7VI4QJamXe8I7n0xHWhNU7VI=/fit-in/1024x1024/filters:no_upscale():strip_icc()/pic9021032.jpg,3D doors - all functional,TwoDeeSix,Assume all rights reserved; reference only; verify on image page,bgg;community;doors;final-state-reference;photo;terrain,downloaded,1024,577,121738,432d0909fc86184abc32694992671efdeced6a4db0c62afe98465e23a49d6a85,,BGG recommendations at collection: 1
ref-0392,art-references/community-bgg/9120138-large-cards.jpg,community-bgg,https://boardgamegeek.com/image/9120138/nemesis-retaliation,https://cf.geekdo-images.com/ttjXEjAftAhIkzSD7rym8Q__large/img/AHhHyxIxuaEZQu6teIZ_QYqUqQ8=/fit-in/1024x1024/filters:no_upscale():strip_icc()/pic9120138.jpg,Large cards,Gargazsul,Assume all rights reserved; reference only; verify on image page,bgg;cards;community;final-state-reference;photo,downloaded,1024,576,134654,a11c3ff14ef11b2a2d8c84123d1dd2be4cfba014eb986007a09c92db04ba2c14,,BGG recommendations at collection: 1
ref-0393,art-references/community-bgg/9072842-game-play-example-2.jpg,community-bgg,https://boardgamegeek.com/image/9072842/nemesis-retaliation,https://cf.geekdo-images.com/W-FS9RtjLc0AvOP24bgawQ__large/img/ZKviNxO7i5As7Q7eM_vtcyn8Jh0=/fit-in/1024x1024/filters:no_upscale():strip_icc()/pic9072842.jpg,Game play example 2,Greyhaim,Assume all rights reserved; reference only; verify on image page,bgg;community;final-state-reference;photo,downloaded,1024,768,203749,05b2454f1c291875ef481d26dc1f46df24ac6b4741acfb165c56c75cff2158b2,,BGG recommendations at collection: 2
ref-0394,art-references/community-bgg/9687878-intruders.jpg,community-bgg,https://boardgamegeek.com/image/9687878/nemesis-retaliation,https://cf.geekdo-images.com/D61K69bOzbtfWKFIukGxOw__large/img/SEkK_MYCdKbDwVwKAqM2js6AiVA=/fit-in/1024x1024/filters:no_upscale():strip_icc()/pic9687878.jpg,Intruders,marcingielewski,Assume all rights reserved; reference only; verify on image page,bgg;community;final-state-reference;intruders;photo,downloaded,1024,768,103252,3765524450349fe2d19c3fc287a479ca3fcb40f7d336002cc19d6159ff0ba131,,BGG recommendations at collection: 5
ref-0395,art-references/community-bgg/9663446-terrain-pack-painted.jpg,community-bgg,https://boardgamegeek.com/image/9663446/nemesis-retaliation,https://cf.geekdo-images.com/sJby4wEs5vArgZlbwSM_5Q__large/img/Zqly_3iVB8x_8Agv9VsPFn8yuvY=/fit-in/1024x1024/filters:no_upscale():strip_icc()/pic9663446.jpg,Terrain pack painted ,obiwancoleman,Assume all rights reserved; reference only; verify on image page,bgg;community;final-state-reference;models;paint-reference;photo;terrain,downloaded,1024,768,127641,f8a3c6926c15c1340eba227f777176d2b5d64bea4f5320c5a93be24dae4e9305,,BGG recommendations at collection: 4
ref-0396,art-references/community-bgg/9663445-retaliation-crew-painted.jpg,community-bgg,https://boardgamegeek.com/image/9663445/nemesis-retaliation,https://cf.geekdo-images.com/nOynLXBwpVFQrQX-S8XM7g__large/img/aQZwCEl5Dzpari66b-j519fWRSE=/fit-in/1024x1024/filters:no_upscale():strip_icc()/pic9663445.jpg,Retaliation crew painted,obiwancoleman,Assume all rights reserved; reference only; verify on image page,bgg;character;community;final-state-reference;models;paint-reference;photo,downloaded,1024,768,117725,546d850f91bc738bce695f158eb8756bedd95fe4d3d75c99a8905e0a7a97024e,,BGG recommendations at collection: 5
ref-0397,art-references/community-bgg/9663444-retaliation-xenos-painted.jpg,community-bgg,https://boardgamegeek.com/image/9663444/nemesis-retaliation,https://cf.geekdo-images.com/oqNUQe_21Ik25hhU8MsSYA__large/img/G6nLWkL7yskYBX2sKkmCEie-ul4=/fit-in/1024x1024/filters:no_upscale():strip_icc()/pic9663444.jpg,Retaliation xenos painted ,obiwancoleman,Assume all rights reserved; reference only; verify on image page,bgg;community;final-state-reference;intruders;models;paint-reference;photo,downloaded,1024,768,129562,fb60a0350fe0f40cf60b591d6624b0b52511e09f9dbf17c037e7ce1d4e8c830b,,BGG recommendations at collection: 3
ref-0398,art-references/community-forums/finished-painting-the-base-nemesis-retaliatio-01.jpg,community-forum,https://www.reddit.com/r/NemesisCrew/comments/1o6k8zu/finished_painting_the_base_nemesis_retaliation,https://preview.redd.it/o4qnbc14t3vf1.jpg?width=108&crop=smart&auto=webp&s=afd1d92ceeeb745ab448c98fbae6bd247f2ca6e1,Finished painting the base Nemesis Retaliation : NemesisCrew — image 1,Reddit contributor (see source page),Assume all rights reserved; reference only; attribution/permission required,base-game;character;color-reference;community;painted-miniatures,downloaded,108,81,3660,054803fe9c465c0771f9976f090c48ae0247ce7cbb13da3507da91b380e401cc,,Public forum image; creator identity remains on source page
ref-0399,art-references/community-forums/finished-painting-the-base-nemesis-retaliatio-02.jpg,community-forum,https://www.reddit.com/r/NemesisCrew/comments/1o6k8zu/finished_painting_the_base_nemesis_retaliation,https://preview.redd.it/0jiikb14t3vf1.jpg?width=108&crop=smart&auto=webp&s=4ec7ad1b73ece5127b41eda916a08839cb088336,Finished painting the base Nemesis Retaliation : NemesisCrew — image 2,Reddit contributor (see source page),Assume all rights reserved; reference only; attribution/permission required,base-game;character;color-reference;community;painted-miniatures,downloaded,108,81,4159,5a8ded69e899923d5ae322d3b535ce2b95078be1bbc7e4009565bbde3164b4a3,,Public forum image; creator identity remains on source page
ref-0400,art-references/community-forums/finished-painting-the-base-nemesis-retaliatio-03.jpg,community-forum,https://www.reddit.com/r/NemesisCrew/comments/1o6k8zu/finished_painting_the_base_nemesis_retaliation,https://preview.redd.it/sz834c14t3vf1.jpg?width=108&crop=smart&auto=webp&s=d37adadbed8587e5de2d81bd3283629732a29905,Finished painting the base Nemesis Retaliation : NemesisCrew — image 3,Reddit contributor (see source page),Assume all rights reserved; reference only; attribution/permission required,base-game;character;color-reference;community;painted-miniatures,downloaded,108,81,4116,f192dcd75c187817eab6631df4c8b451c18d9489151bafd7fb0f8a59e995d504,,Public forum image; creator identity remains on source page
ref-0401,art-references/community-forums/finished-painting-the-base-nemesis-retaliatio-04.jpg,community-forum,https://www.reddit.com/r/NemesisCrew/comments/1o6k8zu/finished_painting_the_base_nemesis_retaliation,https://preview.redd.it/p8qs1c14t3vf1.jpg?width=108&crop=smart&auto=webp&s=66ebe2fa5cb7fe4f16c5d6d9714d83c7100c8128,Finished painting the base Nemesis Retaliation : NemesisCrew — image 4,Reddit contributor (see source page),Assume all rights reserved; reference only; attribution/permission required,base-game;character;color-reference;community;painted-miniatures,downloaded,108,81,4112,1496253255d9aac8a1a301ff82f931c0ff70672609f04a3e5a1f3b248dfcd235,,Public forum image; creator identity remains on source page
ref-0402,art-references/community-forums/finished-painting-the-base-nemesis-retaliatio-05.jpg,community-forum,https://www.reddit.com/r/NemesisCrew/comments/1o6k8zu/finished_painting_the_base_nemesis_retaliation,https://preview.redd.it/u4y4fb14t3vf1.jpg?width=108&crop=smart&auto=webp&s=8ff52251e93ece30f3117d06709e511e8cdcd244,Finished painting the base Nemesis Retaliation : NemesisCrew — image 5,Reddit contributor (see source page),Assume all rights reserved; reference only; attribution/permission required,base-game;character;color-reference;community;painted-miniatures,downloaded,108,81,4084,d932131e7b465b414a646355e328dfdba5b985eddd7aeb7ff9bff068b6ca4c9e,,Public forum image; creator identity remains on source page
ref-0403,art-references/community-forums/finished-painting-the-base-nemesis-retaliatio-06.jpg,community-forum,https://www.reddit.com/r/NemesisCrew/comments/1o6k8zu/finished_painting_the_base_nemesis_retaliation,https://preview.redd.it/ycaxoi14t3vf1.jpg?width=108&crop=smart&auto=webp&s=7d10e4e5ebe1b81f9e26a7dac657e6f00f38a1d1,Finished painting the base Nemesis Retaliation : NemesisCrew — image 6,Reddit contributor (see source page),Assume all rights reserved; reference only; attribution/permission required,base-game;character;color-reference;community;painted-miniatures,downloaded,108,81,4246,5b0991d8f2b437b273eac2fe5d192bfe4a568b7e9ea9aa72774dc64aa536171e,,Public forum image; creator identity remains on source page
ref-0404,art-references/community-forums/finished-painting-the-base-nemesis-retaliatio-07.jpg,community-forum,https://www.reddit.com/r/NemesisCrew/comments/1o6k8zu/finished_painting_the_base_nemesis_retaliation,https://preview.redd.it/z4x5vc14t3vf1.jpg?width=108&crop=smart&auto=webp&s=452e90cd1c65be2c116f1f1d43c749da917d6286,Finished painting the base Nemesis Retaliation : NemesisCrew — image 7,Reddit contributor (see source page),Assume all rights reserved; reference only; attribution/permission required,base-game;character;color-reference;community;painted-miniatures,downloaded,108,81,3884,1ff890dda968ab0fd273770509c36d5bd169d747ca564f07bd1c7cc4ed495910,,Public forum image; creator identity remains on source page
ref-0405,art-references/community-forums/finished-painting-the-base-nemesis-retaliatio-08.jpg,community-forum,https://www.reddit.com/r/NemesisCrew/comments/1o6k8zu/finished_painting_the_base_nemesis_retaliation,https://preview.redd.it/46hwdm14t3vf1.jpg?width=108&crop=smart&auto=webp&s=f4ee8e30adf6c4bc77d761a66cc0814dfe0797a4,Finished painting the base Nemesis Retaliation : NemesisCrew — image 8,Reddit contributor (see source page),Assume all rights reserved; reference only; attribution/permission required,base-game;character;color-reference;community;painted-miniatures,downloaded,108,81,3871,2524280341eb140ece839017ee1528959502e4569fa7f3c2c32fadea19fa3732,,Public forum image; creator identity remains on source page
ref-0406,art-references/community-forums/finished-painting-the-base-nemesis-retaliatio-09.jpg,community-forum,https://www.reddit.com/r/NemesisCrew/comments/1o6k8zu/finished_painting_the_base_nemesis_retaliation,https://preview.redd.it/h5k4cc14t3vf1.jpg?width=108&crop=smart&auto=webp&s=5ed87b9b3b80b8c985235e3d3bb4e93b9f3bd154,Finished painting the base Nemesis Retaliation : NemesisCrew — image 9,Reddit contributor (see source page),Assume all rights reserved; reference only; attribution/permission required,base-game;character;color-reference;community;painted-miniatures,downloaded,108,81,4252,319a42e0bb489aa13715c9a1e9b3a0dba842ee65271ea59d2e404807b11b5f97,,Public forum image; creator identity remains on source page
ref-0407,art-references/community-forums/finished-painting-the-base-nemesis-retaliatio-10.jpg,community-forum,https://www.reddit.com/r/NemesisCrew/comments/1o6k8zu/finished_painting_the_base_nemesis_retaliation,https://preview.redd.it/9frrnc14t3vf1.jpg?width=108&crop=smart&auto=webp&s=24f1bdcae415f7672eb17422f5e01bfcd21d5ff6,Finished painting the base Nemesis Retaliation : NemesisCrew — image 10,Reddit contributor (see source page),Assume all rights reserved; reference only; attribution/permission required,base-game;character;color-reference;community;painted-miniatures,downloaded,108,81,4074,ae106c0418e71dd7d1e745c3bd5a65cc483b6a98285a4ab41cc1aab34f4b8e11,,Public forum image; creator identity remains on source page
ref-0408,art-references/community-forums/finished-painting-the-base-nemesis-retaliatio-11.jpg,community-forum,https://www.reddit.com/r/NemesisCrew/comments/1o6k8zu/finished_painting_the_base_nemesis_retaliation,https://preview.redd.it/39rbkc14t3vf1.jpg?width=108&crop=smart&auto=webp&s=fda7e7be3bbe30e9b8b84ad88803579815891aa7,Finished painting the base Nemesis Retaliation : NemesisCrew — image 11,Reddit contributor (see source page),Assume all rights reserved; reference only; attribution/permission required,base-game;character;color-reference;community;painted-miniatures,downloaded,108,81,4046,ed4c585d62865b447ea129216036feb2490a7076c509cf97891ead5a195b32db,,Public forum image; creator identity remains on source page
ref-0409,art-references/community-forums/finished-painting-the-base-nemesis-retaliatio-12.jpg,community-forum,https://www.reddit.com/r/NemesisCrew/comments/1o6k8zu/finished_painting_the_base_nemesis_retaliation,https://preview.redd.it/ygaaoc14t3vf1.jpg?width=108&crop=smart&auto=webp&s=1a40df1babb08af538688bfc39e78bab6ba8ed36,Finished painting the base Nemesis Retaliation : NemesisCrew — image 12,Reddit contributor (see source page),Assume all rights reserved; reference only; attribution/permission required,base-game;character;color-reference;community;painted-miniatures,downloaded,108,81,3645,0945d8140ad61840bbfbac1e8df1641b61615580c645f9f4622f3fee93e16ccd,,Public forum image; creator identity remains on source page
ref-0410,art-references/community-forums/painted-terrain-pack-characters-for-nemesis-r-01.jpg,community-forum,https://www.reddit.com/r/NemesisCrew/comments/1ov5b3x/painted_terrain_pack_characters_for_nemesis,https://preview.redd.it/35z36v2swt0g1.jpg?width=108&crop=smart&auto=webp&s=b1352437b9f5e506ee4395577cb0600b975c4e85,Painted Terrain Pack & Characters for Nemesis Retaliation! : NemesisCrew — image 1,Reddit contributor (see source page),Assume all rights reserved; reference only; attribution/permission required,character;characters;color-reference;community;models;paint-reference;terrain,downloaded,108,81,3555,a8d694038d4e77145e0d892badab77f2e143aab41aa10e82165f5006adac0ef7,,Public forum image; creator identity remains on source page
ref-0411,art-references/community-forums/painted-terrain-pack-characters-for-nemesis-r-02.jpg,community-forum,https://www.reddit.com/r/NemesisCrew/comments/1ov5b3x/painted_terrain_pack_characters_for_nemesis,https://preview.redd.it/ftla2m3swt0g1.jpg?width=108&crop=smart&auto=webp&s=017e549d3a5aa0021d037adea64ff815f0c3f891,Painted Terrain Pack & Characters for Nemesis Retaliation! : NemesisCrew — image 2,Reddit contributor (see source page),Assume all rights reserved; reference only; attribution/permission required,character;characters;color-reference;community;models;paint-reference;terrain,downloaded,108,81,3883,bf5c5fb5c2d6e6a15b1dd1689e56c7f97a61721f25ed0b3ea6fcd408cc7a78d2,,Public forum image; creator identity remains on source page
ref-0412,art-references/community-forums/painted-terrain-pack-characters-for-nemesis-r-03.jpg,community-forum,https://www.reddit.com/r/NemesisCrew/comments/1ov5b3x/painted_terrain_pack_characters_for_nemesis,https://preview.redd.it/zzx0wu2swt0g1.jpg?width=108&crop=smart&auto=webp&s=7ddf44bc1ef637786c56f4005b865f9c878d1d37,Painted Terrain Pack & Characters for Nemesis Retaliation! : NemesisCrew — image 3,Reddit contributor (see source page),Assume all rights reserved; reference only; attribution/permission required,character;characters;color-reference;community;models;paint-reference;terrain,downloaded,108,71,3378,d3994457d850f20f4d0c9a437d1b7f8eecfa2525acf8440b53bddfe3a2ac2121,,Public forum image; creator identity remains on source page
ref-0413,art-references/community-forums/painted-terrain-pack-characters-for-nemesis-r-04.jpg,community-forum,https://www.reddit.com/r/NemesisCrew/comments/1ov5b3x/painted_terrain_pack_characters_for_nemesis,https://preview.redd.it/h3xhov2swt0g1.jpg?width=108&crop=smart&auto=webp&s=a5f1ebfd24916dde990bdd65e7d7d1a0d927bf63,Painted Terrain Pack & Characters for Nemesis Retaliation! : NemesisCrew — image 4,Reddit contributor (see source page),Assume all rights reserved; reference only; attribution/permission required,character;characters;color-reference;community;models;paint-reference;terrain,downloaded,108,81,3891,eecad2ac00d37f7cb6a965f9160f697281dc91c510710ac622060cc322894ca1,,Public forum image; creator identity remains on source page
ref-0414,art-references/community-forums/painted-terrain-pack-characters-for-nemesis-r-05.jpg,community-forum,https://www.reddit.com/r/NemesisCrew/comments/1ov5b3x/painted_terrain_pack_characters_for_nemesis,https://preview.redd.it/s9jzbs2swt0g1.jpg?width=108&crop=smart&auto=webp&s=64d6fd483ba631ccf5fa95da69c5572ef98875b4,Painted Terrain Pack & Characters for Nemesis Retaliation! : NemesisCrew — image 5,Reddit contributor (see source page),Assume all rights reserved; reference only; attribution/permission required,character;characters;color-reference;community;models;paint-reference;terrain,downloaded,108,141,5000,09223e251bef4c680794529319b1d1653e6affe5e14cc3fa8943ad3b461a529e,,Public forum image; creator identity remains on source page
ref-0415,art-references/community-forums/painted-terrain-pack-characters-for-nemesis-r-06.jpg,community-forum,https://www.reddit.com/r/NemesisCrew/comments/1ov5b3x/painted_terrain_pack_characters_for_nemesis,https://preview.redd.it/o4hu8d3swt0g1.jpg?width=108&crop=smart&auto=webp&s=22f9d08792b3799ead2b491bce3c76f9e5649b8e,Painted Terrain Pack & Characters for Nemesis Retaliation! : NemesisCrew — image 6,Reddit contributor (see source page),Assume all rights reserved; reference only; attribution/permission required,character;characters;color-reference;community;models;paint-reference;terrain,downloaded,108,81,3820,fe3ba9308d0cb3466e47681b0e98ef1f117951f5224408fed37f532c11a226d0,,Public forum image; creator identity remains on source page
ref-0416,art-references/community-forums/painted-terrain-pack-characters-for-nemesis-r-07.jpg,community-forum,https://www.reddit.com/r/NemesisCrew/comments/1ov5b3x/painted_terrain_pack_characters_for_nemesis,https://preview.redd.it/4ol4gw2swt0g1.jpg?width=108&crop=smart&auto=webp&s=0660471b1ce36d4d81b6e01e828232136bfa276d,Painted Terrain Pack & Characters for Nemesis Retaliation! : NemesisCrew — image 7,Reddit contributor (see source page),Assume all rights reserved; reference only; attribution/permission required,character;characters;color-reference;community;models;paint-reference;terrain,downloaded,108,81,3442,e158a6adfa4a535bcad164594b07b1e25034ed35398005e7da903257e79963be,,Public forum image; creator identity remains on source page
ref-0417,art-references/community-forums/painted-terrain-pack-characters-for-nemesis-r-08.jpg,community-forum,https://www.reddit.com/r/NemesisCrew/comments/1ov5b3x/painted_terrain_pack_characters_for_nemesis,https://preview.redd.it/00x9dw2swt0g1.jpg?width=108&crop=smart&auto=webp&s=539d89459fa6992404a0749d3f759377da1f6afa,Painted Terrain Pack & Characters for Nemesis Retaliation! : NemesisCrew — image 8,Reddit contributor (see source page),Assume all rights reserved; reference only; attribution/permission required,character;characters;color-reference;community;models;paint-reference;terrain,downloaded,108,81,3486,4792a221c29449b65156188c41ac8f780f6695d2ffd2de8f77b917366b0ba63a,,Public forum image; creator identity remains on source page
ref-0418,art-references/community-forums/painted-terrain-pack-characters-for-nemesis-r-09.jpg,community-forum,https://www.reddit.com/r/NemesisCrew/comments/1ov5b3x/painted_terrain_pack_characters_for_nemesis,https://preview.redd.it/j18o3w2swt0g1.jpg?width=108&crop=smart&auto=webp&s=1179220b3c80b32384d5a9dbd4e9a53d135e697f,Painted Terrain Pack & Characters for Nemesis Retaliation! : NemesisCrew — image 9,Reddit contributor (see source page),Assume all rights reserved; reference only; attribution/permission required,character;characters;color-reference;community;models;paint-reference;terrain,downloaded,108,81,3550,abfe79338ec3689a58f94ef014579d86bf4bae48b419e732f56107b3d468b804,,Public forum image; creator identity remains on source page
ref-0419,art-references/community-forums/painted-terrain-pack-characters-for-nemesis-r-10.jpg,community-forum,https://www.reddit.com/r/NemesisCrew/comments/1ov5b3x/painted_terrain_pack_characters_for_nemesis,https://preview.redd.it/jirf1r3swt0g1.jpg?width=108&crop=smart&auto=webp&s=526ea0979561127c6d510c1508e091874ab047c8,Painted Terrain Pack & Characters for Nemesis Retaliation! : NemesisCrew — image 10,Reddit contributor (see source page),Assume all rights reserved; reference only; attribution/permission required,character;characters;color-reference;community;models;paint-reference;terrain,downloaded,108,81,3505,5127feaa1cf84fe211f07222a01c2191e4a9b365e42dd8c1ed0dcb7f7ecdacd9,,Public forum image; creator identity remains on source page
ref-0420,art-references/community-forums/painted-terrain-pack-characters-for-nemesis-r-11.jpg,community-forum,https://www.reddit.com/r/NemesisCrew/comments/1ov5b3x/painted_terrain_pack_characters_for_nemesis,https://preview.redd.it/ugkbev2swt0g1.jpg?width=108&crop=smart&auto=webp&s=17256070272d782fa8331ff64ef726d7bbc1b517,Painted Terrain Pack & Characters for Nemesis Retaliation! : NemesisCrew — image 11,Reddit contributor (see source page),Assume all rights reserved; reference only; attribution/permission required,character;characters;color-reference;community;models;paint-reference;terrain,downloaded,108,81,3378,607c60615ae8f882bd16938ec8bc5d7096eee533812090af36171b3cf0ea1169,,Public forum image; creator identity remains on source page
ref-0421,art-references/community-forums/painted-terrain-pack-characters-for-nemesis-r-12.jpg,community-forum,https://www.reddit.com/r/NemesisCrew/comments/1ov5b3x/painted_terrain_pack_characters_for_nemesis,https://preview.redd.it/616ppc3swt0g1.jpg?width=108&crop=smart&auto=webp&s=6bb586b558f0750c381ecf6779c86bb969905111,Painted Terrain Pack & Characters for Nemesis Retaliation! : NemesisCrew — image 12,Reddit contributor (see source page),Assume all rights reserved; reference only; attribution/permission required,character;characters;color-reference;community;models;paint-reference;terrain,downloaded,108,81,3505,47a1f9a317f1a71db9f1961c22015383345559729685c0bfc22b9f0ddbb5eb99,,Public forum image; creator identity remains on source page
ref-0422,art-references/community-forums/nemesis-retaliation-core-box-intruders-nemesi-01.jpg,community-forum,https://www.reddit.com/r/NemesisCrew/comments/1obuf4n/nemesis_retaliation_core_box_intruders,https://preview.redd.it/04gijahi4cwf1.jpg?width=108&crop=smart&auto=webp&s=417a12011ae561fd69fd0c222a9e860c8e1671f9,Nemesis Retaliation : Core Box intruders : NemesisCrew — image 1,Reddit contributor (see source page),Assume all rights reserved; reference only; attribution/permission required,character;color-reference;community;intruders;models,downloaded,108,56,3090,0095fac0ca8ec03daffcf88230c226b302a39719adb90263b42060bbc3215b95,,Public forum image; creator identity remains on source page
ref-0423,art-references/community-forums/nemesis-retaliation-core-box-intruders-nemesi-02.jpg,community-forum,https://www.reddit.com/r/NemesisCrew/comments/1obuf4n/nemesis_retaliation_core_box_intruders,https://preview.redd.it/zhsxk9hi4cwf1.jpg?width=108&crop=smart&auto=webp&s=404573a48a9af0aab1eabaa4e2fba67574997446,Nemesis Retaliation : Core Box intruders : NemesisCrew — image 2,Reddit contributor (see source page),Assume all rights reserved; reference only; attribution/permission required,character;color-reference;community;intruders;models,downloaded,108,70,3596,1b1c8abbaccd1e8e81094b89c0e6a0fc82a6011c4c7cbebdf4492d7746107e4e,,Public forum image; creator identity remains on source page
ref-0424,art-references/community-forums/nemesis-retaliation-core-box-intruders-nemesi-03.jpg,community-forum,https://www.reddit.com/r/NemesisCrew/comments/1obuf4n/nemesis_retaliation_core_box_intruders,https://preview.redd.it/axhuh8hi4cwf1.jpg?width=108&crop=smart&auto=webp&s=0e134a3fc2e2ebd7d5a8853bcb0ae62cd720592f,Nemesis Retaliation : Core Box intruders : NemesisCrew — image 3,Reddit contributor (see source page),Assume all rights reserved; reference only; attribution/permission required,character;color-reference;community;intruders;models,downloaded,108,76,4104,5bb8793ca812ca1082c6f401b8029a6c515ed21c562e4249bdd2e216c915b993,,Public forum image; creator identity remains on source page
ref-0425,art-references/community-forums/nemesis-retaliation-core-box-intruders-nemesi-04.jpg,community-forum,https://www.reddit.com/r/NemesisCrew/comments/1obuf4n/nemesis_retaliation_core_box_intruders,https://preview.redd.it/bwcxpchi4cwf1.jpg?width=108&crop=smart&auto=webp&s=804ddeac931e58410c5b98a60433879d73d87441,Nemesis Retaliation : Core Box intruders : NemesisCrew — image 4,Reddit contributor (see source page),Assume all rights reserved; reference only; attribution/permission required,character;color-reference;community;intruders;models,downloaded,108,85,4752,1583e364bf1f0711bd2230def9054cf8b3fef2c4ef7a8d99d159a8773f96119f,,Public forum image; creator identity remains on source page
ref-0426,art-references/community-forums/nemesis-retaliation-core-box-intruders-nemesi-05.jpg,community-forum,https://www.reddit.com/r/NemesisCrew/comments/1obuf4n/nemesis_retaliation_core_box_intruders,https://preview.redd.it/bcdzr0ki4cwf1.jpg?width=108&crop=smart&auto=webp&s=05094ed43d26f51797d181ed78b72b8896ed1be8,Nemesis Retaliation : Core Box intruders : NemesisCrew — image 5,Reddit contributor (see source page),Assume all rights reserved; reference only; attribution/permission required,character;color-reference;community;intruders;models,downloaded,108,140,3785,e4524b88665fee1cd646dab25e23f28476c162cf33890da0c1254ef8ce8b5be0,,Public forum image; creator identity remains on source page
ref-0427,art-references/community-forums/nemesis-retaliation-core-box-intruders-nemesi-06.jpg,community-forum,https://www.reddit.com/r/NemesisCrew/comments/1obuf4n/nemesis_retaliation_core_box_intruders,https://preview.redd.it/04gijahi4cwf1.jpg?width=5346&format=pjpg&auto=webp&s=b50cb9417bb63c34952efb4efe90d4466c36a1a9,Nemesis Retaliation : Core Box intruders : NemesisCrew — image 6,Reddit contributor (see source page),Assume all rights reserved; reference only; attribution/permission required,character;color-reference;community;intruders;models,downloaded,3000,1572,949179,3ff511064d02f93305b3ca502397da62636e3f3008287140734483e70e2d3614,,Public forum image; creator identity remains on source page
ref-0428,art-references/community-forums/nemesis-retaliation-core-box-intruders-nemesi-07.jpg,community-forum,https://www.reddit.com/r/NemesisCrew/comments/1obuf4n/nemesis_retaliation_core_box_intruders,https://preview.redd.it/04gijahi4cwf1.jpg?width=960&crop=smart&auto=webp&s=b10d2bdc607f64c78b6ea7b8f1a50a87e0958133,Nemesis Retaliation : Core Box intruders : NemesisCrew — image 7,Reddit contributor (see source page),Assume all rights reserved; reference only; attribution/permission required,character;color-reference;community;intruders;models,downloaded,960,503,129540,0d861a39356e6f0895974ba59bc1da793b560cdb1ed51f481300c166520fa05f,,Public forum image; creator identity remains on source page
ref-0429,art-references/community-forums/nemesis-retaliation-core-box-intruders-nemesi-08.jpg,community-forum,https://www.reddit.com/r/NemesisCrew/comments/1obuf4n/nemesis_retaliation_core_box_intruders,https://preview.redd.it/zhsxk9hi4cwf1.jpg?width=4646&format=pjpg&auto=webp&s=87b7f5de3f74e82d9e24cf34d2fb79caad426b7b,Nemesis Retaliation : Core Box intruders : NemesisCrew — image 8,Reddit contributor (see source page),Assume all rights reserved; reference only; attribution/permission required,character;color-reference;community;intruders;models,downloaded,3000,1954,1399605,ff69f8679277c4c1ff3c788a82938ecd8d8cb6b41c7a8159a478829d6a7bd93e,,Public forum image; creator identity remains on source page
ref-0430,art-references/community-forums/nemesis-retaliation-core-box-intruders-nemesi-09.jpg,community-forum,https://www.reddit.com/r/NemesisCrew/comments/1obuf4n/nemesis_retaliation_core_box_intruders,https://preview.redd.it/zhsxk9hi4cwf1.jpg?width=960&crop=smart&auto=webp&s=92e1f5b8f0d14ca3951403f3341927d4693035d4,Nemesis Retaliation : Core Box intruders : NemesisCrew — image 9,Reddit contributor (see source page),Assume all rights reserved; reference only; attribution/permission required,character;color-reference;community;intruders;models,downloaded,960,625,175428,892183068f240e16b5c6b449cac161c6f5285699441d2c8f794d06afa8652b19,,Public forum image; creator identity remains on source page
ref-0431,art-references/community-forums/nemesis-retaliation-core-box-intruders-nemesi-10.jpg,community-forum,https://www.reddit.com/r/NemesisCrew/comments/1obuf4n/nemesis_retaliation_core_box_intruders,https://preview.redd.it/axhuh8hi4cwf1.jpg?width=4810&format=pjpg&auto=webp&s=0d16166d2f70fe0e6af68d7ae9ba3efc7285c1e6,Nemesis Retaliation : Core Box intruders : NemesisCrew — image 10,Reddit contributor (see source page),Assume all rights reserved; reference only; attribution/permission required,character;color-reference;community;intruders;models,downloaded,3000,2121,1320429,37d82cde1fb3c4dc76d984c968c8812803b67e0ff7fbcb1122dfddc3ca1b0260,,Public forum image; creator identity remains on source page
ref-0432,art-references/community-forums/nemesis-retaliation-core-box-intruders-nemesi-11.jpg,community-forum,https://www.reddit.com/r/NemesisCrew/comments/1obuf4n/nemesis_retaliation_core_box_intruders,https://preview.redd.it/axhuh8hi4cwf1.jpg?width=960&crop=smart&auto=webp&s=d328467b51f9ef4a0ba367c2d25a45d4583ab70d,Nemesis Retaliation : Core Box intruders : NemesisCrew — image 11,Reddit contributor (see source page),Assume all rights reserved; reference only; attribution/permission required,character;color-reference;community;intruders;models,downloaded,960,678,177842,d283de4f86ba172ae3f49ef81854926e54d8bb9fc79c8a61e16f9739d56a8c0e,,Public forum image; creator identity remains on source page
ref-0433,art-references/community-forums/nemesis-retaliation-core-box-intruders-nemesi-12.jpg,community-forum,https://www.reddit.com/r/NemesisCrew/comments/1obuf4n/nemesis_retaliation_core_box_intruders,https://preview.redd.it/bwcxpchi4cwf1.jpg?width=3985&format=pjpg&auto=webp&s=201175be080b1cfbdc5b650323f6d133c8020588,Nemesis Retaliation : Core Box intruders : NemesisCrew — image 12,Reddit contributor (see source page),Assume all rights reserved; reference only; attribution/permission required,character;color-reference;community;intruders;models,downloaded,3000,2386,1028690,4941620d894c38d44e0795e9b4f6dd0ed45e17d434145af1e225ec4bfe09b5f4,,Public forum image; creator identity remains on source page
